order_id,customer_id,product_id,order_date,ship_date,region,ship_mode,quantity,unit_price,discount,sales_amount
ORD001674,CUST00858,PROD0053,05-06-2022,08-06-2022,Latin America,Same Day,10,457.67,0,4576.7
ORD002560,CUST00241,PROD0057,20-05-2023,21-05-2023,Latin America,Standard Class,10,224.76,0,2247.6
ORD002009,CUST00704,PROD0101,10-11-2024,11-11-2024,North America,Standard Class,2,576.35,0.05,1095.07
ORD000862,CUST00207,PROD0061,15-08-2022,17-08-2022,Asia Pacific,Standard Class,2,546.36,0.05,1038.08
ORD000928,CUST00115,PROD0083,10-10-2024,15-10-2024,Asia Pacific,Standard Class,9,14.31,0.1,115.91
ORD000921,CUST00448,PROD0039,04-01-2023,10-01-2023,Asia Pacific,First Class,1,498.11,0.15,423.39
ORD000195,CUST00758,PROD0009,20-09-2022,21-09-2022,North America,Standard Class,5,232.46,0.1,1046.07
ORD000419,CUST00548,PROD0021,26-12-2024,02-01-2025,Asia Pacific,Standard Class,8,563.08,0,4504.64
ORD003158,CUST00523,PROD0104,18-03-2024,22-03-2024,North America,First Class,9,256.59,0.15,1962.91
ORD002456,CUST00774,PROD0010,04-07-2022,11-07-2022,North America,Standard Class,7,101.95,0.2,570.92
ORD002842,CUST00042,PROD0021,20-08-2023,24-08-2023,Asia Pacific,First Class,8,563.08,0.15,3828.94
ORD000883,CUST00040,PROD0045,15-11-2024,18-11-2024,Latin America,Same Day,1,62.78,0.05,59.64
ORD001959,CUST00357,PROD0101,11-10-2024,18-10-2024,Europe,Second Class,1,576.35,0,576.35
ORD003138,CUST00030,PROD0108,07-07-2023,09-07-2023,Asia Pacific,First Class,3,264.17,0,792.51
ORD001988,CUST00855,PROD0019,06-03-2022,08-03-2022,Asia Pacific,Standard Class,2,277.53,,444.05
ORD002762,CUST00526,PROD0007,14-11-2023,18-11-2023,North America,Same Day,10,157,0.05,1491.5
ORD000074,CUST00716,PROD0016,21-03-2022,22-03-2022,Asia Pacific,Second Class,3,100.98,0,302.94
ORD001266,CUST00464,PROD0100,07-04-2024,13-04-2024,Asia Pacific,First Class,3,160.34,0.2,384.82
ORD001980,CUST00111,PROD0008,16-04-2024,21-04-2024,Europe,Standard Class,5,508.54,0.2,2034.16
ORD002705,CUST00447,PROD0086,23-05-2023,28-05-2023,Europe,Same Day,6,118.96,0.2,571.01
ORD002684,CUST00902,PROD0090,18-08-2023,23-08-2023,Asia Pacific,Second Class,9,309.43,0,2784.87
ORD001110,CUST00204,PROD0065,02-06-2023,06-06-2023,North America,Second Class,4,47.55,0,190.2
ORD002052,CUST00904,PROD0060,20-05-2024,27-05-2024,Asia Pacific,Second Class,7,245.79,0.15,1462.45
ORD002419,CUST00001,PROD0043,08-03-2023,11-03-2023,North America,Second Class,3,470.55,0.15,1199.9
ORD001088,CUST00478,PROD0028,17-09-2022,23-09-2022,Europe,Standard Class,3,21.47,0,64.41
ORD002734,CUST00045,PROD0101,22-11-2024,26-11-2024,Latin America,Second Class,9,576.35,0,5187.15
ORD001523,CUST00360,PROD0050,29-01-2023,31-01-2023,,Standard Class,7,224.78,0,1573.46
ORD001572,CUST00106,PROD0060,27-08-2024,29-08-2024,North America,Standard Class,5,245.79,0,1228.95
ORD000062,CUST00767,PROD0076,08-11-2024,10-11-2024,Europe,Standard Class,6,393.52,0,2361.12
ORD002466,CUST00537,PROD0101,19-06-2023,25-06-2023,Latin America,Standard Class,7,576.35,0,4034.45
ORD002770,CUST00694,PROD0055,07-06-2022,09-06-2022,North America,First Class,2,222.38,0,444.76
ORD001753,CUST00368,PROD0020,09-05-2024,11-05-2024,North America,First Class,6,391.71,0.15,1997.72
ORD002860,CUST00271,PROD0071,20-10-2023,27-10-2023,North America,Second Class,10,567.98,0,5679.8
ORD002209,CUST00284,PROD0036,09-05-2024,12-05-2024,Europe,,9,239.9,0.05,2051.14
ORD003157,CUST00254,PROD0099,06-07-2024,,Europe,Standard Class,10,330.98,0,3309.8
ORD002178,CUST00600,PROD0025,22-11-2024,25-11-2024,Asia Pacific,Standard Class,9,109.89,0.15,840.66
ORD001828,CUST00279,PROD0004,07-03-2024,12-03-2024,Europe,Second Class,5,503.13,0.15,2138.3
ORD000120,CUST00205,PROD0066,08-04-2024,10-04-2024,Europe,Second Class,7,339.91,0.05,2260.4
ORD001377,CUST00860,PROD0010,16-06-2024,17-06-2024,Europe,Same Day,9,101.95,0.05,871.67
ORD000228,CUST00862,PROD0058,03-08-2024,07-08-2024,Asia Pacific,Same Day,10,265.81,0,2658.1
ORD001077,CUST00100,PROD0068,30-08-2022,31-08-2022,Latin America,Standard Class,6,147.64,0.1,797.26
ORD002340,CUST00371,PROD0108,28-06-2023,30-06-2023,Latin America,Same Day,2,264.17,0.2,422.67
ORD001411,CUST00016,PROD0094,09-07-2023,16-07-2023,North America,Standard Class,6,585.09,0.15,2983.96
ORD001837,CUST00188,PROD0099,14-04-2022,,Asia Pacific,Standard Class,8,330.98,0.2,2118.27
ORD001839,CUST00894,PROD0081,15-11-2024,21-11-2024,Latin America,Standard Class,7,29.84,0.2,167.1
ORD001276,CUST00054,PROD0082,17-06-2023,19-06-2023,North America,Standard Class,10,542.12,0.1,4879.08
ORD001605,CUST00750,PROD0084,02-12-2024,08-12-2024,North America,First Class,3,435.65,0,1306.95
ORD000888,CUST00799,PROD0073,19-07-2022,22-07-2022,Asia Pacific,Standard Class,2,171.97,0.15,292.35
ORD002647,CUST00126,PROD0005,14-05-2023,15-05-2023,Europe,Standard Class,10,410.11,0.15,3485.94
ORD000274,CUST00503,PROD0105,17-07-2024,23-07-2024,Asia Pacific,First Class,3,492.55,0.15,1256
ORD001852,CUST00704,PROD0109,29-04-2024,02-05-2024,Asia Pacific,Second Class,10,15.42,0.2,123.36
ORD000366,CUST00521,PROD0043,04-06-2023,09-06-2023,North America,Standard Class,9,470.55,0.1,3811.45
ORD002896,CUST00917,PROD0055,22-07-2023,28-07-2023,Asia Pacific,Standard Class,2,222.38,0.15,378.05
ORD001367,CUST00548,PROD0087,13-03-2022,20-03-2022,Asia Pacific,Second Class,3,563.97,0,1691.91
ORD001697,CUST00285,PROD0084,19-02-2022,23-02-2022,Asia Pacific,Standard Class,1,435.65,0.1,392.08
ORD002084,CUST00210,PROD0010,27-10-2022,30-10-2022,Europe,Standard Class,10,101.95,0,1019.5
ORD001453,CUST00195,PROD0068,07-03-2024,14-03-2024,North America,Standard Class,8,147.64,0,1181.12
ORD000697,CUST00786,PROD0094,22-03-2022,24-03-2022,Latin America,Same Day,2,585.09,0.1,1053.16
ORD000530,CUST00983,PROD0020,01-07-2023,07-07-2023,North America,Standard Class,8,391.71,,2820.31
ORD001569,CUST00532,PROD0002,16-05-2022,21-05-2022,Asia Pacific,Same Day,10,368.56,0.1,3317.04
ORD000940,CUST00136,PROD0073,22-08-2023,27-08-2023,Latin America,First Class,5,171.97,0.15,730.87
ORD002303,CUST00465,PROD0038,16-06-2023,22-06-2023,Latin America,Standard Class,3,197,0.1,531.9
ORD002676,CUST00386,PROD0022,27-02-2022,01-03-2022,North America,First Class,4,390.44,0,1561.76
ORD000307,CUST00564,PROD0018,03-02-2022,04-02-2022,Asia Pacific,Standard Class,4,43.23,0.05,164.27
ORD001239,CUST00696,PROD0086,09-06-2023,12-06-2023,Europe,Standard Class,4,118.96,0.2,380.67
ORD002738,CUST00017,PROD0100,14-08-2024,19-08-2024,Latin America,Second Class,2,160.34,0.15,272.58
ORD000770,CUST00858,PROD0054,21-07-2024,28-07-2024,North America,Second Class,4,532.54,0,2130.16
ORD002788,CUST00961,PROD0010,14-12-2022,17-12-2022,Europe,Same Day,8,101.95,0.2,652.48
ORD001274,CUST00358,PROD0052,21-08-2024,22-08-2024,Europe,Second Class,1,524.08,0.2,419.26
ORD002712,CUST00220,PROD0059,31-08-2023,01-09-2023,Latin America,Standard Class,7,278.67,0,1950.69
ORD001631,CUST00431,PROD0007,13-06-2023,16-06-2023,North America,First Class,9,157,0.2,1130.4
ORD002624,CUST00177,PROD0010,14-05-2022,19-05-2022,North America,First Class,6,101.95,0.05,581.12
ORD000449,CUST00891,PROD0015,09-06-2023,11-06-2023,North America,Second Class,4,208.86,0.2,668.35
ORD001375,CUST00412,PROD0035,29-05-2022,01-06-2022,Europe,Standard Class,1,540.44,0,540.44
ORD002452,CUST00243,PROD0078,15-03-2022,19-03-2022,Europe,Second Class,6,324.59,0,1947.54
ORD002328,CUST00373,PROD0073,05-06-2023,12-06-2023,Europe,Same Day,10,171.97,0.15,1461.74
ORD002220,CUST00391,PROD0102,29-08-2024,02-09-2024,Europe,Standard Class,6,86.56,0.05,493.39
ORD002115,CUST00175,PROD0058,25-03-2022,31-03-2022,North America,Second Class,3,265.81,0.2,637.94
ORD002212,CUST00040,PROD0102,22-02-2022,01-03-2022,Latin America,Same Day,6,86.56,0,519.36
ORD002306,CUST00896,PROD0017,05-11-2023,06-11-2023,Europe,Standard Class,8,257.88,0,2063.04
ORD000371,CUST00511,PROD0086,29-05-2023,02-06-2023,Europe,Standard Class,1,118.96,0.2,95.17
ORD001401,CUST00008,PROD0024,22-06-2022,23-06-2022,Latin America,Standard Class,8,261.68,0,2093.44
ORD002487,CUST00091,PROD0059,14-08-2024,17-08-2024,Latin America,Standard Class,7,278.67,0.05,1853.16
ORD000254,CUST00520,PROD0027,31-05-2022,07-06-2022,North America,Standard Class,,152.85,0,1069.95
ORD001659,CUST00357,PROD0078,28-05-2024,30-05-2024,Asia Pacific,Second Class,3,324.59,0.2,779.02
ORD002434,CUST00100,PROD0011,03-02-2024,05-02-2024,Europe,Standard Class,9,168.15,0.1,1362.02
ORD002802,CUST00752,PROD0110,07-03-2022,11-03-2022,Latin America,Standard Class,6,453.31,0,2719.86
ORD001873,CUST00404,PROD0101,27-02-2024,05-03-2024,Asia Pacific,Standard Class,7,576.35,0,4034.45
ORD002943,CUST00426,PROD0029,15-11-2022,22-11-2022,Europe,Standard Class,9,159.41,0.2,1147.75
ORD001302,CUST00344,PROD0096,04-04-2023,07-04-2023,Asia Pacific,Standard Class,6,343.31,0.2,1647.89
ORD001002,CUST00831,PROD0011,24-05-2023,30-05-2023,North America,Standard Class,4,168.15,0,672.6
ORD000503,CUST00856,PROD0073,31-10-2024,01-11-2024,Latin America,Standard Class,3,171.97,0.1,464.32
ORD001541,CUST00106,PROD0025,23-08-2023,26-08-2023,North America,Second Class,4,109.89,0.2,351.65
ORD003183,CUST00180,PROD0089,10-11-2023,11-11-2023,Asia Pacific,First Class,9,143.69,0.15,1099.23
ORD001553,CUST00670,PROD0025,01-06-2024,04-06-2024,North America,First Class,10,109.89,0.2,879.12
ORD003021,CUST00665,PROD0043,09-01-2022,15-01-2022,North America,Standard Class,1,470.55,0,470.55
ORD001341,CUST00477,PROD0032,02-04-2023,09-04-2023,Latin America,Second Class,9,48.7,0.2,350.64
ORD001437,CUST00676,PROD0064,17-08-2022,20-08-2022,Europe,Second Class,1,562.27,0.2,449.82
ORD002146,CUST00960,PROD0036,12-08-2024,17-08-2024,Europe,First Class,4,239.9,0,959.6
ORD001176,CUST00967,PROD0045,25-04-2023,02-05-2023,Latin America,Second Class,2,62.78,0.2,100.45
ORD000796,CUST00906,PROD0099,24-04-2023,29-04-2023,North America,Standard Class,10,330.98,,2647.84
ORD000666,CUST00315,PROD0045,20-11-2023,24-11-2023,Latin America,Same Day,2,62.78,0.2,100.45
ORD002194,CUST00613,PROD0108,08-06-2024,14-06-2024,Latin America,Second Class,1,264.17,0.15,224.54
ORD001440,CUST00326,PROD0002,16-09-2024,18-09-2024,Europe,Standard Class,2,368.56,0,737.12
ORD000027,CUST00982,PROD0039,21-05-2022,28-05-2022,Asia Pacific,Standard Class,2,498.11,0.15,846.79
ORD002063,CUST00679,PROD0038,16-03-2022,19-03-2022,Europe,Same Day,3,197,0.1,531.9
ORD002119,CUST00914,PROD0067,01-11-2023,04-11-2023,Latin America,Second Class,4,40.64,0.15,138.18
ORD003036,CUST00992,PROD0031,02-10-2024,08-10-2024,Europe,Second Class,1,51.38,0,51.38
ORD000852,CUST00788,PROD0099,05-09-2023,10-09-2023,Asia Pacific,Same Day,9,330.98,0.1,2680.94
ORD000251,CUST00158,PROD0036,31-05-2023,05-06-2023,Europe,Standard Class,6,239.9,0,1439.4
ORD000959,CUST00732,PROD0069,27-07-2024,31-07-2024,Asia Pacific,Standard Class,9,519.47,0.2,3740.18
ORD000835,CUST00028,PROD0114,22-06-2023,26-06-2023,,Standard Class,4,320.6,0.1,1154.16
ORD001030,CUST00465,PROD0044,05-08-2023,07-08-2023,Latin America,Standard Class,7,112.46,0,787.22
ORD002071,CUST00427,PROD0079,21-03-2023,28-03-2023,Latin America,Standard Class,9,301.9,0.05,2581.24
ORD000312,CUST00943,PROD0064,12-05-2024,17-05-2024,North America,Standard Class,7,562.27,0,3935.89
ORD000029,CUST00322,PROD0041,02-12-2022,09-12-2022,Latin America,Standard Class,3,204.65,0.2,491.16
ORD000598,CUST00828,PROD0054,18-12-2024,20-12-2024,Asia Pacific,Standard Class,8,532.54,0.2,3408.26
ORD002693,CUST00684,PROD0018,20-06-2023,22-06-2023,Latin America,Standard Class,6,43.23,0,259.38
ORD002511,CUST00234,PROD0077,21-12-2023,27-12-2023,North America,Standard Class,8,19.56,0,156.48
ORD002464,CUST00745,PROD0082,16-12-2023,17-12-2023,Asia Pacific,Standard Class,3,542.12,0,1626.36
ORD000461,CUST00394,PROD0097,11-11-2023,13-11-2023,Latin America,Second Class,4,497.68,0.2,1592.58
ORD001537,CUST00865,PROD0024,11-04-2023,16-04-2023,Asia Pacific,Same Day,5,261.68,0,1308.4
ORD000199,CUST00478,PROD0062,15-02-2024,19-02-2024,Asia Pacific,First Class,10,41.13,0.05,390.74
ORD001847,CUST00919,PROD0046,15-06-2023,17-06-2023,North America,Standard Class,5,156.09,0,780.45
ORD002966,CUST00410,PROD0111,18-02-2024,25-02-2024,Europe,,2,87.33,0.2,139.73
ORD001307,CUST00219,PROD0108,16-01-2024,21-01-2024,Europe,Same Day,6,264.17,0.2,1268.02
ORD000182,CUST00047,PROD0112,13-02-2023,17-02-2023,North America,,10,229.22,0.05,2177.59
ORD000678,CUST00599,PROD0047,07-07-2022,14-07-2022,North America,Standard Class,7,41.92,0.05,278.77
ORD002083,CUST00953,PROD0036,10-12-2024,12-12-2024,Asia Pacific,Standard Class,5,239.9,0.15,1019.57
ORD001262,CUST00213,PROD0099,12-04-2022,19-04-2022,Latin America,Same Day,4,330.98,0.15,1125.33
ORD000723,CUST00346,PROD0050,08-08-2024,11-08-2024,Europe,Same Day,3,224.78,0.15,573.19
ORD003084,CUST00186,PROD0072,11-08-2024,13-08-2024,North America,Standard Class,5,380.44,0,1902.2
ORD000865,CUST00184,PROD0073,03-07-2024,04-07-2024,North America,Standard Class,5,171.97,0,859.85
ORD000618,CUST00612,PROD0043,31-07-2024,01-08-2024,Asia Pacific,Second Class,3,470.55,,1411.65
ORD001749,CUST00142,PROD0011,12-11-2024,16-11-2024,Europe,Second Class,3,168.15,0,504.45
ORD002563,CUST00613,PROD0048,07-07-2023,11-07-2023,Latin America,Second Class,2,164.65,0.05,312.83
ORD003094,CUST00543,PROD0099,05-08-2024,,Europe,Second Class,7,330.98,0,2316.86
ORD002806,CUST00562,PROD0011,28-04-2022,02-05-2022,Europe,Same Day,3,168.15,0,504.45
ORD001478,CUST00919,PROD0091,04-04-2024,08-04-2024,Asia Pacific,Standard Class,4,595.15,0,2380.6
ORD000614,CUST00899,PROD0085,14-11-2024,19-11-2024,Europe,Second Class,10,174.68,0,1746.8
ORD000281,CUST00392,PROD0082,26-06-2024,03-07-2024,Europe,Standard Class,8,542.12,0.15,3686.42
ORD000348,CUST00706,PROD0058,15-07-2023,17-07-2023,North America,First Class,5,265.81,0.15,1129.69
ORD000270,CUST00356,PROD0064,04-09-2023,08-09-2023,Latin America,Second Class,1,562.27,0,562.27
ORD001000,CUST00333,PROD0115,26-09-2024,01-10-2024,Asia Pacific,Standard Class,5,264.42,0.05,1256
ORD002254,CUST00416,PROD0095,03-11-2023,07-11-2023,Latin America,Standard Class,9,247.15,0,2224.35
ORD002612,CUST00559,PROD0038,22-12-2022,29-12-2022,Europe,Standard Class,2,197,0.1,354.6
ORD002576,CUST00743,PROD0040,22-08-2022,27-08-2022,Latin America,Same Day,10,513.73,0.05,4880.43
ORD002710,CUST00687,PROD0087,05-09-2022,07-09-2022,Asia Pacific,Second Class,5,563.97,0.2,2255.88
ORD002253,CUST00662,PROD0027,02-08-2022,07-08-2022,Asia Pacific,Same Day,5,152.85,0,764.25
ORD002991,CUST00723,PROD0095,22-10-2024,23-10-2024,Asia Pacific,Standard Class,3,247.15,0.05,704.38
ORD000328,CUST00854,PROD0066,14-12-2024,19-12-2024,Europe,Standard Class,6,339.91,0.2,1631.57
ORD002286,CUST00159,PROD0077,11-05-2023,12-05-2023,Europe,Standard Class,1,19.56,0,19.56
ORD001663,CUST00872,PROD0092,12-12-2022,14-12-2022,Latin America,Same Day,5,119.48,0,597.4
ORD000711,CUST00431,PROD0051,24-06-2022,28-06-2022,Asia Pacific,Same Day,3,222.91,0,668.73
ORD001165,CUST00539,PROD0089,15-11-2023,19-11-2023,Latin America,Second Class,8,143.69,0.05,1092.04
ORD001978,CUST00279,PROD0071,20-05-2024,24-05-2024,North America,Standard Class,3,567.98,0,1703.94
ORD001682,CUST00682,PROD0047,08-12-2024,09-12-2024,Asia Pacific,Standard Class,10,41.92,0.1,377.28
ORD000477,CUST00213,PROD0064,05-06-2022,07-06-2022,Asia Pacific,Second Class,1,562.27,0.15,477.93
ORD003101,CUST00036,PROD0006,12-11-2022,14-11-2022,Europe,Standard Class,7,111.99,0,783.93
ORD002435,CUST00531,PROD0084,09-03-2023,13-03-2023,Europe,Second Class,6,435.65,0.15,2221.81
ORD000574,CUST00176,PROD0113,28-11-2024,30-11-2024,Latin America,Same Day,9,270.53,0.05,2313.03
ORD002381,CUST00048,PROD0115,01-12-2023,06-12-2023,Europe,Second Class,5,264.42,0.1,1189.89
ORD001964,CUST00805,PROD0086,21-04-2022,24-04-2022,North America,Second Class,2,118.96,0.1,214.13
ORD000302,CUST00303,PROD0018,02-08-2024,04-08-2024,Europe,Standard Class,1,43.23,0.15,36.75
ORD001026,CUST00561,PROD0003,24-07-2022,28-07-2022,Europe,Second Class,3,456.37,0,1369.11
ORD003025,CUST00765,PROD0002,01-12-2023,06-12-2023,Latin America,First Class,6,368.56,0.1,1990.22
ORD000978,CUST00007,PROD0053,09-11-2023,,North America,Same Day,3,457.67,0.1,1235.71
ORD003001,CUST00894,PROD0034,04-08-2024,07-08-2024,Asia Pacific,Same Day,9,552.82,0,4975.38
ORD000134,CUST00575,PROD0032,12-11-2024,17-11-2024,Latin America,Second Class,5,48.7,0.15,206.97
ORD000950,CUST00769,PROD0106,19-02-2023,22-02-2023,Latin America,Standard Class,5,516.83,0.1,2325.74
ORD001726,CUST00088,PROD0023,28-09-2024,05-10-2024,Europe,Standard Class,6,454.27,0.15,2316.78
ORD000617,CUST00092,PROD0114,04-03-2024,07-03-2024,Europe,Standard Class,3,320.6,0.2,769.44
ORD000822,CUST00387,PROD0018,04-03-2024,07-03-2024,Europe,Standard Class,8,43.23,0,345.84
ORD000441,CUST00240,PROD0016,26-08-2024,28-08-2024,Latin America,Standard Class,4,100.98,0,403.92
ORD001193,CUST00307,PROD0016,10-09-2023,12-09-2023,Europe,Same Day,8,100.98,0.1,727.06
ORD003005,CUST00693,PROD0014,16-06-2023,20-06-2023,Europe,Standard Class,10,6.03,0,60.3
ORD000572,CUST00329,PROD0020,15-09-2022,21-09-2022,North America,Second Class,5,391.71,0.1,1762.69
ORD002592,CUST00221,PROD0108,18-06-2022,,North America,Second Class,8,264.17,0,2113.36
ORD002596,CUST00701,PROD0056,07-03-2022,11-03-2022,Asia Pacific,Standard Class,8,35.09,0.1,252.65
ORD000398,CUST00054,PROD0094,07-03-2022,09-03-2022,North America,Second Class,10,585.09,0.1,5265.81
ORD002638,CUST00035,PROD0106,19-04-2024,24-04-2024,Asia Pacific,Standard Class,8,516.83,0,4134.64
ORD002534,CUST00783,PROD0029,25-12-2024,26-12-2024,Europe,First Class,2,159.41,0,318.82
ORD001167,CUST00673,PROD0068,20-03-2024,23-03-2024,Asia Pacific,Standard Class,9,147.64,0.1,1195.88
ORD002281,CUST00623,PROD0001,10-05-2023,17-05-2023,Latin America,Standard Class,3,276.1,0.15,704.06
ORD001235,CUST00650,PROD0025,22-06-2024,23-06-2024,Asia Pacific,Second Class,4,109.89,0.15,373.63
ORD000981,CUST00102,PROD0109,28-03-2022,04-04-2022,Latin America,Standard Class,4,15.42,0.2,49.34
ORD000196,CUST00049,PROD0015,07-07-2022,13-07-2022,,Same Day,5,208.86,0.15,887.66
ORD001020,CUST00567,PROD0113,12-10-2024,13-10-2024,North America,Second Class,2,270.53,0,541.06
ORD003151,CUST00680,PROD0104,07-05-2023,14-05-2023,Latin America,Second Class,5,256.59,0.05,1218.8
ORD002116,CUST00261,PROD0013,11-05-2022,18-05-2022,Asia Pacific,Same Day,10,142.31,0.15,1209.63
ORD001932,CUST00735,PROD0103,01-03-2024,04-03-2024,North America,Second Class,5,350.94,0,1754.7
ORD000910,CUST00136,PROD0099,11-11-2022,17-11-2022,Europe,Same Day,8,330.98,0,2647.84
ORD002278,CUST00832,PROD0105,31-01-2024,06-02-2024,Europe,Same Day,8,492.55,0.15,3349.34
ORD002521,CUST00622,PROD0112,05-02-2023,09-02-2023,Europe,,10,229.22,0,2292.2
ORD000651,CUST00110,PROD0079,01-11-2023,04-11-2023,Europe,Standard Class,8,301.9,0.15,2052.92
ORD000255,CUST00857,PROD0085,18-04-2022,25-04-2022,Latin America,Second Class,2,174.68,0,349.36
ORD001613,CUST00555,PROD0017,25-09-2023,02-10-2023,North America,Second Class,1,257.88,0.2,206.3
ORD000911,CUST00057,PROD0034,05-11-2024,12-11-2024,Asia Pacific,Same Day,1,552.82,0,552.82
ORD003172,CUST00196,PROD0091,02-08-2024,06-08-2024,North America,Same Day,10,595.15,0.15,5058.77
ORD001966,CUST00335,PROD0042,28-06-2024,29-06-2024,Europe,Second Class,9,48.23,0.05,412.37
ORD003049,CUST00093,PROD0013,25-03-2022,30-03-2022,Latin America,First Class,3,142.31,0,426.93
ORD003096,CUST00496,PROD0098,02-01-2023,09-01-2023,Latin America,First Class,3,365.96,0,1097.88
ORD003054,CUST00895,PROD0037,24-06-2024,30-06-2024,Europe,Standard Class,9,517.48,0,4657.32
ORD001337,CUST00589,PROD0052,08-05-2022,12-05-2022,Latin America,Second Class,7,524.08,0,3668.56
ORD003007,CUST00392,PROD0055,14-04-2023,20-04-2023,North America,Standard Class,10,222.38,0.05,2112.61
ORD001893,CUST00026,PROD0110,12-01-2024,14-01-2024,Latin America,Same Day,1,453.31,0.05,430.64
ORD003121,CUST00451,PROD0032,11-02-2023,13-02-2023,Latin America,Second Class,4,48.7,0.2,155.84
ORD000640,CUST00075,PROD0076,25-06-2024,29-06-2024,Asia Pacific,First Class,3,393.52,0.05,1121.53
ORD001124,CUST00756,PROD0021,13-08-2023,14-08-2023,Europe,Standard Class,10,563.08,0,5630.8
ORD001275,CUST00427,PROD0102,02-01-2022,05-01-2022,Europe,Standard Class,2,86.56,0.1,155.81
ORD002463,CUST00749,PROD0099,06-09-2023,09-09-2023,Europe,Standard Class,4,330.98,0.05,1257.72
ORD001136,CUST00323,PROD0004,06-04-2024,13-04-2024,Latin America,Second Class,9,503.13,0.15,3848.94
ORD000721,CUST00517,PROD0009,29-06-2023,01-07-2023,North America,First Class,9,232.46,0.2,1673.71
ORD000065,CUST00262,PROD0088,25-10-2022,31-10-2022,Asia Pacific,Second Class,7,409.08,0.1,2577.2
ORD001303,CUST00313,PROD0062,03-04-2022,06-04-2022,North America,Second Class,4,41.13,0,164.52
ORD001909,CUST00942,PROD0017,23-05-2022,26-05-2022,North America,Standard Class,2,257.88,0,515.76
ORD003103,CUST00595,PROD0103,06-09-2022,11-09-2022,North America,Second Class,8,350.94,0,2807.52
ORD000489,CUST00672,PROD0054,25-06-2022,28-06-2022,North America,Standard Class,6,532.54,0,3195.24
ORD001559,CUST00928,PROD0100,07-02-2023,09-02-2023,Europe,Standard Class,7,160.34,0,1122.38
ORD002677,CUST00601,PROD0027,25-04-2024,02-05-2024,Asia Pacific,Same Day,9,152.85,0,1375.65
ORD002162,CUST00906,PROD0064,26-03-2024,01-04-2024,North America,Standard Class,9,562.27,0,5060.43
ORD000086,CUST00999,PROD0057,10-06-2023,11-06-2023,Latin America,Second Class,2,224.76,0.2,359.62
ORD001460,CUST00792,PROD0075,05-11-2022,06-11-2022,North America,First Class,1,112.08,0,112.08
ORD002072,CUST00921,PROD0079,29-05-2022,05-06-2022,Europe,First Class,7,301.9,0,2113.3
ORD000177,CUST00339,PROD0041,14-06-2024,21-06-2024,North America,First Class,5,204.65,0.2,818.6
ORD000567,CUST00925,PROD0082,24-10-2022,29-10-2022,North America,First Class,4,542.12,0.2,1734.78
ORD003136,CUST00889,PROD0103,23-03-2022,29-03-2022,Europe,Standard Class,7,350.94,0.1,2210.92
ORD002609,CUST00087,PROD0053,21-11-2024,24-11-2024,Europe,Standard Class,9,457.67,0.15,3501.18
ORD002284,CUST00219,PROD0029,08-11-2023,09-11-2023,Latin America,Second Class,2,159.41,0,318.82
ORD002438,CUST00592,PROD0044,23-06-2022,25-06-2022,Asia Pacific,Standard Class,6,112.46,0,674.76
ORD002193,CUST00125,PROD0023,17-09-2022,22-09-2022,Latin America,First Class,1,454.27,0,454.27
ORD001277,CUST00166,PROD0072,16-10-2023,21-10-2023,North America,Second Class,6,380.44,0.15,1940.24
ORD001737,CUST00443,PROD0073,15-12-2024,18-12-2024,Europe,Second Class,8,171.97,0.1,1238.18
ORD000356,CUST00988,PROD0061,06-06-2022,07-06-2022,Latin America,Standard Class,5,546.36,0.15,2322.03
ORD002636,CUST00811,PROD0095,19-11-2024,23-11-2024,North America,Standard Class,6,247.15,0,1482.9
ORD000099,CUST00839,PROD0021,04-12-2023,,Asia Pacific,Standard Class,2,563.08,0,1126.16
ORD000133,CUST00951,PROD0056,15-01-2023,16-01-2023,Asia Pacific,Standard Class,8,35.09,0.1,252.65
ORD001141,CUST00104,PROD0043,09-05-2024,10-05-2024,Europe,Standard Class,7,470.55,0.05,3129.16
ORD001337,CUST00589,PROD0052,08-05-2022,12-05-2022,Latin America,Second Class,7,524.08,0,3668.56
ORD003160,CUST00777,PROD0071,03-03-2022,08-03-2022,Asia Pacific,Same Day,3,567.98,0.1,1533.55
ORD001824,CUST00705,PROD0022,24-02-2024,01-03-2024,Asia Pacific,Standard Class,8,390.44,0,3123.52
ORD000709,CUST00569,PROD0034,27-07-2024,30-07-2024,Asia Pacific,First Class,7,552.82,0,3869.74
ORD000188,CUST00513,PROD0029,05-03-2023,08-03-2023,North America,Standard Class,7,159.41,0.1,1004.28
ORD002813,CUST00910,PROD0102,28-05-2024,31-05-2024,North America,Standard Class,2,86.56,0.2,138.5
ORD002805,CUST00952,PROD0090,14-05-2022,18-05-2022,Asia Pacific,Standard Class,6,309.43,0,1856.58
ORD002304,CUST00534,PROD0099,14-09-2024,19-09-2024,Europe,First Class,5,330.98,0,1654.9
ORD002554,CUST00876,PROD0034,21-07-2022,26-07-2022,North America,Standard Class,4,552.82,0,2211.28
ORD002431,CUST00332,PROD0008,15-02-2022,22-02-2022,Asia Pacific,Standard Class,1,508.54,0.2,406.83
ORD001508,CUST00459,PROD0098,04-08-2022,07-08-2022,Latin America,First Class,9,365.96,0,3293.64
ORD002602,CUST00348,PROD0073,16-05-2022,19-05-2022,Europe,Standard Class,2,171.97,0.15,292.35
ORD001519,CUST00380,PROD0075,10-07-2024,11-07-2024,Asia Pacific,Second Class,3,112.08,0.2,268.99
ORD002795,CUST00296,PROD0086,22-08-2023,29-08-2023,North America,Second Class,9,118.96,0,1070.64
ORD001886,CUST00316,PROD0015,08-10-2023,13-10-2023,North America,Standard Class,5,208.86,0.1,939.87
ORD002840,CUST00971,PROD0080,26-10-2022,01-11-2022,Asia Pacific,Standard Class,7,91.3,0.05,607.14
ORD002923,CUST00912,PROD0090,24-04-2022,26-04-2022,Asia Pacific,Second Class,8,309.43,0,2475.44
ORD001938,CUST00751,PROD0003,27-11-2022,02-12-2022,Latin America,Standard Class,5,456.37,0,2281.85
ORD001723,CUST00611,PROD0047,08-07-2022,15-07-2022,North America,Second Class,7,41.92,0.1,264.1
ORD001734,CUST00450,PROD0023,22-07-2024,26-07-2024,Latin America,Same Day,6,454.27,0,2725.62
ORD000008,CUST00171,PROD0026,31-01-2022,05-02-2022,Latin America,Second Class,5,413.69,0.2,1654.76
ORD000223,CUST00673,PROD0032,07-07-2024,10-07-2024,Europe,Same Day,6,48.7,0,292.2
ORD001045,CUST00841,PROD0094,08-08-2022,13-08-2022,Latin America,Standard Class,4,585.09,0,2340.36
ORD000587,CUST00195,PROD0100,15-03-2024,16-03-2024,Europe,Second Class,6,160.34,0,962.04
ORD002293,CUST00330,PROD0033,30-04-2023,01-05-2023,Asia Pacific,Standard Class,9,336.59,0,3029.31
ORD000783,CUST00458,PROD0008,24-02-2023,01-03-2023,Europe,Standard Class,8,508.54,0.1,3661.49
ORD002507,CUST00681,PROD0067,08-05-2022,12-05-2022,Latin America,Second Class,9,40.64,0.1,329.18
ORD001035,CUST00145,PROD0020,12-08-2024,13-08-2024,Latin America,Second Class,10,391.71,0.05,3721.24
ORD001218,CUST00634,PROD0019,26-07-2024,31-07-2024,North America,Standard Class,7,277.53,0,1942.71
ORD000841,CUST00096,PROD0115,11-11-2024,16-11-2024,Latin America,Second Class,9,264.42,0.05,2260.79
ORD000310,CUST00003,PROD0116,31-08-2022,06-09-2022,Europe,Standard Class,2,155.74,0.15,264.76
ORD000092,CUST00638,PROD0094,19-08-2023,22-08-2023,Europe,Same Day,2,585.09,0.2,936.14
ORD001817,CUST00535,PROD0090,13-09-2022,19-09-2022,Latin America,Standard Class,3,309.43,0,928.29
ORD001944,CUST00907,PROD0037,28-04-2024,02-05-2024,North America,Second Class,4,517.48,0,2069.92
ORD001525,CUST00805,PROD0036,06-07-2024,08-07-2024,Asia Pacific,,1,239.9,0.2,191.92
ORD002137,CUST00735,PROD0115,29-10-2022,05-11-2022,Latin America,Standard Class,,264.42,0.05,502.4
ORD001801,CUST00996,PROD0080,04-11-2022,08-11-2022,Asia Pacific,Standard Class,5,91.3,0.2,365.2
ORD002735,CUST00534,PROD0068,05-03-2023,07-03-2023,Europe,Standard Class,2,147.64,0.1,265.75
ORD000159,CUST00165,PROD0023,25-07-2024,27-07-2024,Asia Pacific,First Class,1,454.27,0,454.27
ORD001447,CUST00303,PROD0017,29-10-2024,30-10-2024,Latin America,Standard Class,4,257.88,0.15,876.79
ORD002068,CUST00473,PROD0082,20-09-2024,25-09-2024,Asia Pacific,Standard Class,5,542.12,0.1,2439.54
ORD000604,CUST00076,PROD0054,06-04-2023,13-04-2023,North America,Second Class,2,532.54,0.1,958.57
ORD002829,CUST00469,PROD0010,04-11-2022,11-11-2022,Europe,Standard Class,4,101.95,0.2,326.24
ORD000730,CUST00971,PROD0002,16-05-2024,17-05-2024,Europe,Standard Class,1,368.56,0.05,350.13
ORD002533,CUST00528,PROD0020,30-05-2024,02-06-2024,North America,Second Class,4,391.71,0,1566.84
ORD002967,CUST00208,PROD0033,07-03-2022,10-03-2022,Europe,First Class,6,336.59,0.1,1817.59
ORD001564,CUST00195,PROD0039,15-09-2023,19-09-2023,Europe,Standard Class,9,498.11,0,4482.99
ORD001149,CUST00217,PROD0017,14-03-2023,17-03-2023,Asia Pacific,Second Class,2,257.88,0.2,412.61
ORD000445,CUST00553,PROD0094,15-02-2024,20-02-2024,Latin America,Standard Class,1,585.09,0,585.09
ORD001730,CUST00817,PROD0096,26-12-2022,30-12-2022,North America,Standard Class,3,343.31,0.2,823.94
ORD002205,CUST00878,PROD0075,12-04-2024,19-04-2024,Latin America,Second Class,6,112.08,0.15,571.61
ORD001552,CUST00986,PROD0056,14-11-2022,16-11-2022,Asia Pacific,Standard Class,4,35.09,0,140.36
ORD001579,CUST00802,PROD0098,03-03-2024,10-03-2024,Latin America,Standard Class,9,365.96,0,3293.64
ORD000739,CUST00318,PROD0068,19-10-2023,22-10-2023,North America,First Class,1,147.64,0,147.64
ORD002161,CUST00570,PROD0004,22-07-2022,25-07-2022,North America,Standard Class,8,503.13,0,4025.04
ORD001468,CUST00741,PROD0060,28-05-2024,29-05-2024,Asia Pacific,Standard Class,8,245.79,0.1,1769.69
ORD000384,CUST00704,PROD0068,16-09-2022,18-09-2022,Asia Pacific,Standard Class,4,147.64,0.1,531.5
ORD000206,CUST00013,PROD0073,19-07-2022,24-07-2022,Latin America,Standard Class,1,171.97,0,171.97
ORD000084,CUST00416,PROD0036,19-06-2022,23-06-2022,North America,Standard Class,2,239.9,0,479.8
ORD002227,CUST00268,PROD0006,31-05-2023,02-06-2023,Asia Pacific,Standard Class,7,111.99,0,783.93
ORD001031,CUST00512,PROD0005,31-07-2024,05-08-2024,Europe,Second Class,8,410.11,0.15,2788.75
ORD002440,CUST00911,PROD0101,30-06-2023,06-07-2023,Asia Pacific,Standard Class,2,576.35,0,1152.7
ORD002873,CUST00516,PROD0011,08-06-2024,13-06-2024,North America,Standard Class,1,168.15,0.15,142.93
ORD002098,CUST00404,PROD0068,29-03-2024,04-04-2024,Latin America,Same Day,6,147.64,0,885.84
ORD000962,CUST00526,PROD0092,11-06-2023,13-06-2023,North America,Second Class,4,119.48,0,477.92
ORD001722,CUST00432,PROD0030,29-11-2024,02-12-2024,Asia Pacific,Same Day,6,360.73,0.05,2056.16
ORD000829,CUST00457,PROD0114,18-09-2023,21-09-2023,Latin America,Second Class,4,320.6,0,1282.4
ORD002321,CUST00803,PROD0035,19-10-2024,21-10-2024,Latin America,Standard Class,4,540.44,0,2161.76
ORD002700,CUST00061,PROD0106,24-09-2024,29-09-2024,Latin America,Standard Class,7,516.83,0,3617.81
ORD001044,CUST00327,PROD0084,01-11-2022,06-11-2022,Europe,Same Day,9,435.65,0,3920.85
ORD002410,CUST00491,PROD0004,07-04-2022,08-04-2022,Asia Pacific,Standard Class,2,503.13,0,1006.26
ORD001545,CUST00039,PROD0057,25-10-2023,26-10-2023,North America,Standard Class,3,224.76,0.1,606.85
ORD002707,CUST00992,PROD0059,19-07-2024,20-07-2024,North America,Second Class,1,278.67,0.2,222.94
ORD002746,CUST00790,PROD0054,20-07-2024,27-07-2024,Europe,,8,532.54,0,4260.32
ORD000868,CUST00992,PROD0036,30-03-2024,04-04-2024,Latin America,Standard Class,3,239.9,0.15,611.75
ORD000533,CUST00944,PROD0091,28-11-2024,02-12-2024,Latin America,Second Class,5,595.15,0.1,2678.18
ORD002163,CUST00551,PROD0087,27-05-2023,03-06-2023,Latin America,Standard Class,3,563.97,0,1691.91
ORD000264,CUST00570,PROD0036,14-10-2024,17-10-2024,Europe,Standard Class,1,239.9,0.05,227.91
ORD003145,CUST00646,PROD0096,09-09-2024,15-09-2024,Europe,Standard Class,6,343.31,0.05,1956.87
ORD000324,CUST00517,PROD0038,21-06-2023,27-06-2023,Latin America,Standard Class,10,197,0,1970
ORD000971,CUST00168,PROD0102,13-04-2022,14-04-2022,Europe,First Class,9,86.56,0,779.04
ORD002666,CUST00573,PROD0038,19-05-2022,25-05-2022,Latin America,Standard Class,1,197,0.2,157.6
ORD002411,CUST00813,PROD0084,25-02-2023,04-03-2023,Latin America,Second Class,10,435.65,0.05,4138.68
ORD000806,CUST00962,PROD0058,08-07-2023,10-07-2023,Asia Pacific,Standard Class,5,265.81,0.2,1063.24
ORD001198,CUST00927,PROD0102,17-05-2024,24-05-2024,Latin America,Standard Class,3,86.56,0.15,220.73
ORD003014,CUST00568,PROD0016,01-04-2023,02-04-2023,Europe,Standard Class,10,100.98,0.1,908.82
ORD002611,CUST00819,PROD0053,05-02-2024,09-02-2024,Asia Pacific,First Class,7,457.67,0.1,2883.32
ORD001369,CUST00519,PROD0070,27-08-2024,03-09-2024,Asia Pacific,Standard Class,3,289.02,0,867.06
ORD000632,CUST00004,PROD0030,05-08-2024,11-08-2024,Europe,Second Class,1,360.73,0.05,342.69
ORD002356,CUST00948,PROD0041,23-05-2024,30-05-2024,Latin America,Standard Class,3,204.65,0,613.95
ORD000607,CUST00054,PROD0044,05-11-2023,06-11-2023,Europe,Standard Class,6,112.46,0.15,573.55
ORD000299,CUST00570,PROD0025,29-09-2024,01-10-2024,North America,Standard Class,6,109.89,0.05,626.37
ORD002891,CUST00830,PROD0052,29-03-2022,02-04-2022,Europe,First Class,6,524.08,0.2,2515.58
ORD002152,CUST00553,PROD0085,26-10-2024,02-11-2024,Europe,Standard Class,2,174.68,0,349.36
ORD001181,CUST00456,PROD0061,26-12-2022,29-12-2022,Latin America,Standard Class,6,546.36,0,3278.16
ORD000363,CUST00273,PROD0048,16-08-2022,19-08-2022,North America,Second Class,6,164.65,0.2,790.32
ORD001650,CUST00240,PROD0024,31-03-2024,04-04-2024,Asia Pacific,Same Day,5,261.68,0,1308.4
ORD001003,CUST00170,PROD0102,06-09-2024,07-09-2024,Europe,Second Class,8,86.56,0.05,657.86
ORD001724,CUST00088,PROD0050,14-06-2023,19-06-2023,Europe,Second Class,6,224.78,0.1,1213.81
ORD000305,CUST00068,PROD0019,15-11-2024,19-11-2024,Europe,Second Class,7,277.53,0,1942.71
ORD002565,CUST00130,PROD0047,13-08-2022,14-08-2022,Latin America,Standard Class,7,41.92,0.15,249.42
ORD002444,CUST00095,PROD0029,18-09-2022,22-09-2022,Latin America,Second Class,2,159.41,0,318.82
ORD000479,CUST00818,PROD0046,20-01-2023,25-01-2023,,First Class,9,156.09,0,1404.81
ORD000776,CUST00241,PROD0092,24-10-2023,28-10-2023,North America,Same Day,9,119.48,0,1075.32
ORD000380,CUST00643,PROD0071,15-07-2022,20-07-2022,Europe,Standard Class,4,567.98,0.2,1817.54
ORD002777,CUST00976,PROD0071,13-01-2023,20-01-2023,Latin America,Standard Class,7,567.98,0,3975.86
ORD001701,CUST00234,PROD0047,22-07-2024,29-07-2024,North America,Standard Class,7,41.92,0,293.44
ORD001975,CUST00121,PROD0062,02-09-2023,03-09-2023,Europe,First Class,7,41.13,0.05,273.51
ORD002651,CUST00493,PROD0056,21-04-2023,28-04-2023,Latin America,Second Class,9,35.09,0,315.81
ORD003111,CUST00481,PROD0066,15-11-2023,18-11-2023,Europe,Second Class,10,339.91,0,3399.1
ORD000018,CUST00832,PROD0093,27-04-2022,28-04-2022,Europe,Second Class,4,189.38,0,757.52
ORD001943,CUST00029,PROD0014,31-01-2022,04-02-2022,Latin America,Second Class,7,6.03,0,42.21
ORD001022,CUST00892,PROD0074,28-09-2023,03-10-2023,North America,Second Class,4,76.23,0,304.92
ORD001757,CUST00099,PROD0018,12-01-2024,13-01-2024,Asia Pacific,Standard Class,1,43.23,0,43.23
ORD000641,CUST00162,PROD0110,14-07-2022,18-07-2022,Asia Pacific,Standard Class,6,453.31,0.15,2311.88
ORD002002,CUST00378,PROD0042,12-04-2024,18-04-2024,Europe,First Class,9,48.23,0.2,347.26
ORD001378,CUST00076,PROD0062,24-04-2023,26-04-2023,North America,First Class,4,41.13,0,164.52
ORD000484,CUST00463,PROD0110,03-04-2022,09-04-2022,Europe,,9,453.31,0.2,3263.83
ORD001191,CUST00042,PROD0058,19-10-2023,21-10-2023,Asia Pacific,First Class,10,265.81,0.2,2126.48
ORD002566,CUST00843,PROD0103,02-09-2024,06-09-2024,North America,Standard Class,9,350.94,0.1,2842.61
ORD002346,CUST00342,PROD0061,11-03-2024,15-03-2024,North America,First Class,2,546.36,0,1092.72
ORD002437,CUST00563,PROD0112,01-06-2023,07-06-2023,North America,Standard Class,8,229.22,0.2,1467.01
ORD001324,CUST00936,PROD0070,22-08-2024,26-08-2024,Asia Pacific,Same Day,5,289.02,0,1445.1
ORD000389,CUST00962,PROD0115,16-12-2023,17-12-2023,North America,First Class,2,264.42,0.2,423.07
ORD003002,CUST00950,PROD0090,12-04-2024,13-04-2024,Europe,Standard Class,6,309.43,0,1856.58
ORD001518,CUST00346,PROD0063,27-08-2024,29-08-2024,Latin America,Standard Class,5,219.88,0.1,989.46
ORD000448,CUST00495,PROD0041,29-12-2024,03-01-2025,Latin America,First Class,8,204.65,0,1637.2
ORD000578,CUST00785,PROD0109,20-08-2022,21-08-2022,Europe,Standard Class,5,15.42,0.2,61.68
ORD000263,CUST00015,PROD0079,12-10-2022,14-10-2022,Asia Pacific,Second Class,1,301.9,0.2,241.52
ORD002067,CUST00452,PROD0078,11-01-2024,13-01-2024,North America,Second Class,3,324.59,0.05,925.08
ORD000997,CUST00451,PROD0101,28-05-2023,30-05-2023,North America,Standard Class,2,576.35,0,1152.7
ORD002272,CUST00803,PROD0098,23-09-2023,26-09-2023,Europe,Standard Class,3,365.96,0.05,1042.99
ORD002969,CUST00229,PROD0097,09-08-2024,13-08-2024,Europe,Standard Class,4,497.68,0.2,1592.58
ORD001258,CUST00038,PROD0008,08-03-2024,12-03-2024,North America,Same Day,7,508.54,0,3559.78
ORD001804,CUST00105,PROD0001,28-05-2023,03-06-2023,Asia Pacific,First Class,8,276.1,0.2,1767.04
ORD003086,CUST00126,PROD0035,16-02-2023,17-02-2023,Asia Pacific,First Class,10,540.44,0,5404.4
ORD001526,CUST00330,PROD0075,26-12-2024,01-01-2025,Asia Pacific,Standard Class,10,112.08,0.1,1008.72
ORD001600,CUST00003,PROD0084,06-02-2024,12-02-2024,Latin America,Standard Class,9,435.65,0.05,3724.81
ORD003018,CUST00421,PROD0108,04-08-2023,05-08-2023,Asia Pacific,Standard Class,1,264.17,0,264.17
ORD000235,CUST00607,PROD0090,06-10-2024,09-10-2024,North America,Second Class,10,309.43,0.05,2939.59
ORD001179,CUST00641,PROD0085,19-11-2024,25-11-2024,Latin America,Second Class,2,174.68,0,349.36
ORD000686,CUST00410,PROD0025,14-07-2022,18-07-2022,North America,Standard Class,2,109.89,0.05,208.79
ORD000986,CUST00383,PROD0079,29-07-2024,05-08-2024,Europe,Second Class,4,301.9,0.1,1086.84
ORD001550,CUST00057,PROD0060,28-12-2023,02-01-2024,Europe,Same Day,7,245.79,0.1,1548.48
ORD002107,CUST00927,PROD0088,03-06-2022,05-06-2022,North America,Standard Class,4,409.08,0,1636.32
ORD001458,CUST00721,PROD0107,20-08-2024,25-08-2024,Europe,Second Class,6,565.5,0,3393
ORD001661,CUST00829,PROD0093,23-06-2023,25-06-2023,Europe,Standard Class,4,189.38,0.2,606.02
ORD002251,CUST00210,PROD0031,02-03-2022,06-03-2022,Asia Pacific,Second Class,3,51.38,0,154.14
ORD001300,CUST00219,PROD0001,15-10-2024,17-10-2024,Europe,Same Day,4,276.1,0.05,1049.18
ORD000584,CUST00038,PROD0011,07-05-2024,08-05-2024,North America,Standard Class,3,168.15,0,504.45
ORD001714,CUST00701,PROD0056,10-03-2023,17-03-2023,North America,Second Class,10,35.09,0,350.9
ORD001733,CUST00459,PROD0086,03-03-2022,10-03-2022,Latin America,Standard Class,7,118.96,0,832.72
ORD002509,CUST00014,PROD0075,26-10-2024,31-10-2024,North America,Standard Class,3,112.08,0,336.24
ORD002057,CUST00598,PROD0069,18-06-2024,20-06-2024,Europe,Second Class,9,519.47,0.1,4207.71
ORD000404,CUST00505,PROD0018,28-04-2024,01-05-2024,Asia Pacific,Standard Class,3,43.23,0.2,103.75
ORD002296,CUST00010,PROD0084,08-01-2024,09-01-2024,Europe,Standard Class,6,435.65,0.15,2221.81
ORD000558,CUST00532,PROD0051,02-12-2024,08-12-2024,Europe,Standard Class,9,222.91,0.15,1705.26
ORD001090,CUST00459,PROD0064,19-10-2024,20-10-2024,Latin America,Standard Class,6,562.27,0,3373.62
ORD000429,CUST00276,PROD0064,16-09-2022,17-09-2022,Europe,Second Class,4,562.27,0.2,1799.26
ORD001793,CUST00698,PROD0042,23-10-2024,28-10-2024,Latin America,Same Day,4,48.23,0.05,183.27
ORD001535,CUST00097,PROD0031,16-07-2024,21-07-2024,North America,First Class,9,51.38,0,462.42
ORD000692,CUST00276,PROD0083,12-12-2023,14-12-2023,Latin America,Standard Class,7,14.31,0.15,85.14
ORD000189,CUST00714,PROD0029,02-10-2023,06-10-2023,North America,Second Class,9,159.41,0.15,1219.49
ORD002890,CUST00419,PROD0019,08-11-2024,14-11-2024,Asia Pacific,Standard Class,7,277.53,0.2,1554.17
ORD001946,CUST00248,PROD0056,23-08-2022,29-08-2022,Asia Pacific,Standard Class,5,35.09,0,175.45
ORD000754,CUST00553,PROD0034,11-09-2022,18-09-2022,Latin America,Standard Class,8,552.82,0.15,3759.18
ORD003048,CUST00280,PROD0032,29-12-2024,30-12-2024,North America,Same Day,8,48.7,0.2,311.68
ORD002940,CUST00799,PROD0054,25-08-2023,27-08-2023,Asia Pacific,Same Day,8,532.54,0,4260.32
ORD001556,CUST00015,PROD0065,20-06-2023,25-06-2023,Europe,Standard Class,10,47.55,0,475.5
ORD001906,CUST00693,PROD0062,13-03-2024,15-03-2024,Europe,Same Day,10,41.13,0.1,370.17
ORD000577,CUST00736,PROD0096,21-07-2022,28-07-2022,Latin America,Standard Class,10,343.31,0,3433.1
ORD000468,CUST00206,PROD0017,26-02-2024,02-03-2024,North America,Second Class,7,257.88,0.1,1624.64
ORD001321,CUST00297,PROD0045,22-09-2023,26-09-2023,Europe,Second Class,9,62.78,0,565.02
ORD001399,CUST00268,PROD0049,21-01-2024,28-01-2024,North America,Standard Class,1,221.36,0,221.36
ORD002949,CUST00211,PROD0115,15-11-2022,20-11-2022,Latin America,Standard Class,8,264.42,0,2115.36
ORD002118,CUST00438,PROD0045,26-08-2024,29-08-2024,North America,Standard Class,2,62.78,0,125.56
ORD002347,CUST00791,PROD0066,08-02-2024,11-02-2024,Europe,Second Class,3,339.91,0,1019.73
ORD003194,CUST00835,PROD0018,07-05-2022,10-05-2022,Latin America,Standard Class,8,43.23,0.05,328.55
ORD002851,CUST00881,PROD0027,23-05-2022,26-05-2022,North America,Standard Class,8,152.85,0,1222.8
ORD002663,CUST00282,PROD0068,05-12-2024,10-12-2024,Asia Pacific,Standard Class,3,147.64,0.2,354.34
ORD002143,CUST00628,PROD0047,25-02-2024,26-02-2024,Latin America,Standard Class,2,41.92,0.2,67.07
ORD001813,CUST00254,PROD0056,07-08-2023,09-08-2023,Europe,Same Day,5,35.09,0,175.45
ORD002649,CUST00858,PROD0071,12-10-2024,19-10-2024,North America,First Class,4,567.98,0.2,1817.54
ORD002337,CUST00907,PROD0032,24-07-2024,30-07-2024,Latin America,Second Class,9,48.7,0.2,350.64
ORD001965,CUST00295,PROD0012,11-03-2024,16-03-2024,North America,Standard Class,4,250.39,0.05,951.48
ORD000388,CUST00779,PROD0021,09-08-2024,12-08-2024,Asia Pacific,First Class,9,563.08,0,5067.72
ORD002527,CUST00604,PROD0077,07-06-2024,12-06-2024,Asia Pacific,First Class,6,19.56,0.15,99.76
ORD001370,CUST01000,PROD0029,23-08-2022,27-08-2022,Europe,Standard Class,5,159.41,0,797.05
ORD002895,CUST00141,PROD0071,08-09-2022,10-09-2022,North America,First Class,6,567.98,0,3407.88
ORD000918,CUST00386,PROD0054,26-01-2022,02-02-2022,Europe,First Class,3,532.54,0.1,1437.86
ORD002250,CUST00565,PROD0094,07-11-2024,13-11-2024,Asia Pacific,Second Class,6,585.09,0,3510.54
ORD002029,CUST00416,PROD0060,25-10-2024,30-10-2024,Latin America,First Class,5,245.79,0.2,983.16
ORD002874,CUST00258,PROD0076,07-09-2023,08-09-2023,Europe,Standard Class,9,393.52,0,3541.68
ORD001585,CUST00853,PROD0046,13-06-2023,20-06-2023,Latin America,,6,156.09,0.15,796.06
ORD000747,CUST00570,PROD0086,21-04-2022,28-04-2022,Latin America,Second Class,10,118.96,0,1189.6
ORD001735,CUST00529,PROD0018,22-09-2023,24-09-2023,Europe,Standard Class,3,43.23,0.05,123.21
ORD000625,CUST00723,PROD0048,01-12-2022,06-12-2022,Latin America,Standard Class,5,164.65,0.05,782.09
ORD002155,CUST00189,PROD0024,16-10-2023,18-10-2023,Europe,First Class,10,261.68,0.1,2355.12
ORD000300,CUST00408,PROD0094,11-05-2022,17-05-2022,North America,Second Class,1,585.09,0,585.09
ORD002224,CUST00114,PROD0087,05-09-2023,10-09-2023,North America,Standard Class,4,563.97,0.15,1917.5
ORD000296,CUST00231,PROD0077,24-07-2022,27-07-2022,Europe,Standard Class,9,19.56,0,176.04
ORD000752,CUST00832,PROD0112,13-01-2023,20-01-2023,Latin America,Standard Class,2,229.22,0.05,435.52
ORD001999,CUST00297,PROD0079,20-11-2024,22-11-2024,Latin America,Second Class,2,301.9,0.1,543.42
ORD001960,CUST00344,PROD0001,02-05-2023,09-05-2023,Asia Pacific,Standard Class,7,276.1,0,1932.7
ORD001719,CUST00315,PROD0003,23-07-2024,29-07-2024,Europe,Second Class,10,456.37,0.05,4335.51
ORD001554,CUST00250,PROD0070,13-06-2023,20-06-2023,Europe,Standard Class,4,289.02,0,1156.08
ORD001480,CUST00900,PROD0085,24-01-2023,29-01-2023,Latin America,First Class,5,174.68,0,873.4
ORD002983,CUST00169,PROD0106,01-01-2022,07-01-2022,Latin America,Standard Class,8,516.83,0,4134.64
ORD001725,CUST00208,PROD0115,23-04-2022,25-04-2022,North America,Second Class,1,264.42,0.15,224.76
ORD001769,CUST00260,PROD0039,23-05-2024,25-05-2024,Asia Pacific,Second Class,8,498.11,0.2,3187.9
ORD001995,CUST00368,PROD0004,10-08-2024,15-08-2024,Asia Pacific,First Class,10,503.13,0.2,4025.04
ORD003088,CUST00907,PROD0008,21-06-2022,28-06-2022,Latin America,Standard Class,1,508.54,0,508.54
ORD002764,CUST00089,PROD0031,11-10-2022,12-10-2022,Europe,First Class,8,51.38,0.2,328.83
ORD002844,CUST00210,PROD0037,08-03-2022,10-03-2022,North America,Second Class,7,517.48,0,3622.36
ORD003179,CUST00170,PROD0074,24-07-2023,29-07-2023,Latin America,Second Class,10,76.23,0.2,609.84
ORD001311,CUST00599,PROD0035,08-08-2022,12-08-2022,Europe,,2,540.44,0.2,864.7
ORD000185,CUST00328,PROD0008,14-04-2022,16-04-2022,,Standard Class,5,508.54,0,2542.7
ORD002526,CUST00422,PROD0072,08-07-2023,14-07-2023,North America,Standard Class,5,380.44,0.1,1711.98
ORD000895,CUST00318,PROD0013,31-05-2023,03-06-2023,Latin America,Standard Class,1,142.31,0,142.31
ORD000897,CUST00514,PROD0048,02-06-2022,03-06-2022,Asia Pacific,First Class,3,164.65,0.1,444.56
ORD000817,CUST00809,PROD0048,22-04-2023,27-04-2023,North America,Standard Class,1,164.65,0,164.65
ORD002472,CUST00191,PROD0114,03-11-2023,08-11-2023,North America,Same Day,10,320.6,0.1,2885.4
ORD002006,CUST00125,PROD0062,13-08-2022,20-08-2022,Asia Pacific,Second Class,6,41.13,0,246.78
ORD000017,CUST00420,PROD0025,18-03-2023,19-03-2023,Latin America,Standard Class,5,109.89,0.1,494.51
ORD000431,CUST00457,PROD0066,06-08-2023,13-08-2023,North America,Same Day,10,339.91,0,3399.1
ORD001150,CUST00450,PROD0025,18-08-2023,23-08-2023,Europe,Second Class,7,109.89,0.15,653.85
ORD002361,CUST00644,PROD0034,16-05-2024,18-05-2024,North America,First Class,5,552.82,0.15,2349.49
ORD001827,CUST00460,PROD0107,12-01-2022,18-01-2022,Europe,Same Day,7,565.5,0,3958.5
ORD002023,CUST00381,PROD0009,27-11-2023,01-12-2023,Europe,Standard Class,10,232.46,0.2,1859.68
ORD001284,CUST00729,PROD0019,27-09-2023,03-10-2023,Europe,Standard Class,7,277.53,0,1942.71
ORD001042,CUST00286,PROD0077,08-11-2022,14-11-2022,Asia Pacific,First Class,3,19.56,0.1,52.81
ORD000656,CUST00935,PROD0058,15-01-2023,16-01-2023,Asia Pacific,Second Class,5,265.81,0.1,1196.14
ORD001327,CUST00370,PROD0049,30-08-2024,05-09-2024,Europe,Standard Class,4,221.36,0.05,841.17
ORD001675,CUST00538,PROD0056,29-06-2023,04-07-2023,Latin America,Standard Class,9,35.09,0.15,268.44
ORD001529,CUST00869,PROD0106,12-06-2024,15-06-2024,Asia Pacific,First Class,6,516.83,0,3100.98
ORD001902,CUST00051,PROD0025,14-08-2023,18-08-2023,Latin America,Standard Class,6,109.89,0.15,560.44
ORD001514,CUST00331,PROD0098,10-03-2023,11-03-2023,Latin America,Standard Class,8,365.96,0,2927.68
ORD000165,CUST00312,PROD0106,02-05-2022,08-05-2022,North America,Standard Class,10,516.83,0.15,4393.06
ORD000560,CUST00537,PROD0016,15-06-2023,19-06-2023,Asia Pacific,Standard Class,4,100.98,0,403.92
ORD002665,CUST00022,PROD0021,27-01-2022,28-01-2022,Europe,Standard Class,2,563.08,0.2,900.93
ORD001571,CUST00934,PROD0111,30-09-2023,03-10-2023,Latin America,Standard Class,3,87.33,0,261.99
ORD002266,CUST00888,PROD0093,03-06-2023,05-06-2023,Latin America,Second Class,7,189.38,0.1,1193.09
ORD000573,CUST00771,PROD0026,04-06-2023,05-06-2023,Latin America,Second Class,8,413.69,0.2,2647.62
ORD001131,CUST00028,PROD0003,24-02-2024,29-02-2024,Latin America,Standard Class,2,456.37,0.05,867.1
ORD001592,CUST00016,PROD0013,03-04-2022,10-04-2022,Latin America,Standard Class,4,142.31,0.05,540.78
ORD002186,CUST00159,PROD0068,03-06-2023,04-06-2023,North America,Second Class,9,147.64,0.2,1063.01
ORD002815,CUST00021,PROD0032,06-06-2022,12-06-2022,Asia Pacific,Standard Class,1,48.7,0,48.7
ORD002352,CUST00480,PROD0010,18-02-2023,19-02-2023,Asia Pacific,Standard Class,6,101.95,0,611.7
ORD001462,CUST00824,PROD0113,28-12-2023,29-12-2023,Asia Pacific,Second Class,7,270.53,,1609.65
ORD000210,CUST00248,PROD0093,23-09-2023,26-09-2023,Europe,Standard Class,9,189.38,0.1,1533.98
ORD001467,CUST00336,PROD0102,19-11-2023,20-11-2023,Latin America,Second Class,10,86.56,0,865.6
ORD001049,CUST00654,PROD0108,07-07-2022,09-07-2022,Latin America,Standard Class,10,264.17,0.05,2509.62
ORD002553,CUST00292,PROD0016,25-12-2023,28-12-2023,Latin America,Second Class,1,100.98,0.05,95.93
ORD000245,CUST00835,PROD0103,07-07-2024,09-07-2024,Asia Pacific,Same Day,1,350.94,0.2,280.75
ORD000949,CUST00383,PROD0086,11-09-2022,15-09-2022,Latin America,Standard Class,1,118.96,0.05,113.01
ORD001881,CUST00650,PROD0087,04-02-2022,09-02-2022,North America,Standard Class,4,563.97,0,2255.88
ORD000690,CUST00180,PROD0053,22-09-2024,27-09-2024,Latin America,Same Day,5,457.67,0.2,1830.68
ORD000494,CUST00063,PROD0111,21-09-2022,22-09-2022,Europe,Same Day,8,87.33,0.2,558.91
ORD002833,CUST00682,PROD0107,18-11-2023,19-11-2023,North America,Standard Class,9,565.5,0,5089.5
ORD000694,CUST00171,PROD0095,28-08-2022,03-09-2022,Asia Pacific,Standard Class,8,247.15,0,1977.2
ORD002320,CUST00628,PROD0037,28-07-2023,31-07-2023,Europe,First Class,9,517.48,0,4657.32
ORD000688,CUST00505,PROD0006,17-02-2022,23-02-2022,Asia Pacific,Second Class,3,111.99,0.2,268.78
ORD002888,CUST00825,PROD0090,14-08-2023,20-08-2023,Europe,Same Day,9,309.43,0.05,2645.63
ORD000273,CUST00306,PROD0081,26-07-2023,29-07-2023,Latin America,Same Day,5,29.84,0,149.2
ORD000999,CUST00833,PROD0067,21-01-2022,24-01-2022,North America,First Class,6,40.64,0.2,195.07
ORD002505,CUST00908,PROD0096,31-12-2022,06-01-2023,Europe,Second Class,5,343.31,0.05,1630.72
ORD000662,CUST00263,PROD0010,11-10-2023,14-10-2023,Europe,Standard Class,7,101.95,0.15,606.6
ORD000132,CUST00044,PROD0046,11-11-2024,16-11-2024,Europe,Second Class,9,156.09,0,1404.81
ORD002077,CUST00766,PROD0093,22-04-2023,23-04-2023,Latin America,Standard Class,7,189.38,0.2,1060.53
ORD002329,CUST00752,PROD0037,25-07-2023,30-07-2023,Europe,Standard Class,8,517.48,0.2,3311.87
ORD001213,CUST00692,PROD0048,04-10-2023,11-10-2023,Asia Pacific,Standard Class,9,164.65,0.05,1407.76
ORD000913,CUST00468,PROD0091,07-02-2022,10-02-2022,North America,Second Class,2,595.15,0,1190.3
ORD000944,CUST00190,PROD0092,19-05-2023,20-05-2023,Europe,Standard Class,9,119.48,0,1075.32
ORD001561,CUST00446,PROD0079,10-08-2024,11-08-2024,Europe,Second Class,10,301.9,0,3019
ORD001950,CUST00179,PROD0009,04-07-2024,08-07-2024,Asia Pacific,Second Class,7,232.46,0.05,1545.86
ORD000282,CUST00085,PROD0040,26-03-2024,29-03-2024,North America,Standard Class,6,513.73,0,3082.38
ORD000499,CUST00803,PROD0049,15-01-2023,20-01-2023,Asia Pacific,Standard Class,1,221.36,0.15,188.16
ORD002234,CUST00575,PROD0080,17-07-2022,23-07-2022,Asia Pacific,Same Day,9,91.3,0.05,780.61
ORD002179,CUST00891,PROD0019,01-04-2022,04-04-2022,North America,First Class,10,277.53,0,2775.3
ORD002652,CUST00692,PROD0038,15-11-2022,22-11-2022,Latin America,Standard Class,4,197,0.05,748.6
ORD000016,CUST00150,PROD0102,19-04-2023,24-04-2023,North America,First Class,8,86.56,0,692.48
ORD002823,CUST00918,PROD0072,31-08-2022,04-09-2022,Europe,Same Day,3,380.44,0.2,913.06
ORD003052,CUST00624,PROD0088,20-12-2022,22-12-2022,Latin America,Second Class,2,409.08,0,818.16
ORD002921,CUST00602,PROD0019,24-02-2022,28-02-2022,Asia Pacific,Standard Class,9,277.53,0,2497.77
ORD001142,CUST00118,PROD0044,15-08-2024,20-08-2024,Europe,Standard Class,7,112.46,0,787.22
ORD002975,CUST00249,PROD0007,16-04-2023,21-04-2023,Asia Pacific,Same Day,8,157,0.15,1067.6
ORD001357,CUST00723,PROD0033,18-02-2022,25-02-2022,Latin America,Standard Class,10,336.59,0.2,2692.72
ORD002265,CUST00427,PROD0060,11-02-2022,18-02-2022,North America,Second Class,5,245.79,0,1228.95
ORD000049,CUST00452,PROD0054,18-02-2023,21-02-2023,Asia Pacific,Same Day,9,532.54,0,4792.86
ORD002496,CUST00886,PROD0045,12-08-2023,15-08-2023,North America,First Class,7,62.78,0,439.46
ORD002225,CUST00992,PROD0022,14-03-2022,20-03-2022,North America,Second Class,2,390.44,0.1,702.79
ORD002671,CUST00367,PROD0081,21-07-2024,22-07-2024,Europe,Standard Class,10,29.84,0.15,253.64
ORD002457,CUST00728,PROD0109,02-09-2024,07-09-2024,Asia Pacific,Standard Class,10,15.42,0.05,146.49
ORD003092,CUST00372,PROD0021,13-12-2022,16-12-2022,Asia Pacific,Same Day,5,563.08,0.15,2393.09
ORD000713,CUST00827,PROD0046,24-09-2024,01-10-2024,Latin America,Standard Class,6,156.09,0.1,842.89
ORD002322,CUST00182,PROD0112,08-08-2023,10-08-2023,North America,Second Class,3,229.22,0,687.66
ORD001477,CUST00434,PROD0081,05-06-2024,11-06-2024,Asia Pacific,Standard Class,7,29.84,0.05,198.44
ORD000610,CUST00158,PROD0027,05-06-2023,07-06-2023,Asia Pacific,Second Class,10,152.85,0.2,1222.8
ORD000785,CUST00574,PROD0112,12-11-2022,15-11-2022,Europe,Standard Class,9,229.22,0,2062.98
ORD001027,CUST00493,PROD0080,06-01-2022,09-01-2022,Europe,Standard Class,6,91.3,0,547.8
ORD002704,CUST00293,PROD0028,09-01-2024,14-01-2024,North America,Standard Class,3,21.47,0,64.41
ORD001306,CUST00979,PROD0076,17-07-2023,24-07-2023,North America,Standard Class,7,393.52,0.05,2616.91
ORD003156,CUST00831,PROD0076,12-04-2022,16-04-2022,Asia Pacific,Standard Class,5,393.52,0.1,1770.84
ORD002233,CUST00195,PROD0026,24-10-2022,26-10-2022,Europe,Standard Class,1,413.69,0.1,372.32
ORD001685,CUST00993,PROD0042,28-03-2023,04-04-2023,Europe,Standard Class,5,48.23,0,241.15
ORD002932,CUST00232,PROD0103,24-12-2023,28-12-2023,North America,First Class,3,350.94,0,1052.82
ORD001114,CUST00303,PROD0060,02-02-2023,04-02-2023,Latin America,Same Day,10,245.79,0,2457.9
ORD000144,CUST00731,PROD0003,13-03-2024,17-03-2024,Europe,Standard Class,1,456.37,0,456.37
ORD001502,CUST00442,PROD0100,23-02-2024,28-02-2024,Latin America,Same Day,8,160.34,0.1,1154.45
ORD001678,CUST00446,PROD0108,02-06-2023,05-06-2023,Asia Pacific,Same Day,4,264.17,0,1056.68
ORD000548,CUST00584,PROD0087,09-05-2022,10-05-2022,Latin America,First Class,10,563.97,0.05,5357.72
ORD000512,CUST00004,PROD0070,03-05-2024,07-05-2024,Europe,Standard Class,2,289.02,0.05,549.14
ORD000867,CUST00893,PROD0047,28-03-2024,01-04-2024,Asia Pacific,Standard Class,2,41.92,0.2,67.07
ORD002349,CUST00645,PROD0033,24-11-2022,28-11-2022,Asia Pacific,First Class,8,336.59,0.05,2558.08
ORD002001,CUST00688,PROD0076,25-12-2022,30-12-2022,Latin America,First Class,8,393.52,0.05,2990.75
ORD002827,CUST00489,PROD0014,01-02-2024,02-02-2024,Asia Pacific,Second Class,5,6.03,0,30.15
ORD000041,CUST00232,PROD0102,22-07-2024,25-07-2024,Latin America,First Class,4,86.56,0,346.24
ORD000682,CUST00708,PROD0027,23-12-2023,29-12-2023,Europe,Second Class,7,152.85,0.15,909.46
ORD000116,CUST00586,PROD0100,11-11-2023,18-11-2023,North America,Standard Class,2,160.34,0,320.68
ORD001739,CUST00471,PROD0034,04-11-2022,09-11-2022,Latin America,Second Class,2,552.82,0.05,1050.36
ORD001857,CUST00321,PROD0040,18-01-2024,23-01-2024,Europe,Same Day,3,513.73,0.2,1232.95
ORD003109,CUST00438,PROD0093,11-11-2023,16-11-2023,Latin America,Standard Class,2,189.38,0,378.76
ORD002579,CUST00028,PROD0043,13-11-2023,20-11-2023,Europe,Standard Class,6,470.55,0,2823.3
ORD000151,CUST00425,PROD0030,25-12-2022,01-01-2023,Latin America,Second Class,7,360.73,0,2525.11
ORD002158,CUST00129,PROD0039,06-01-2022,09-01-2022,Europe,Standard Class,1,498.11,0.05,473.2
ORD002614,CUST00562,PROD0018,02-03-2023,09-03-2023,Europe,Second Class,7,43.23,0.15,257.22
ORD000198,CUST00207,PROD0039,24-09-2024,28-09-2024,Latin America,Standard Class,4,498.11,0,1992.44
ORD002230,CUST00164,PROD0090,14-06-2022,17-06-2022,Latin America,Second Class,6,309.43,0.2,1485.26
ORD002187,CUST00411,PROD0038,15-06-2023,21-06-2023,Latin America,Standard Class,1,197,0,197
ORD000025,CUST00739,PROD0092,06-05-2024,13-05-2024,Asia Pacific,Second Class,6,119.48,0,716.88
ORD002365,CUST00186,PROD0075,01-11-2023,05-11-2023,Asia Pacific,Standard Class,1,112.08,0,112.08
ORD001486,CUST00821,PROD0017,26-04-2022,,North America,Standard Class,6,257.88,0,1547.28
ORD001783,CUST00466,PROD0107,22-03-2022,25-03-2022,Europe,First Class,7,565.5,0,3958.5
ORD002550,CUST00907,PROD0054,04-07-2022,10-07-2022,Latin America,Standard Class,1,532.54,0.15,452.66
ORD002428,CUST00713,PROD0065,03-10-2022,04-10-2022,North America,Standard Class,2,47.55,0.2,76.08
ORD001328,CUST00925,PROD0101,17-01-2023,23-01-2023,Asia Pacific,Standard Class,3,576.35,0.1,1556.15
ORD002262,CUST00413,PROD0053,05-05-2024,12-05-2024,North America,Standard Class,5,457.67,0.05,2173.93
ORD000821,CUST00239,PROD0038,15-02-2022,19-02-2022,Asia Pacific,Second Class,2,197,0.2,315.2
ORD000050,CUST00215,PROD0070,21-10-2024,22-10-2024,Europe,Second Class,7,289.02,0.1,1820.83
ORD002715,CUST00252,PROD0082,01-12-2023,08-12-2023,North America,Second Class,6,542.12,0.15,2764.81
ORD001098,CUST00287,PROD0060,29-10-2022,30-10-2022,Latin America,Standard Class,9,245.79,0.15,1880.29
ORD001255,CUST00298,PROD0025,15-06-2022,20-06-2022,Latin America,Standard Class,9,109.89,0,989.01
ORD002739,CUST00463,PROD0051,25-01-2023,29-01-2023,Europe,Second Class,3,222.91,0,668.73
ORD002015,CUST00577,PROD0098,20-10-2022,21-10-2022,Asia Pacific,Standard Class,3,365.96,0.1,988.09
ORD000158,CUST00580,PROD0052,08-01-2022,10-01-2022,Europe,Second Class,8,524.08,0,4192.64
ORD001298,CUST00880,PROD0041,29-06-2023,05-07-2023,Latin America,Second Class,6,204.65,0.15,1043.72
ORD000586,CUST00510,PROD0092,02-02-2024,09-02-2024,North America,Second Class,2,119.48,0.1,215.06
ORD000630,CUST00278,PROD0085,17-09-2024,22-09-2024,Asia Pacific,Same Day,6,174.68,0,1048.08
ORD003067,CUST00411,PROD0012,21-01-2024,22-01-2024,Latin America,Standard Class,9,250.39,0.05,2140.83
ORD000900,CUST00980,PROD0063,01-02-2022,02-02-2022,Latin America,Standard Class,7,219.88,0,1539.16
ORD001448,CUST00491,PROD0071,13-12-2024,14-12-2024,North America,,4,567.98,0.05,2158.32
ORD000169,CUST00453,PROD0086,25-07-2023,28-07-2023,North America,First Class,8,118.96,0,951.68
ORD001539,CUST00061,PROD0039,15-04-2023,22-04-2023,Asia Pacific,Standard Class,4,498.11,0.1,1793.2
ORD000872,CUST00114,PROD0045,13-07-2023,15-07-2023,Asia Pacific,First Class,7,62.78,0,439.46
ORD001422,CUST00402,PROD0065,15-10-2024,22-10-2024,Asia Pacific,Standard Class,4,47.55,0,190.2
ORD000756,CUST00672,PROD0008,29-02-2024,06-03-2024,Europe,Standard Class,1,508.54,0.2,406.83
ORD001054,CUST00221,PROD0061,08-07-2024,,North America,First Class,1,546.36,0.2,437.09
ORD000716,CUST00758,PROD0039,01-02-2023,03-02-2023,North America,Standard Class,4,498.11,0,1992.44
ORD000001,CUST00251,PROD0087,05-01-2023,09-01-2023,Asia Pacific,First Class,4,563.97,0,2255.88
ORD001212,CUST00743,PROD0009,30-07-2024,02-08-2024,Asia Pacific,Standard Class,3,232.46,0.2,557.9
ORD000446,CUST00881,PROD0073,13-07-2024,20-07-2024,North America,Standard Class,7,171.97,0.05,1143.6
ORD003010,CUST00941,PROD0082,13-01-2023,16-01-2023,Latin America,Same Day,8,542.12,0.2,3469.57
ORD001597,CUST00736,PROD0040,26-11-2023,28-11-2023,Asia Pacific,First Class,6,513.73,0,3082.38
ORD002824,CUST00960,PROD0031,05-05-2024,06-05-2024,Latin America,Standard Class,5,51.38,0.1,231.21
ORD003133,CUST00486,PROD0036,12-06-2023,13-06-2023,North America,Standard Class,1,239.9,0.2,191.92
ORD002815,CUST00021,PROD0032,06-06-2022,12-06-2022,Asia Pacific,Standard Class,1,48.7,0,48.7
ORD001651,CUST00907,PROD0097,30-07-2024,05-08-2024,Asia Pacific,Same Day,5,497.68,0.2,1990.72
ORD001877,CUST00987,PROD0019,26-11-2024,01-12-2024,Latin America,Same Day,8,277.53,0.2,1776.19
ORD000765,CUST00798,PROD0081,03-01-2024,07-01-2024,Asia Pacific,First Class,9,29.84,0.15,228.28
ORD001256,CUST00179,PROD0010,26-10-2022,01-11-2022,Asia Pacific,Standard Class,10,101.95,0.2,815.6
ORD001727,CUST00870,PROD0039,18-12-2022,21-12-2022,North America,Second Class,6,498.11,0,2988.66
ORD000624,CUST00293,PROD0042,09-03-2022,15-03-2022,Asia Pacific,Second Class,6,48.23,0.15,245.97
ORD002485,CUST00939,PROD0073,14-12-2024,20-12-2024,Latin America,Standard Class,4,171.97,0.05,653.49
ORD002395,CUST00315,PROD0075,19-08-2023,23-08-2023,Latin America,Standard Class,10,112.08,0,1120.8
ORD001426,CUST00013,PROD0038,11-03-2023,15-03-2023,Latin America,Standard Class,10,197,0,1970
ORD000490,CUST00986,PROD0030,25-04-2023,02-05-2023,Europe,First Class,8,360.73,0.15,2452.96
ORD000250,CUST00375,PROD0107,22-09-2022,24-09-2022,Asia Pacific,Second Class,7,565.5,0.2,3166.8
ORD001755,CUST00177,PROD0021,27-12-2023,30-12-2023,North America,First Class,3,563.08,0.15,1435.85
ORD000372,CUST00135,PROD0019,18-06-2024,21-06-2024,Europe,Standard Class,10,277.53,0,2775.3
ORD000368,CUST00300,PROD0033,03-02-2022,06-02-2022,North America,Second Class,4,336.59,0.1,1211.72
ORD000676,CUST00991,PROD0010,14-11-2023,16-11-2023,Latin America,Standard Class,1,101.95,0.2,81.56
ORD000917,CUST00787,PROD0015,15-02-2024,19-02-2024,North America,First Class,10,208.86,0.2,1670.88
ORD002685,CUST00170,PROD0047,22-04-2024,28-04-2024,Europe,Standard Class,6,41.92,0.1,226.37
ORD001425,CUST00220,PROD0039,03-06-2024,10-06-2024,Latin America,Second Class,5,498.11,0.05,2366.02
ORD003056,CUST00424,PROD0068,09-04-2024,10-04-2024,Latin America,Standard Class,5,147.64,0.05,701.29
ORD001830,CUST00013,PROD0102,25-02-2023,02-03-2023,Latin America,,2,86.56,0,173.12
ORD000571,CUST00108,PROD0071,16-09-2022,21-09-2022,Europe,Standard Class,4,567.98,0.15,1931.13
ORD002020,CUST00201,PROD0033,24-06-2022,29-06-2022,Latin America,Standard Class,7,336.59,0,2356.13
ORD003186,CUST00714,PROD0042,22-02-2022,26-02-2022,Europe,Second Class,5,48.23,0.1,217.03
ORD002350,CUST00954,PROD0109,26-01-2024,28-01-2024,Europe,Standard Class,2,15.42,0.1,27.76
ORD002061,CUST00630,PROD0107,19-01-2024,24-01-2024,Latin America,First Class,7,565.5,0,3958.5
ORD001028,CUST00568,PROD0064,10-03-2024,17-03-2024,Asia Pacific,Standard Class,4,562.27,0.15,1911.72
ORD002191,CUST00195,PROD0049,10-02-2024,14-02-2024,Latin America,Second Class,8,221.36,0,1770.88
ORD002965,CUST00240,PROD0107,09-10-2024,14-10-2024,Europe,Standard Class,2,565.5,0.15,961.35
ORD002763,CUST00712,PROD0108,11-07-2024,17-07-2024,North America,Second Class,9,264.17,0,2377.53
ORD002591,CUST00231,PROD0067,10-06-2022,11-06-2022,Europe,Standard Class,10,40.64,0,406.4
ORD002768,CUST00623,PROD0008,16-10-2024,20-10-2024,Europe,Standard Class,7,508.54,0,3559.78
ORD000508,CUST00853,PROD0034,07-10-2024,08-10-2024,North America,Same Day,6,552.82,0,3316.92
ORD001484,CUST00820,PROD0003,24-03-2024,30-03-2024,Europe,Standard Class,10,456.37,0.2,3650.96
ORD003029,CUST00211,PROD0074,14-09-2022,19-09-2022,Asia Pacific,Standard Class,9,76.23,0.05,651.77
ORD000103,CUST00888,PROD0091,12-05-2022,16-05-2022,North America,Standard Class,2,595.15,0.1,1071.27
ORD002330,CUST00810,PROD0016,13-04-2022,19-04-2022,Asia Pacific,Second Class,4,100.98,0.2,323.14
ORD000436,CUST00774,PROD0036,05-04-2024,06-04-2024,Latin America,Standard Class,2,239.9,0,479.8
ORD001607,CUST00135,PROD0057,31-07-2023,02-08-2023,North America,Standard Class,6,224.76,0.05,1281.13
ORD000938,CUST00765,PROD0103,10-04-2022,17-04-2022,North America,Standard Class,2,350.94,0.15,596.6
ORD000460,CUST00938,PROD0001,31-08-2022,01-09-2022,Latin America,First Class,2,276.1,0,552.2
ORD000130,CUST00162,PROD0001,10-11-2022,11-11-2022,Asia Pacific,Standard Class,5,276.1,0,1380.5
ORD001647,CUST00708,PROD0031,07-05-2024,12-05-2024,North America,Same Day,9,51.38,0,462.42
ORD001449,CUST00185,PROD0056,14-05-2023,19-05-2023,Europe,Same Day,6,35.09,0,210.54
ORD000802,CUST00625,PROD0006,20-11-2023,27-11-2023,Asia Pacific,First Class,2,111.99,0.15,190.38
ORD002531,CUST00744,PROD0004,28-01-2023,01-02-2023,Asia Pacific,Standard Class,4,503.13,0.05,1911.89
ORD001029,CUST00689,PROD0033,28-02-2023,03-03-2023,Europe,Standard Class,7,336.59,0.05,2238.32
ORD002732,CUST00472,PROD0108,08-09-2023,11-09-2023,Asia Pacific,Same Day,7,264.17,0.1,1664.27
ORD001231,CUST00088,PROD0003,27-12-2024,30-12-2024,Asia Pacific,Second Class,5,456.37,0.15,1939.57
ORD001748,CUST00593,PROD0065,17-04-2024,24-04-2024,North America,First Class,6,47.55,0,285.3
ORD001430,CUST00893,PROD0054,15-01-2024,18-01-2024,North America,Same Day,1,532.54,0,532.54
ORD003032,CUST00477,PROD0071,31-10-2023,04-11-2023,Europe,First Class,2,567.98,0.1,1022.36
ORD000969,CUST00227,PROD0012,31-10-2022,02-11-2022,North America,Second Class,10,250.39,0.05,2378.7
ORD001457,CUST00357,PROD0028,29-05-2023,05-06-2023,Europe,Standard Class,8,21.47,0.05,163.17
ORD001052,CUST00021,PROD0081,07-12-2024,12-12-2024,Europe,Standard Class,1,29.84,0,29.84
ORD000869,CUST00194,PROD0042,13-02-2024,16-02-2024,Asia Pacific,Standard Class,2,48.23,0.15,81.99
ORD000205,CUST00322,PROD0018,17-08-2023,24-08-2023,Latin America,Standard Class,10,43.23,0.2,345.84
ORD000657,CUST00073,PROD0042,22-06-2023,27-06-2023,Asia Pacific,Same Day,4,48.23,0.05,183.27
ORD002181,CUST00608,PROD0051,04-01-2024,08-01-2024,Europe,Standard Class,9,222.91,0.15,1705.26
ORD002493,CUST00426,PROD0102,31-07-2024,05-08-2024,North America,First Class,8,86.56,0,692.48
ORD000386,CUST00935,PROD0008,16-03-2022,22-03-2022,Asia Pacific,Standard Class,2,508.54,0.05,966.23
ORD002954,CUST00922,PROD0046,05-04-2024,11-04-2024,Europe,First Class,10,156.09,0,1560.9
ORD002701,CUST00067,PROD0044,06-03-2023,12-03-2023,North America,,8,112.46,0,899.68
ORD000546,CUST00369,PROD0066,16-06-2023,19-06-2023,Asia Pacific,Second Class,6,339.91,0.2,1631.57
ORD001469,CUST00853,PROD0108,14-12-2024,17-12-2024,Latin America,Standard Class,8,264.17,0.2,1690.69
ORD000861,CUST00524,PROD0059,26-03-2024,28-03-2024,Europe,Second Class,8,278.67,0.15,1894.96
ORD001305,CUST00475,PROD0071,14-05-2023,20-05-2023,Europe,Second Class,8,567.98,0,4543.84
ORD001205,CUST00636,PROD0027,06-08-2024,12-08-2024,Latin America,Standard Class,10,152.85,0.05,1452.08
ORD000854,CUST00494,PROD0001,29-07-2023,02-08-2023,Asia Pacific,First Class,6,276.1,0.05,1573.77
ORD002655,CUST00151,PROD0091,09-07-2024,14-07-2024,Latin America,Standard Class,8,595.15,0.2,3808.96
ORD002863,CUST00083,PROD0051,21-09-2023,28-09-2023,Asia Pacific,Second Class,5,222.91,,891.64
ORD001931,CUST00794,PROD0058,11-10-2023,12-10-2023,Latin America,Standard Class,2,265.81,0,531.62
ORD000382,CUST00501,PROD0027,12-04-2023,15-04-2023,Asia Pacific,Standard Class,5,152.85,0,764.25
ORD002623,CUST00492,PROD0089,16-07-2022,22-07-2022,Europe,Standard Class,3,143.69,0.1,387.96
ORD000731,CUST00813,PROD0013,30-07-2022,04-08-2022,North America,Second Class,5,142.31,0,711.55
ORD000083,CUST00262,PROD0075,31-10-2023,03-11-2023,Asia Pacific,First Class,6,112.08,0.2,537.98
ORD002812,CUST00465,PROD0018,07-01-2022,11-01-2022,Latin America,Standard Class,4,43.23,0.2,138.34
ORD000053,CUST00774,PROD0081,16-06-2024,23-06-2024,North America,Standard Class,10,29.84,0.1,268.56
ORD000649,CUST00517,PROD0093,22-03-2023,27-03-2023,Latin America,Standard Class,6,189.38,0.2,909.02
ORD000795,CUST00091,PROD0115,27-11-2024,30-11-2024,Asia Pacific,Second Class,10,264.42,0.1,2379.78
ORD002992,CUST00303,PROD0030,09-05-2022,11-05-2022,Asia Pacific,First Class,6,360.73,0.15,1839.72
ORD001741,CUST00219,PROD0093,01-09-2022,02-09-2022,Asia Pacific,Standard Class,3,189.38,0,568.14
ORD000884,CUST00266,PROD0017,04-07-2024,07-07-2024,North America,Standard Class,5,257.88,,1095.99
ORD001175,CUST00668,PROD0038,04-03-2022,07-03-2022,Europe,First Class,8,197,0,1576
ORD000696,CUST00751,PROD0047,07-06-2022,09-06-2022,Latin America,Same Day,9,41.92,0,377.28
ORD000163,CUST00366,PROD0018,15-07-2023,18-07-2023,Asia Pacific,Second Class,9,43.23,0.2,311.26
ORD003119,CUST00377,PROD0091,12-01-2024,16-01-2024,Asia Pacific,Standard Class,10,595.15,0,5951.5
ORD002313,CUST00233,PROD0064,06-12-2023,08-12-2023,Latin America,First Class,3,562.27,0,1686.81
ORD002028,CUST00756,PROD0044,13-06-2024,16-06-2024,Asia Pacific,Standard Class,6,112.46,0.05,641.02
ORD001445,CUST00130,PROD0040,05-06-2024,06-06-2024,Asia Pacific,Same Day,4,513.73,0,2054.92
ORD002010,CUST00212,PROD0099,09-08-2022,12-08-2022,North America,Standard Class,8,330.98,0.1,2383.06
ORD001245,CUST00469,PROD0040,15-06-2022,20-06-2022,Europe,Standard Class,9,513.73,0,4623.57
ORD002032,CUST00222,PROD0004,16-05-2022,20-05-2022,Asia Pacific,Second Class,4,503.13,0,2012.52
ORD002760,CUST00924,PROD0079,18-06-2022,19-06-2022,North America,Second Class,2,301.9,0.1,543.42
ORD000227,CUST00291,PROD0065,29-07-2022,30-07-2022,Asia Pacific,Standard Class,5,47.55,0.05,225.86
ORD002231,CUST00107,PROD0028,09-09-2023,10-09-2023,Europe,First Class,4,21.47,0,85.88
ORD002782,CUST00290,PROD0032,18-01-2023,24-01-2023,North America,Same Day,1,48.7,0,48.7
ORD002345,CUST00645,PROD0069,03-08-2022,10-08-2022,Latin America,Standard Class,1,519.47,0.05,493.5
ORD000394,CUST00426,PROD0111,04-05-2022,07-05-2022,Latin America,Second Class,9,87.33,0.05,746.67
ORD002108,CUST00018,PROD0079,12-06-2024,15-06-2024,Asia Pacific,First Class,8,301.9,0.15,2052.92
ORD001686,CUST00446,PROD0088,29-03-2023,03-04-2023,Latin America,Second Class,10,409.08,0.1,3681.72
ORD003178,CUST00546,PROD0093,22-03-2023,24-03-2023,Asia Pacific,Standard Class,7,189.38,0.05,1259.38
ORD001745,CUST00693,PROD0024,31-03-2023,03-04-2023,Asia Pacific,Second Class,5,261.68,0,1308.4
ORD002324,CUST00395,PROD0080,04-04-2024,11-04-2024,Asia Pacific,Standard Class,2,91.3,0.2,146.08
ORD001456,CUST00518,PROD0011,08-05-2024,09-05-2024,North America,Second Class,3,168.15,0,504.45
ORD001821,CUST00618,PROD0065,07-04-2023,14-04-2023,Asia Pacific,First Class,5,47.55,0,237.75
ORD001376,CUST00213,PROD0041,23-08-2022,30-08-2022,North America,Second Class,1,204.65,,173.95
ORD001310,CUST00991,PROD0083,17-04-2022,23-04-2022,Asia Pacific,Standard Class,6,14.31,0.1,77.27
ORD000606,CUST00961,PROD0056,30-01-2023,02-02-2023,Latin America,Standard Class,3,35.09,0,105.27
ORD003011,CUST00866,PROD0060,18-09-2023,21-09-2023,Latin America,Second Class,1,245.79,0,245.79
ORD000535,CUST00116,PROD0113,13-02-2022,14-02-2022,Asia Pacific,Standard Class,9,270.53,0.05,2313.03
ORD001636,CUST00732,PROD0070,22-07-2024,25-07-2024,Europe,Standard Class,4,289.02,0.1,1040.47
ORD000787,CUST00604,PROD0037,23-07-2023,24-07-2023,Europe,First Class,3,517.48,0,1552.44
ORD001538,CUST00054,PROD0078,01-06-2024,08-06-2024,North America,Standard Class,4,324.59,0.05,1233.44
ORD003082,CUST00254,PROD0094,10-11-2022,11-11-2022,Asia Pacific,First Class,9,585.09,0,5265.81
ORD000828,CUST00322,PROD0075,08-09-2024,14-09-2024,Asia Pacific,Standard Class,8,112.08,0.2,717.31
ORD001912,CUST00132,PROD0067,28-03-2023,29-03-2023,Latin America,Standard Class,10,40.64,0.15,345.44
ORD001076,CUST00609,PROD0020,23-02-2023,28-02-2023,Europe,Second Class,9,391.71,0,3525.39
ORD000140,CUST00331,PROD0035,24-09-2024,25-09-2024,Europe,First Class,7,540.44,0.05,3593.93
ORD000602,CUST00042,PROD0063,12-05-2024,15-05-2024,North America,Second Class,7,219.88,0,1539.16
ORD000336,CUST00847,PROD0074,18-01-2023,24-01-2023,Latin America,Standard Class,5,76.23,0,381.15
ORD002339,CUST00257,PROD0054,02-09-2023,08-09-2023,North America,Second Class,7,532.54,0,3727.78
ORD000433,CUST00813,PROD0040,08-08-2023,15-08-2023,North America,Same Day,8,513.73,0.05,3904.35
ORD000881,CUST00509,PROD0014,01-01-2022,08-01-2022,Europe,Standard Class,5,6.03,0.05,28.64
ORD000594,CUST00144,PROD0023,16-12-2023,18-12-2023,Asia Pacific,Standard Class,6,454.27,0.15,2316.78
ORD000524,CUST00989,PROD0104,22-09-2022,24-09-2022,North America,Standard Class,1,256.59,0.2,205.27
ORD000301,CUST00958,PROD0057,03-06-2023,06-06-2023,North America,Standard Class,10,224.76,0,2247.6
ORD002500,CUST00425,PROD0045,27-10-2024,31-10-2024,North America,Standard Class,1,62.78,0.15,53.36
ORD000290,CUST00140,PROD0032,21-05-2023,22-05-2023,Europe,Second Class,4,48.7,0.15,165.58
ORD002698,CUST00872,PROD0103,28-01-2024,04-02-2024,Latin America,Standard Class,4,350.94,0.2,1123.01
ORD001332,CUST00201,PROD0091,16-08-2024,17-08-2024,North America,Standard Class,6,595.15,0.05,3392.35
ORD000218,CUST00781,PROD0109,29-12-2022,31-12-2022,North America,Standard Class,10,15.42,0.05,146.49
ORD002471,CUST00065,PROD0021,11-01-2023,12-01-2023,Europe,Standard Class,5,563.08,0.1,2533.86
ORD000072,CUST00920,PROD0019,03-07-2022,10-07-2022,Europe,Standard Class,4,277.53,0.05,1054.61
ORD003149,CUST00950,PROD0096,12-12-2024,15-12-2024,North America,Same Day,10,343.31,0,3433.1
ORD001642,CUST00552,PROD0026,11-03-2022,14-03-2022,Latin America,Second Class,10,413.69,0,4136.9
ORD002099,CUST00081,PROD0005,15-07-2024,20-07-2024,,Same Day,1,410.11,0.05,389.6
ORD002741,CUST00375,PROD0013,22-04-2024,26-04-2024,Asia Pacific,First Class,8,142.31,0,1138.48
ORD002865,CUST00246,PROD0067,06-05-2022,10-05-2022,Latin America,Standard Class,9,40.64,,347.47
ORD002839,CUST00636,PROD0044,08-11-2024,12-11-2024,Europe,Standard Class,4,112.46,0.15,382.36
ORD003177,CUST00273,PROD0013,06-10-2023,10-10-2023,North America,Standard Class,8,142.31,0,1138.48
ORD000506,CUST00388,PROD0006,21-07-2024,23-07-2024,Latin America,Second Class,10,111.99,0.05,1063.9
ORD001966,CUST00335,PROD0042,28-06-2024,29-06-2024,Europe,Second Class,9,48.23,0.05,412.37
ORD000150,CUST00747,PROD0035,19-08-2024,26-08-2024,Latin America,Standard Class,1,540.44,0.05,513.42
ORD003164,CUST00044,PROD0057,14-10-2023,20-10-2023,Asia Pacific,First Class,10,224.76,0,2247.6
ORD001776,CUST00584,PROD0111,10-05-2024,17-05-2024,North America,Second Class,5,87.33,0.15,371.15
ORD000416,CUST00802,PROD0039,24-02-2023,26-02-2023,Europe,Second Class,8,498.11,0.05,3785.64
ORD001645,CUST00087,PROD0048,18-12-2023,19-12-2023,Asia Pacific,Standard Class,2,164.65,0.1,296.37
ORD001323,CUST00218,PROD0092,18-11-2023,25-11-2023,Asia Pacific,Same Day,1,119.48,0,119.48
ORD001806,CUST00625,PROD0018,21-04-2024,23-04-2024,Latin America,Standard Class,7,43.23,0.15,257.22
ORD002213,CUST00508,PROD0102,02-10-2022,07-10-2022,North America,Standard Class,4,86.56,0,346.24
ORD001335,CUST00872,PROD0014,05-03-2023,11-03-2023,Latin America,Standard Class,9,6.03,0,54.27
ORD000819,CUST00952,PROD0002,12-09-2024,19-09-2024,Asia Pacific,Standard Class,4,368.56,0,1474.24
ORD001097,CUST00624,PROD0095,25-08-2023,27-08-2023,North America,Standard Class,3,247.15,0,741.45
ORD000212,CUST00914,PROD0011,12-06-2023,19-06-2023,Europe,Standard Class,10,168.15,0.05,1597.42
ORD002401,CUST00657,PROD0108,24-10-2023,31-10-2023,Asia Pacific,Standard Class,4,264.17,0.05,1003.85
ORD001763,CUST00448,PROD0065,05-10-2022,09-10-2022,Europe,Standard Class,8,47.55,0,380.4
ORD000013,CUST00780,PROD0102,05-11-2023,08-11-2023,Latin America,Standard Class,10,86.56,0.1,779.04
ORD003131,CUST00444,PROD0090,28-03-2022,31-03-2022,Asia Pacific,Standard Class,4,309.43,0.15,1052.06
ORD000638,CUST00808,PROD0014,07-09-2023,14-09-2023,Asia Pacific,Standard Class,5,6.03,0.15,25.63
ORD003166,CUST00791,PROD0092,13-02-2023,18-02-2023,Asia Pacific,First Class,6,119.48,0.05,681.04
ORD002867,CUST00860,PROD0107,27-12-2022,31-12-2022,Europe,Standard Class,4,565.5,0.2,1809.6
ORD001288,CUST00747,PROD0093,06-10-2022,08-10-2022,Latin America,Second Class,4,189.38,0,757.52
ORD002012,CUST00534,PROD0068,26-02-2023,02-03-2023,Asia Pacific,Standard Class,6,147.64,0.1,797.26
ORD001770,CUST00918,PROD0069,08-03-2023,15-03-2023,Asia Pacific,Standard Class,10,519.47,0.2,4155.76
ORD002748,CUST00424,PROD0027,20-04-2022,21-04-2022,North America,Standard Class,10,152.85,0,1528.5
ORD001575,CUST00443,PROD0011,26-07-2024,02-08-2024,North America,First Class,8,168.15,0.05,1277.94
ORD000128,CUST00257,PROD0021,15-06-2024,19-06-2024,Europe,Standard Class,2,563.08,0.05,1069.85
ORD002326,CUST00274,PROD0064,27-05-2024,29-05-2024,Asia Pacific,Standard Class,8,562.27,0,4498.16
ORD001400,CUST00207,PROD0059,10-01-2024,15-01-2024,Asia Pacific,Same Day,5,278.67,0,1393.35
ORD001493,CUST00368,PROD0116,09-10-2023,13-10-2023,Europe,Standard Class,1,155.74,0,155.74
ORD001665,CUST00728,PROD0064,13-12-2024,16-12-2024,North America,Second Class,10,562.27,0,5622.7
ORD002633,CUST00123,PROD0079,19-01-2024,21-01-2024,Asia Pacific,First Class,4,301.9,0.05,1147.22
ORD000262,CUST00517,PROD0040,20-04-2024,25-04-2024,Europe,Standard Class,8,513.73,0,4109.84
ORD001581,CUST00119,PROD0024,26-10-2024,02-11-2024,Europe,Second Class,9,261.68,0,2355.12
ORD002318,CUST00985,PROD0041,04-06-2022,09-06-2022,North America,Standard Class,5,204.65,0.15,869.76
ORD002065,CUST00747,PROD0077,09-01-2022,12-01-2022,,Standard Class,7,19.56,0.05,130.07
ORD002962,CUST00264,PROD0096,17-08-2022,22-08-2022,Latin America,Standard Class,5,343.31,0.1,1544.89
ORD001230,CUST00475,PROD0072,26-09-2023,28-09-2023,Latin America,Second Class,4,380.44,0.05,1445.67
ORD000272,CUST00505,PROD0084,26-05-2024,28-05-2024,North America,Standard Class,8,435.65,0.2,2788.16
ORD000391,CUST00297,PROD0102,05-09-2022,08-09-2022,North America,Standard Class,9,86.56,0.1,701.14
ORD001994,CUST00207,PROD0040,04-04-2024,07-04-2024,Latin America,Same Day,9,513.73,0,4623.57
ORD002830,CUST00928,PROD0099,08-08-2023,14-08-2023,North America,Standard Class,10,330.98,0,3309.8
ORD002582,CUST00699,PROD0010,19-05-2023,25-05-2023,Asia Pacific,Second Class,2,101.95,0,203.9
ORD003122,CUST00684,PROD0106,06-09-2022,07-09-2022,North America,Standard Class,8,516.83,0.05,3927.91
ORD000566,CUST00373,PROD0019,04-01-2022,10-01-2022,North America,Second Class,1,277.53,0.2,222.02
ORD002323,CUST00238,PROD0079,24-11-2022,30-11-2022,Latin America,Standard Class,6,301.9,0,1811.4
ORD001968,CUST00327,PROD0035,24-08-2024,26-08-2024,Europe,Standard Class,4,540.44,0.05,2053.67
ORD002112,CUST00028,PROD0054,03-07-2024,10-07-2024,North America,Second Class,7,532.54,0,3727.78
ORD002993,CUST00990,PROD0009,14-11-2022,18-11-2022,North America,Second Class,4,232.46,0,929.84
ORD000553,CUST00463,PROD0016,31-07-2022,07-08-2022,North America,Second Class,8,100.98,0.15,686.66
ORD000633,CUST00922,PROD0061,25-08-2023,26-08-2023,North America,Standard Class,3,546.36,0,1639.08
ORD002037,CUST00327,PROD0055,20-08-2023,24-08-2023,North America,First Class,8,222.38,0.2,1423.23
ORD000620,CUST00947,PROD0051,06-07-2024,07-07-2024,Europe,Standard Class,1,222.91,0,222.91
ORD002957,CUST00061,PROD0041,27-07-2024,03-08-2024,North America,Standard Class,5,204.65,0.05,972.09
ORD002188,CUST00127,PROD0068,27-03-2023,28-03-2023,Latin America,Standard Class,4,147.64,0.05,561.03
ORD000891,CUST00150,PROD0093,08-04-2023,10-04-2023,Asia Pacific,First Class,2,189.38,0,378.76
ORD001831,CUST00661,PROD0038,21-11-2024,22-11-2024,Europe,Same Day,3,197,0.15,502.35
ORD000444,CUST00132,PROD0015,26-07-2022,28-07-2022,Europe,Second Class,2,208.86,0,417.72
ORD001177,CUST00725,PROD0022,01-09-2024,07-09-2024,Europe,Standard Class,5,390.44,0.05,1854.59
ORD001792,CUST00747,PROD0073,12-08-2022,13-08-2022,Asia Pacific,Standard Class,9,171.97,0.2,1238.18
ORD000832,CUST00290,PROD0053,13-02-2022,18-02-2022,North America,Second Class,1,457.67,0.2,366.14
ORD000672,CUST00508,PROD0064,11-01-2024,12-01-2024,North America,Standard Class,2,562.27,0.05,1068.31
ORD001507,CUST00235,PROD0012,24-03-2024,28-03-2024,Asia Pacific,Same Day,3,250.39,0,751.17
ORD000685,CUST00974,PROD0014,10-02-2024,15-02-2024,North America,Second Class,1,6.03,0.05,5.73
ORD000511,CUST00541,PROD0012,02-10-2022,05-10-2022,Latin America,First Class,1,250.39,0.15,212.83
ORD001933,CUST00455,PROD0027,06-09-2022,12-09-2022,Asia Pacific,Standard Class,1,152.85,0.1,137.56
ORD000474,CUST00938,PROD0038,02-06-2022,07-06-2022,North America,Same Day,4,197,0,788
ORD001264,CUST00933,PROD0045,04-08-2023,08-08-2023,Latin America,Standard Class,2,62.78,0.2,100.45
ORD000331,CUST00582,PROD0090,21-08-2022,26-08-2022,North America,Standard Class,10,309.43,0.1,2784.87
ORD001729,CUST00456,PROD0057,25-12-2023,01-01-2024,Latin America,Standard Class,8,224.76,0,1798.08
ORD001887,CUST00839,PROD0098,31-07-2023,06-08-2023,Europe,Second Class,2,365.96,0,731.92
ORD002886,CUST00669,PROD0053,22-08-2024,27-08-2024,Europe,Second Class,2,457.67,0,915.34
ORD001630,CUST00738,PROD0031,18-03-2022,25-03-2022,Latin America,Second Class,8,51.38,0.2,328.83
ORD003110,CUST00822,PROD0017,16-08-2022,20-08-2022,North America,Standard Class,4,257.88,0,1031.52
ORD002259,CUST00348,PROD0071,18-03-2023,23-03-2023,North America,First Class,2,567.98,0,1135.96
ORD000162,CUST00145,PROD0085,09-11-2024,16-11-2024,Asia Pacific,Standard Class,9,174.68,0.05,1493.51
ORD002939,CUST00339,PROD0009,23-12-2024,24-12-2024,Latin America,Second Class,1,232.46,0.05,220.84
ORD001868,CUST00525,PROD0094,05-08-2024,08-08-2024,Latin America,First Class,5,585.09,0.2,2340.36
ORD001145,CUST00900,PROD0034,09-08-2024,15-08-2024,Latin America,Standard Class,2,552.82,0.1,995.08
ORD002051,CUST00822,PROD0093,15-01-2023,17-01-2023,Europe,Standard Class,5,189.38,0.2,757.52
ORD002936,CUST00213,PROD0032,24-03-2023,29-03-2023,Europe,Standard Class,10,48.7,0,487
ORD000112,CUST00551,PROD0072,13-10-2024,17-10-2024,Latin America,Second Class,1,380.44,0,380.44
ORD002879,CUST00946,PROD0097,22-05-2024,26-05-2024,Europe,Standard Class,10,497.68,0.1,4479.12
ORD000771,CUST00027,PROD0085,01-08-2023,04-08-2023,North America,Standard Class,4,174.68,0,698.72
ORD001876,CUST00502,PROD0043,09-02-2023,16-02-2023,Asia Pacific,Standard Class,1,470.55,0.2,376.44
ORD002910,CUST00441,PROD0004,28-06-2022,01-07-2022,North America,Standard Class,2,503.13,0.1,905.63
ORD000395,CUST00365,PROD0090,15-09-2023,20-09-2023,North America,First Class,6,309.43,0,1856.58
ORD000519,CUST00318,PROD0107,15-08-2022,16-08-2022,North America,Second Class,2,565.5,0.05,1074.45
ORD001005,CUST00219,PROD0046,28-05-2022,01-06-2022,Europe,Standard Class,6,156.09,0.15,796.06
ORD003008,CUST00652,PROD0070,09-10-2024,12-10-2024,North America,Standard Class,1,289.02,0.1,260.12
ORD001004,CUST00921,PROD0044,07-07-2022,09-07-2022,Latin America,Standard Class,5,112.46,0,562.3
ORD002283,CUST00049,PROD0101,15-03-2024,16-03-2024,Latin America,Standard Class,10,576.35,0.2,4610.8
ORD002502,CUST00020,PROD0094,08-02-2022,10-02-2022,Europe,First Class,3,585.09,0,1755.27
ORD001953,CUST00023,PROD0074,17-02-2022,23-02-2022,Asia Pacific,Second Class,7,76.23,0,533.61
ORD001990,CUST00210,PROD0031,12-04-2024,17-04-2024,North America,Same Day,4,51.38,0,205.52
ORD002928,CUST00391,PROD0083,23-06-2022,26-06-2022,Latin America,Standard Class,5,14.31,0.2,57.24
ORD000930,CUST00558,PROD0093,30-11-2023,03-12-2023,Latin America,Standard Class,7,189.38,0.2,1060.53
ORD002818,CUST00814,PROD0113,26-06-2023,03-07-2023,Europe,Second Class,7,270.53,0,1893.71
ORD003137,CUST00552,PROD0099,02-09-2022,08-09-2022,Asia Pacific,Standard Class,8,330.98,0,2647.84
ORD000562,CUST00887,PROD0103,18-10-2023,24-10-2023,Europe,Standard Class,10,350.94,0,3509.4
ORD002929,CUST00958,PROD0048,18-02-2024,21-02-2024,North America,Standard Class,5,164.65,0.15,699.76
ORD000520,CUST00708,PROD0071,07-01-2023,14-01-2023,Europe,Standard Class,2,567.98,0.2,908.77
ORD000813,CUST00082,PROD0053,22-06-2022,24-06-2022,Europe,Standard Class,9,457.67,0.2,3295.22
ORD000591,CUST00983,PROD0073,30-01-2023,01-02-2023,Asia Pacific,Standard Class,2,171.97,0,343.94
ORD002730,CUST00121,PROD0085,15-02-2022,17-02-2022,Asia Pacific,Standard Class,7,174.68,0,1222.76
ORD002607,CUST00835,PROD0038,03-01-2024,08-01-2024,Europe,Second Class,1,197,0.1,177.3
ORD001091,CUST00047,PROD0085,06-04-2022,12-04-2022,,Same Day,3,174.68,0.05,497.84
ORD002774,CUST00729,PROD0072,08-04-2023,11-04-2023,Europe,,1,380.44,0,380.44
ORD001635,CUST00594,PROD0076,13-01-2022,20-01-2022,North America,Same Day,8,393.52,0,3148.16
ORD000458,CUST00434,PROD0006,08-12-2023,09-12-2023,North America,Second Class,3,111.99,0.2,268.78
ORD000026,CUST00713,PROD0012,25-07-2023,27-07-2023,North America,First Class,9,250.39,0.05,2140.83
ORD001279,CUST00675,PROD0046,11-08-2024,14-08-2024,Europe,First Class,4,156.09,0,624.36
ORD001334,CUST00425,PROD0002,22-09-2022,25-09-2022,Latin America,Standard Class,4,368.56,0,1474.24
ORD002027,CUST00659,PROD0036,09-09-2024,14-09-2024,Latin America,Same Day,8,239.9,0.1,1727.28
ORD000452,CUST00842,PROD0088,03-09-2023,05-09-2023,Latin America,Standard Class,2,409.08,0.1,736.34
ORD000952,CUST00038,PROD0079,23-12-2022,25-12-2022,North America,First Class,10,301.9,0,3019
ORD000680,CUST00655,PROD0115,29-10-2022,03-11-2022,North America,First Class,7,264.42,0.05,1758.39
ORD002834,CUST00314,PROD0039,06-05-2024,08-05-2024,North America,First Class,9,498.11,0,4482.99
ORD002391,CUST00673,PROD0064,28-04-2023,02-05-2023,Asia Pacific,Standard Class,7,562.27,0.2,3148.71
ORD000703,CUST00582,PROD0079,24-04-2022,01-05-2022,Asia Pacific,Standard Class,9,301.9,0,2717.1
ORD001848,CUST00368,PROD0069,28-02-2022,06-03-2022,North America,Second Class,2,519.47,0,1038.94
ORD000707,CUST00098,PROD0054,08-11-2022,15-11-2022,Europe,Second Class,1,532.54,0.15,452.66
ORD001455,CUST00724,PROD0054,01-06-2024,07-06-2024,North America,Standard Class,5,532.54,0,2662.7
ORD001910,CUST00150,PROD0065,19-03-2024,25-03-2024,Europe,Standard Class,2,47.55,0.2,76.08
ORD002595,CUST00806,PROD0044,06-09-2022,11-09-2022,Asia Pacific,First Class,2,112.46,0,224.92
ORD000914,CUST00472,PROD0092,02-03-2024,03-03-2024,Europe,,4,119.48,0.2,382.34
ORD002217,CUST00629,PROD0012,18-12-2022,19-12-2022,Asia Pacific,Standard Class,8,250.39,0,2003.12
ORD002018,CUST00335,PROD0063,22-08-2022,23-08-2022,Europe,Second Class,6,219.88,0.2,1055.42
ORD000748,CUST00684,PROD0069,04-06-2022,07-06-2022,Asia Pacific,Standard Class,8,519.47,0.15,3532.4
ORD003085,CUST00523,PROD0074,01-02-2023,02-02-2023,Latin America,Standard Class,1,76.23,0,76.23
ORD001684,CUST00733,PROD0028,03-11-2023,08-11-2023,Asia Pacific,Standard Class,3,21.47,0,64.41
ORD001397,CUST00245,PROD0006,30-06-2024,01-07-2024,Latin America,Second Class,4,111.99,0.1,403.16
ORD000485,CUST00094,PROD0056,06-05-2024,09-05-2024,Latin America,First Class,5,35.09,0.1,157.91
ORD000635,CUST00149,PROD0003,18-08-2022,22-08-2022,Asia Pacific,Standard Class,3,456.37,0,1369.11
ORD002271,CUST00433,PROD0040,12-10-2022,15-10-2022,Europe,Standard Class,8,513.73,0.1,3698.86
ORD002474,CUST00691,PROD0010,10-01-2024,12-01-2024,Asia Pacific,Second Class,3,101.95,0.2,244.68
ORD002091,CUST00647,PROD0045,30-03-2023,31-03-2023,North America,Standard Class,9,62.78,0,565.02
ORD000985,CUST00051,PROD0057,16-01-2023,23-01-2023,Latin America,First Class,6,224.76,0.15,1146.28
ORD001640,CUST00606,PROD0071,22-03-2024,24-03-2024,North America,Standard Class,4,567.98,0,2271.92
ORD000326,CUST00878,PROD0020,18-01-2024,19-01-2024,Latin America,First Class,5,391.71,0.1,1762.69
ORD001855,CUST00042,PROD0055,02-09-2024,07-09-2024,North America,Standard Class,6,222.38,0.1,1200.85
ORD000136,CUST00640,PROD0091,20-09-2023,24-09-2023,Asia Pacific,Standard Class,6,595.15,0,3570.9
ORD003047,CUST00029,PROD0058,28-06-2024,01-07-2024,Europe,Standard Class,1,265.81,0,265.81
ORD001105,CUST00544,PROD0106,24-04-2023,01-05-2023,Latin America,First Class,10,516.83,0,5168.3
ORD002680,CUST00796,PROD0034,31-01-2024,05-02-2024,Asia Pacific,First Class,6,552.82,0,3316.92
ORD002716,CUST00262,PROD0037,23-02-2024,29-02-2024,Latin America,First Class,10,517.48,0,5174.8
ORD002289,CUST00153,PROD0098,18-03-2024,19-03-2024,Latin America,Standard Class,2,365.96,0.05,695.32
ORD003102,CUST00177,PROD0016,06-05-2023,11-05-2023,Asia Pacific,Same Day,10,100.98,0.05,959.31
ORD000738,CUST00041,PROD0080,01-10-2022,03-10-2022,North America,First Class,1,91.3,0.2,73.04
ORD000009,CUST00627,PROD0108,21-12-2022,22-12-2022,Europe,Standard Class,4,264.17,0.15,898.18
ORD000661,CUST00247,PROD0005,07-08-2022,10-08-2022,Asia Pacific,Standard Class,3,410.11,0,1230.33
ORD002229,CUST00693,PROD0061,28-12-2022,,North America,First Class,7,546.36,0.1,3442.07
ORD001159,CUST00057,PROD0115,25-06-2022,01-07-2022,Latin America,First Class,7,264.42,0.1,1665.85
ORD000699,CUST00919,PROD0104,16-11-2023,20-11-2023,North America,Second Class,9,256.59,0.05,2193.84
ORD002169,CUST00490,PROD0008,23-08-2023,27-08-2023,Latin America,Standard Class,4,508.54,0.2,1627.33
ORD001199,CUST00650,PROD0081,09-01-2024,10-01-2024,Europe,Standard Class,5,29.84,0,149.2
ORD001609,CUST00524,PROD0031,02-05-2022,03-05-2022,Europe,Second Class,10,51.38,0,513.8
ORD001884,CUST00861,PROD0069,23-04-2023,25-04-2023,Asia Pacific,First Class,4,519.47,0,2077.88
ORD000700,CUST00127,PROD0014,20-07-2024,26-07-2024,Asia Pacific,Standard Class,8,6.03,0,48.24
ORD000820,CUST00677,PROD0005,25-03-2022,30-03-2022,Latin America,Standard Class,2,410.11,0.1,738.2
ORD002017,CUST00127,PROD0009,01-02-2023,05-02-2023,Latin America,Standard Class,9,232.46,0.15,1778.32
ORD002744,CUST00447,PROD0071,06-10-2024,12-10-2024,Europe,Standard Class,9,567.98,0.05,4856.23
ORD003058,CUST00274,PROD0053,27-04-2022,29-04-2022,Asia Pacific,Standard Class,10,457.67,0.2,3661.36
ORD002989,CUST00643,PROD0037,02-02-2024,04-02-2024,Latin America,Second Class,6,517.48,0,3104.88
ORD000650,CUST00435,PROD0055,23-09-2024,29-09-2024,Europe,Same Day,3,222.38,0,667.14
ORD002302,CUST00324,PROD0036,26-09-2022,27-09-2022,North America,Standard Class,2,239.9,0,479.8
ORD000809,CUST00363,PROD0037,08-08-2022,11-08-2022,Europe,Standard Class,4,517.48,0.05,1966.42
ORD000545,CUST00191,PROD0035,21-09-2022,24-09-2022,Asia Pacific,First Class,10,540.44,0.1,4863.96
ORD002404,CUST00426,PROD0093,02-03-2022,04-03-2022,North America,Standard Class,7,189.38,0.2,1060.53
ORD000963,CUST00346,PROD0111,03-09-2023,07-09-2023,Asia Pacific,First Class,2,87.33,0.05,165.93
ORD001174,CUST00337,PROD0102,26-08-2022,27-08-2022,Europe,Same Day,10,86.56,0.2,692.48
ORD002206,CUST00659,PROD0114,26-02-2024,29-02-2024,Asia Pacific,Standard Class,10,320.6,0.15,2725.1
ORD002300,CUST00355,PROD0072,10-04-2023,17-04-2023,Latin America,Second Class,10,380.44,0.2,3043.52
ORD000736,CUST00514,PROD0087,29-12-2022,02-01-2023,Latin America,Standard Class,6,563.97,0,3383.82
ORD001322,CUST00763,PROD0083,12-05-2023,19-05-2023,Asia Pacific,Standard Class,2,14.31,0.05,27.19
ORD000639,CUST00699,PROD0047,05-11-2023,07-11-2023,Latin America,Standard Class,4,41.92,0.15,142.53
ORD001195,CUST00344,PROD0103,09-11-2022,11-11-2022,Europe,Same Day,3,350.94,0,1052.82
ORD002311,CUST00657,PROD0033,27-05-2023,31-05-2023,Europe,Standard Class,10,336.59,0.15,2861.01
ORD003148,CUST00967,PROD0016,26-02-2022,27-02-2022,Europe,Standard Class,6,100.98,0.1,545.29
ORD002690,CUST00649,PROD0029,21-08-2022,26-08-2022,Asia Pacific,First Class,10,159.41,0.2,1275.28
ORD000454,CUST00466,PROD0063,12-05-2024,16-05-2024,North America,Second Class,5,219.88,0,1099.4
ORD002719,CUST00315,PROD0105,16-09-2022,17-09-2022,Europe,Standard Class,9,492.55,0.05,4211.3
ORD002529,CUST00943,PROD0115,13-06-2023,20-06-2023,North America,Standard Class,8,264.42,0,2115.36
ORD000839,CUST00003,PROD0086,05-09-2023,08-09-2023,Latin America,Second Class,3,118.96,0,356.88
ORD001509,CUST00948,PROD0040,20-09-2023,25-09-2023,Asia Pacific,Second Class,9,513.73,0.2,3698.86
ORD002392,CUST00577,PROD0026,11-06-2023,12-06-2023,Asia Pacific,Standard Class,1,413.69,0,413.69
ORD002011,CUST00813,PROD0115,17-03-2022,21-03-2022,Europe,Standard Class,5,264.42,0.05,1256
ORD000837,CUST00794,PROD0034,12-01-2023,13-01-2023,Europe,Second Class,9,552.82,0.15,4229.07
ORD002299,CUST00587,PROD0098,27-09-2023,30-09-2023,Asia Pacific,Standard Class,9,365.96,0,3293.64
ORD002708,CUST00847,PROD0041,10-11-2023,17-11-2023,Latin America,Standard Class,9,204.65,0,1841.85
ORD002608,CUST00812,PROD0001,12-11-2022,19-11-2022,Europe,Standard Class,9,276.1,0.15,2112.16
ORD002331,CUST00236,PROD0069,20-01-2024,22-01-2024,Latin America,Standard Class,9,519.47,0.05,4441.47
ORD000109,CUST00719,PROD0112,15-02-2022,16-02-2022,North America,Same Day,10,229.22,0.05,2177.59
ORD002390,CUST00684,PROD0090,05-02-2022,11-02-2022,Europe,Same Day,10,309.43,0,3094.3
ORD001071,CUST00032,PROD0026,11-08-2022,16-08-2022,North America,First Class,2,413.69,0.15,703.27
ORD000627,CUST00002,PROD0004,01-07-2023,05-07-2023,North America,Standard Class,4,503.13,0.05,1911.89
ORD002771,CUST00456,PROD0088,29-12-2022,05-01-2023,Latin America,Second Class,3,409.08,0.05,1165.88
ORD003184,CUST00016,PROD0090,21-07-2023,26-07-2023,Europe,Standard Class,7,309.43,0,2166.01
ORD001127,CUST00420,PROD0064,04-11-2022,05-11-2022,North America,First Class,1,562.27,0,562.27
ORD001178,CUST00329,PROD0089,05-03-2022,06-03-2022,Latin America,Standard Class,10,143.69,0.05,1365.06
ORD001238,CUST00583,PROD0074,29-07-2023,01-08-2023,Europe,Standard Class,1,76.23,0.05,72.42
ORD000224,CUST00550,PROD0098,13-02-2022,19-02-2022,Latin America,Second Class,7,365.96,0.1,2305.55
ORD002875,CUST00957,PROD0104,03-02-2024,04-02-2024,Latin America,Second Class,5,256.59,0.05,1218.8
ORD001304,CUST00398,PROD0099,25-03-2023,26-03-2023,Europe,First Class,6,330.98,0.1,1787.29
ORD002664,CUST00405,PROD0078,13-10-2022,14-10-2022,Asia Pacific,,7,324.59,0,2272.13
ORD000059,CUST00916,PROD0026,12-04-2023,14-04-2023,Latin America,Standard Class,7,413.69,0,2895.83
ORD003171,CUST00382,PROD0024,19-04-2022,24-04-2022,Europe,Second Class,10,261.68,0,2616.8
ORD002733,CUST00206,PROD0107,12-07-2023,15-07-2023,North America,Second Class,8,565.5,0,4524
ORD002476,CUST00948,PROD0057,10-05-2024,11-05-2024,Asia Pacific,Standard Class,,224.76,0,224.76
ORD001620,CUST00913,PROD0037,13-10-2024,18-10-2024,Asia Pacific,Standard Class,5,517.48,0.15,2199.29
ORD000482,CUST00957,PROD0081,19-06-2024,24-06-2024,Latin America,First Class,9,29.84,0.1,241.7
ORD000373,CUST00127,PROD0088,09-07-2022,16-07-2022,Europe,Standard Class,8,409.08,0.2,2618.11
ORD000775,CUST00430,PROD0065,13-09-2024,15-09-2024,Europe,Second Class,10,47.55,0,475.5
ORD000277,CUST00361,PROD0101,01-02-2024,04-02-2024,Latin America,Standard Class,4,576.35,0.15,1959.59
ORD000347,CUST00795,PROD0113,24-04-2022,27-04-2022,Latin America,Second Class,6,270.53,0.1,1460.86
ORD000878,CUST00327,PROD0050,14-09-2023,20-09-2023,North America,Second Class,6,224.78,0.05,1281.25
ORD000003,CUST00032,PROD0049,09-10-2024,16-10-2024,Asia Pacific,Standard Class,4,221.36,0,885.44
ORD002587,CUST00065,PROD0005,20-11-2022,21-11-2022,Europe,Same Day,2,410.11,0,820.22
ORD001009,CUST00039,PROD0025,30-12-2022,04-01-2023,Europe,Second Class,2,109.89,0,219.78
ORD002174,CUST00522,PROD0055,14-12-2023,19-12-2023,Europe,Same Day,9,222.38,0,2001.42
ORD000202,CUST00156,PROD0085,13-09-2023,18-09-2023,Latin America,Second Class,2,174.68,0.2,279.49
ORD001879,CUST00411,PROD0019,25-06-2022,29-06-2022,Latin America,Standard Class,9,277.53,0.1,2247.99
ORD002263,CUST00992,PROD0003,23-03-2024,30-03-2024,Latin America,Standard Class,4,456.37,0,1825.48
ORD001937,CUST00178,PROD0091,01-04-2023,07-04-2023,Asia Pacific,Standard Class,5,595.15,0,2975.75
ORD000874,CUST00571,PROD0070,04-05-2022,11-05-2022,North America,Same Day,6,289.02,0.1,1560.71
ORD001689,CUST00447,PROD0020,10-05-2022,12-05-2022,North America,Standard Class,3,391.71,0.2,940.1
ORD001807,CUST00194,PROD0075,22-03-2024,25-03-2024,Europe,Standard Class,5,112.08,0.15,476.34
ORD001491,CUST00535,PROD0107,27-09-2022,28-09-2022,Europe,First Class,4,565.5,0.05,2148.9
ORD002185,CUST00546,PROD0075,31-07-2023,05-08-2023,North America,Second Class,5,112.08,0.05,532.38
ORD000864,CUST00359,PROD0057,19-01-2024,23-01-2024,Asia Pacific,Second Class,8,224.76,0.05,1708.18
ORD003125,CUST00618,PROD0062,25-02-2024,01-03-2024,Latin America,Standard Class,9,41.13,0.05,351.66
ORD000537,CUST00211,PROD0034,11-10-2024,18-10-2024,Europe,First Class,5,552.82,0.1,2487.69
ORD003083,CUST00465,PROD0067,07-07-2022,13-07-2022,North America,First Class,3,40.64,0,121.92
ORD002899,CUST00814,PROD0051,26-02-2022,02-03-2022,Europe,Standard Class,5,222.91,0,1114.55
ORD001885,CUST00915,PROD0017,25-08-2023,30-08-2023,,Same Day,6,257.88,0.1,1392.55
ORD000927,CUST00512,PROD0007,19-12-2022,21-12-2022,Asia Pacific,Standard Class,5,157,0.2,628
ORD002791,CUST00383,PROD0040,23-09-2022,24-09-2022,Latin America,Second Class,3,513.73,0.1,1387.07
ORD002360,CUST00916,PROD0075,30-08-2023,06-09-2023,Latin America,Second Class,4,112.08,0,448.32
ORD000543,CUST00646,PROD0075,16-05-2023,22-05-2023,Asia Pacific,Standard Class,6,112.08,0.05,638.86
ORD001499,CUST00204,PROD0066,22-08-2024,25-08-2024,Asia Pacific,Standard Class,2,339.91,0.05,645.83
ORD002177,CUST00212,PROD0003,27-02-2024,01-03-2024,Asia Pacific,First Class,2,456.37,0.1,821.47
ORD001626,CUST00326,PROD0095,24-01-2023,30-01-2023,Asia Pacific,Standard Class,7,247.15,0.05,1643.55
ORD002242,CUST00537,PROD0084,29-12-2024,04-01-2025,Latin America,Same Day,8,435.65,0,3485.2
ORD001680,CUST00827,PROD0084,18-09-2023,23-09-2023,Asia Pacific,First Class,2,435.65,0.2,697.04
ORD002964,CUST00862,PROD0005,15-12-2023,17-12-2023,Europe,Second Class,2,410.11,0,820.22
ORD001386,CUST00330,PROD0034,02-12-2023,07-12-2023,Europe,Second Class,9,552.82,0.15,4229.07
ORD002796,CUST00619,PROD0074,18-10-2023,23-10-2023,Europe,Second Class,3,76.23,0.05,217.26
ORD000019,CUST00164,PROD0079,29-01-2023,31-01-2023,Europe,Same Day,5,301.9,0,1509.5
ORD001789,CUST00535,PROD0045,19-01-2024,23-01-2024,Asia Pacific,Second Class,8,62.78,0.1,452.02
ORD001892,CUST00422,PROD0076,05-12-2023,12-12-2023,Asia Pacific,Second Class,7,393.52,0,2754.64
ORD001656,CUST00357,PROD0007,24-03-2023,25-03-2023,Latin America,Second Class,7,157,0,1099
ORD003153,CUST00045,PROD0057,25-10-2024,28-10-2024,Europe,Standard Class,6,224.76,0.1,1213.7
ORD000580,CUST00027,PROD0063,16-09-2023,22-09-2023,Latin America,Same Day,2,219.88,0,439.76
ORD000069,CUST00369,PROD0079,18-06-2023,19-06-2023,Asia Pacific,First Class,2,301.9,0.15,513.23
ORD000720,CUST00101,PROD0073,08-04-2022,10-04-2022,Latin America,Standard Class,1,171.97,0,171.97
ORD003044,CUST00577,PROD0104,15-02-2024,21-02-2024,North America,First Class,7,256.59,0.1,1616.52
ORD000042,CUST00806,PROD0009,25-07-2022,26-07-2022,Asia Pacific,First Class,1,232.46,0,232.46
ORD000755,CUST00026,PROD0018,29-03-2023,30-03-2023,North America,Second Class,2,43.23,0,86.46
ORD002406,CUST00793,PROD0070,23-05-2024,24-05-2024,Europe,Same Day,1,289.02,0,289.02
ORD000126,CUST00570,PROD0090,14-01-2023,19-01-2023,North America,First Class,2,309.43,0,618.86
ORD003161,CUST00810,PROD0026,03-10-2023,04-10-2023,Asia Pacific,Second Class,4,413.69,0.1,1489.28
ORD000423,CUST00565,PROD0043,29-02-2024,02-03-2024,Latin America,Second Class,9,470.55,0.15,3599.71
ORD001819,CUST00699,PROD0011,05-04-2024,07-04-2024,Latin America,Second Class,5,168.15,0.2,672.6
ORD001829,CUST00994,PROD0102,07-01-2023,13-01-2023,Asia Pacific,Standard Class,3,86.56,0,259.68
ORD001120,CUST00366,PROD0010,14-02-2023,16-02-2023,North America,Standard Class,8,101.95,0,815.6
ORD000551,CUST00446,PROD0037,14-09-2023,18-09-2023,North America,First Class,4,517.48,0,2069.92
ORD000722,CUST00447,PROD0114,16-10-2023,23-10-2023,North America,Standard Class,2,320.6,0.1,577.08
ORD001492,CUST00719,PROD0028,17-02-2022,19-02-2022,Europe,Standard Class,5,21.47,0.05,101.98
ORD001416,CUST00611,PROD0062,11-12-2023,15-12-2023,Asia Pacific,Standard Class,9,41.13,0.1,333.15
ORD002605,CUST00347,PROD0020,03-08-2024,04-08-2024,North America,Second Class,1,391.71,0.15,332.95
ORD000715,CUST00338,PROD0092,29-06-2024,03-07-2024,North America,Second Class,10,119.48,0,1194.8
ORD002070,CUST00888,PROD0037,23-08-2023,30-08-2023,North America,Second Class,5,517.48,0,2587.4
ORD002884,CUST00421,PROD0099,21-01-2023,23-01-2023,North America,First Class,8,330.98,0,2647.84
ORD002246,CUST00491,PROD0069,19-01-2022,22-01-2022,Latin America,Same Day,7,519.47,0,3636.29
ORD001586,CUST00217,PROD0089,22-06-2023,23-06-2023,Europe,Second Class,1,143.69,0,143.69
ORD003116,CUST00383,PROD0021,03-10-2024,10-10-2024,Latin America,Second Class,6,563.08,0,3378.48
ORD002342,CUST00845,PROD0089,25-12-2024,01-01-2025,Asia Pacific,Standard Class,7,143.69,0,1005.83
ORD002315,CUST00268,PROD0067,23-11-2023,,North America,Same Day,2,40.64,0,81.28
ORD002040,CUST00035,PROD0043,08-01-2023,12-01-2023,Asia Pacific,Standard Class,3,470.55,0,1411.65
ORD001037,CUST00179,PROD0005,26-11-2024,02-12-2024,Asia Pacific,Standard Class,4,410.11,0.1,1476.4
ORD001368,CUST00908,PROD0024,01-06-2022,07-06-2022,Asia Pacific,First Class,4,261.68,0.1,942.05
ORD000472,CUST00270,PROD0088,27-10-2022,01-11-2022,North America,Standard Class,5,409.08,0.2,1636.32
ORD000298,CUST00006,PROD0104,05-08-2024,09-08-2024,,First Class,5,256.59,0.2,1026.36
ORD001913,CUST00425,PROD0063,19-07-2023,26-07-2023,North America,Standard Class,1,219.88,0,219.88
ORD001099,CUST00242,PROD0064,04-07-2023,11-07-2023,Latin America,Standard Class,7,562.27,0.05,3739.1
ORD000593,CUST00095,PROD0100,17-10-2023,19-10-2023,North America,Standard Class,9,160.34,0.1,1298.75
ORD000329,CUST00122,PROD0001,06-06-2024,08-06-2024,North America,Same Day,2,276.1,0.2,441.76
ORD000432,CUST00483,PROD0031,08-10-2022,13-10-2022,Latin America,Standard Class,1,51.38,0.15,43.67
ORD000127,CUST00465,PROD0007,29-03-2023,03-04-2023,Asia Pacific,Standard Class,6,157,0.2,753.6
ORD002648,CUST00043,PROD0087,21-08-2022,27-08-2022,Latin America,Standard Class,2,563.97,0.15,958.75
ORD000491,CUST00285,PROD0011,30-05-2022,05-06-2022,Latin America,Standard Class,10,168.15,0.1,1513.35
ORD002446,CUST00426,PROD0092,16-11-2024,20-11-2024,Latin America,Standard Class,1,119.48,0.2,95.58
ORD000751,CUST00476,PROD0113,28-03-2022,02-04-2022,Asia Pacific,Second Class,2,270.53,0,541.06
ORD001117,CUST00550,PROD0072,17-07-2024,23-07-2024,Asia Pacific,Standard Class,7,380.44,0,2663.08
ORD002382,CUST00169,PROD0041,27-03-2023,30-03-2023,Europe,Same Day,3,204.65,0,613.95
ORD000486,CUST00256,PROD0091,29-09-2022,06-10-2022,Asia Pacific,Standard Class,6,595.15,0.15,3035.26
ORD002398,CUST00501,PROD0048,16-04-2023,20-04-2023,Europe,Standard Class,4,164.65,0.05,625.67
ORD000061,CUST00482,PROD0062,19-06-2024,26-06-2024,Latin America,Standard Class,5,41.13,0,205.65
ORD001962,CUST00229,PROD0104,12-12-2024,14-12-2024,Asia Pacific,First Class,3,256.59,0,769.77
ORD001371,CUST00426,PROD0076,11-09-2024,15-09-2024,Latin America,Second Class,1,393.52,0.1,354.17
ORD001006,CUST00050,PROD0098,10-11-2023,11-11-2023,North America,Standard Class,4,365.96,0,1463.84
ORD001899,CUST00286,PROD0051,10-02-2022,12-02-2022,Europe,Standard Class,1,222.91,0,222.91
ORD002421,CUST00171,PROD0029,20-07-2023,25-07-2023,Latin America,Standard Class,6,159.41,0.05,908.64
ORD001916,CUST00521,PROD0094,10-02-2023,16-02-2023,Asia Pacific,Standard Class,7,585.09,0,4095.63
ORD001309,CUST00091,PROD0083,09-12-2023,16-12-2023,Latin America,First Class,2,14.31,0.15,24.33
ORD001867,CUST00790,PROD0078,21-05-2023,24-05-2023,Europe,First Class,7,324.59,0,2272.13
ORD002931,CUST00769,PROD0107,06-09-2023,07-09-2023,Europe,Standard Class,2,565.5,0.05,1074.45
ORD000073,CUST00679,PROD0055,10-07-2022,16-07-2022,Europe,Second Class,5,222.38,0,1111.9
ORD001900,CUST00928,PROD0101,15-12-2022,19-12-2022,Latin America,First Class,2,576.35,0.15,979.79
ORD002718,CUST00776,PROD0115,29-12-2022,05-01-2023,North America,Standard Class,3,264.42,0,793.26
ORD000629,CUST00764,PROD0035,23-10-2023,29-10-2023,Asia Pacific,Second Class,5,540.44,0,2702.2
ORD000153,CUST00433,PROD0116,06-07-2022,08-07-2022,Asia Pacific,Standard Class,7,155.74,0,1090.18
ORD001392,CUST00960,PROD0067,10-07-2022,12-07-2022,Asia Pacific,Second Class,7,40.64,0,284.48
ORD002025,CUST00676,PROD0114,13-07-2022,14-07-2022,Europe,First Class,7,320.6,0,2244.2
ORD001329,CUST00470,PROD0087,03-04-2024,05-04-2024,Asia Pacific,Second Class,4,563.97,0.15,1917.5
ORD000645,CUST00716,PROD0103,19-05-2024,23-05-2024,Asia Pacific,Standard Class,8,350.94,0.15,2386.39
ORD001241,CUST00425,PROD0020,23-12-2023,27-12-2023,Latin America,Standard Class,7,391.71,0,2741.97
ORD000777,CUST00919,PROD0024,29-09-2024,03-10-2024,Europe,Standard Class,1,261.68,0,261.68
ORD002717,CUST00712,PROD0068,20-10-2024,27-10-2024,Latin America,Standard Class,5,147.64,0,738.2
ORD000242,CUST00994,PROD0091,16-08-2023,22-08-2023,North America,Standard Class,1,595.15,0,595.15
ORD000390,CUST00262,PROD0068,05-05-2024,12-05-2024,North America,First Class,8,147.64,0.2,944.9
ORD001092,CUST00249,PROD0055,02-01-2023,07-01-2023,Latin America,Standard Class,9,222.38,0,2001.42
ORD001790,CUST00374,PROD0009,03-07-2023,06-07-2023,Europe,Standard Class,10,232.46,0.2,1859.68
ORD002984,CUST00853,PROD0034,10-12-2024,11-12-2024,Latin America,Standard Class,7,552.82,0,3869.74
ORD002724,CUST00430,PROD0017,28-06-2023,30-06-2023,North America,First Class,9,257.88,0,2320.92
ORD000466,CUST00973,PROD0007,27-05-2024,31-05-2024,Europe,Second Class,3,157,0.05,447.45
ORD000295,CUST00507,PROD0063,27-09-2024,29-09-2024,Europe,Second Class,2,219.88,0.05,417.77
ORD000570,CUST00391,PROD0049,11-09-2023,12-09-2023,North America,Second Class,6,221.36,0,1328.16
ORD001032,CUST00565,PROD0030,28-03-2023,04-04-2023,Europe,Second Class,3,360.73,0.1,973.97
ORD002914,CUST00612,PROD0105,27-06-2024,30-06-2024,Latin America,Second Class,1,492.55,0,492.55
ORD000111,CUST00049,PROD0021,07-11-2022,09-11-2022,North America,Second Class,2,563.08,0.1,1013.54
ORD002935,CUST00360,PROD0096,20-09-2024,24-09-2024,Asia Pacific,Standard Class,5,343.31,0.2,1373.24
ORD000996,CUST00343,PROD0055,25-07-2023,28-07-2023,Latin America,Same Day,8,222.38,0.1,1601.14
ORD002679,CUST00479,PROD0016,16-07-2023,23-07-2023,North America,Standard Class,4,100.98,0.05,383.72
ORD000769,CUST00865,PROD0060,24-11-2024,25-11-2024,Asia Pacific,Second Class,9,245.79,0.1,1990.9
ORD000743,CUST00150,PROD0081,23-06-2024,26-06-2024,North America,Same Day,1,29.84,0.2,23.87
ORD002166,CUST00229,PROD0091,23-08-2024,30-08-2024,Europe,Standard Class,1,595.15,0.1,535.63
ORD000992,CUST00031,PROD0097,15-06-2023,18-06-2023,North America,Standard Class,1,497.68,0.15,423.03
ORD000236,CUST00334,PROD0053,15-05-2022,19-05-2022,Latin America,Standard Class,2,457.67,0,915.34
ORD000544,CUST00990,PROD0018,08-07-2022,10-07-2022,Latin America,Standard Class,9,43.23,0.05,369.62
ORD001251,CUST00646,PROD0006,06-04-2023,11-04-2023,Latin America,Second Class,2,111.99,0,223.98
ORD003147,CUST00663,PROD0014,05-06-2022,10-06-2022,Asia Pacific,First Class,8,6.03,0.05,45.83
ORD001299,CUST00209,PROD0050,14-10-2024,21-10-2024,North America,Standard Class,10,224.78,0.05,2135.41
ORD001720,CUST00239,PROD0016,24-03-2023,25-03-2023,Latin America,Second Class,,100.98,0,100.98
ORD000352,CUST00695,PROD0021,16-12-2024,23-12-2024,Latin America,Same Day,5,563.08,0.2,2252.32
ORD000890,CUST00318,PROD0085,06-07-2023,08-07-2023,Latin America,First Class,1,174.68,0,174.68
ORD003118,CUST00291,PROD0015,05-09-2022,12-09-2022,Latin America,Standard Class,4,208.86,0.2,668.35
ORD002978,CUST00542,PROD0023,02-08-2022,09-08-2022,Asia Pacific,Second Class,10,454.27,0.05,4315.56
ORD000437,CUST00678,PROD0095,03-08-2022,05-08-2022,Europe,Standard Class,2,247.15,0.2,395.44
ORD001143,CUST00451,PROD0029,07-12-2022,10-12-2022,Asia Pacific,First Class,6,159.41,0.05,908.64
ORD001972,CUST00080,PROD0001,02-12-2023,06-12-2023,Europe,Standard Class,4,276.1,0.1,993.96
ORD001715,CUST00490,PROD0108,21-12-2024,27-12-2024,Europe,Standard Class,3,264.17,0.2,634.01
ORD001148,CUST00672,PROD0015,02-05-2023,07-05-2023,North America,Standard Class,8,208.86,0.15,1420.25
ORD003188,CUST00531,PROD0096,16-08-2024,20-08-2024,Asia Pacific,Standard Class,10,343.31,0,3433.1
ORD002173,CUST00873,PROD0070,13-03-2022,17-03-2022,Asia Pacific,Standard Class,6,289.02,0.15,1474
ORD000306,CUST00941,PROD0015,30-07-2024,05-08-2024,Asia Pacific,Second Class,9,208.86,0,1879.74
ORD000933,CUST00046,PROD0070,14-07-2024,15-07-2024,Europe,Standard Class,6,289.02,0,1734.12
ORD001981,CUST00442,PROD0058,21-01-2023,28-01-2023,North America,Standard Class,8,265.81,0,2126.48
ORD001947,CUST00477,PROD0098,02-12-2023,06-12-2023,Latin America,Same Day,9,365.96,0,3293.64
ORD000547,CUST00637,PROD0024,02-11-2024,09-11-2024,North America,Standard Class,6,261.68,0.2,1256.06
ORD001393,CUST00848,PROD0089,09-01-2023,14-01-2023,Latin America,Standard Class,6,143.69,0.2,689.71
ORD001780,CUST00806,PROD0032,25-11-2024,01-12-2024,Latin America,Standard Class,1,48.7,0,48.7
ORD002669,CUST00545,PROD0059,12-10-2023,18-10-2023,Europe,Standard Class,5,278.67,0,1393.35
ORD002122,CUST00690,PROD0086,10-07-2022,11-07-2022,Europe,Same Day,10,118.96,0.05,1130.12
ORD000004,CUST00625,PROD0005,10-11-2024,12-11-2024,Latin America,Second Class,2,410.11,0.05,779.21
ORD000304,CUST00968,PROD0065,02-08-2022,06-08-2022,North America,Standard Class,3,47.55,0.05,135.52
ORD002235,CUST00623,PROD0071,02-12-2022,06-12-2022,Europe,First Class,10,567.98,0,5679.8
ORD000288,CUST00562,PROD0064,17-09-2023,20-09-2023,North America,Standard Class,10,562.27,0.1,5060.43
ORD002377,CUST00015,PROD0013,30-05-2022,05-06-2022,Asia Pacific,Same Day,9,142.31,0.15,1088.67
ORD001921,CUST00663,PROD0039,13-10-2024,19-10-2024,Europe,Standard Class,9,498.11,0.1,4034.69
ORD000808,CUST00400,PROD0003,28-07-2023,02-08-2023,Latin America,Second Class,5,456.37,0.15,1939.57
ORD002094,CUST00306,PROD0107,12-10-2022,17-10-2022,Latin America,First Class,5,565.5,0,2827.5
ORD000926,CUST00912,PROD0114,11-01-2022,14-01-2022,Europe,Standard Class,7,320.6,0,2244.2
ORD001053,CUST00974,PROD0111,25-12-2023,26-12-2023,North America,Standard Class,3,87.33,0.15,222.69
ORD000799,CUST00064,PROD0083,22-03-2024,27-03-2024,Latin America,Same Day,6,14.31,0.15,72.98
ORD000034,CUST00605,PROD0041,20-12-2022,26-12-2022,Asia Pacific,Second Class,7,204.65,0,1432.55
ORD002492,CUST00727,PROD0018,12-05-2023,17-05-2023,North America,First Class,5,43.23,0.15,183.73
ORD002963,CUST00117,PROD0055,22-06-2023,27-06-2023,Latin America,Standard Class,6,222.38,0,1334.28
ORD003042,CUST01000,PROD0049,28-04-2022,,Europe,Same Day,4,221.36,0.15,752.62
ORD000119,CUST00888,PROD0037,04-11-2024,05-11-2024,Asia Pacific,Standard Class,9,517.48,0.15,3958.72
ORD001297,CUST00151,PROD0046,14-08-2023,17-08-2023,North America,Standard Class,9,156.09,0,1404.81
ORD000798,CUST00077,PROD0054,01-11-2022,03-11-2022,Latin America,Second Class,4,532.54,0,2130.16
ORD002503,CUST00010,PROD0109,17-06-2024,18-06-2024,Europe,First Class,9,15.42,0.05,131.84
ORD000060,CUST00275,PROD0058,24-06-2022,26-06-2022,Europe,Second Class,2,265.81,0,531.62
ORD002885,CUST00536,PROD0020,17-11-2024,21-11-2024,Europe,Standard Class,9,391.71,0,3525.39
ORD002443,CUST00067,PROD0109,28-09-2023,05-10-2023,Latin America,Second Class,3,15.42,0,46.26
ORD000663,CUST00042,PROD0018,09-04-2022,12-04-2022,Asia Pacific,Standard Class,3,43.23,0,129.69
ORD001702,CUST00770,PROD0061,27-09-2023,30-09-2023,,Standard Class,7,546.36,0,3824.52
ORD001587,CUST00601,PROD0099,07-04-2022,10-04-2022,Latin America,Standard Class,9,330.98,0,2978.82
ORD000467,CUST00485,PROD0085,27-09-2023,30-09-2023,North America,Second Class,9,174.68,0.05,1493.51
ORD002513,CUST00492,PROD0074,13-08-2024,17-08-2024,Asia Pacific,Standard Class,2,76.23,0,152.46
ORD001922,CUST00880,PROD0024,02-02-2022,09-02-2022,Europe,Second Class,5,261.68,0,1308.4
ORD000427,CUST00163,PROD0102,03-06-2022,07-06-2022,,First Class,2,86.56,0,173.12
ORD000285,CUST00188,PROD0033,27-01-2022,29-01-2022,Asia Pacific,Standard Class,4,336.59,0,1346.36
ORD000156,CUST00260,PROD0037,22-06-2022,27-06-2022,Asia Pacific,First Class,6,517.48,0.1,2794.39
ORD001623,CUST00926,PROD0070,13-10-2024,18-10-2024,Latin America,Second Class,1,289.02,0,289.02
ORD000181,CUST00256,PROD0021,30-08-2024,04-09-2024,Europe,Standard Class,9,563.08,0,5067.72
ORD002007,CUST00272,PROD0045,18-03-2024,23-03-2024,Europe,Same Day,2,62.78,0,125.56
ORD002982,CUST00255,PROD0089,01-05-2023,03-05-2023,Asia Pacific,Standard Class,2,143.69,0.2,229.9
ORD001074,CUST00081,PROD0004,05-09-2023,06-09-2023,Asia Pacific,First Class,1,503.13,0.2,402.5
ORD000945,CUST00466,PROD0042,24-10-2024,28-10-2024,Asia Pacific,Second Class,7,48.23,0,337.61
ORD002130,CUST00306,PROD0102,01-01-2023,03-01-2023,North America,Second Class,8,86.56,0,692.48
ORD001355,CUST00364,PROD0094,22-10-2024,25-10-2024,Europe,Second Class,1,585.09,0.1,526.58
ORD002519,CUST00671,PROD0032,31-05-2024,02-06-2024,Latin America,Standard Class,3,48.7,0,146.1
ORD000014,CUST00543,PROD0097,12-11-2022,19-11-2022,Latin America,Standard Class,1,497.68,0.2,398.14
ORD000175,CUST00031,PROD0055,13-01-2023,17-01-2023,Europe,First Class,4,222.38,0,889.52
ORD000708,CUST00921,PROD0104,29-06-2023,,Asia Pacific,Second Class,10,256.59,0.15,2181.01
ORD000734,CUST00957,PROD0054,29-10-2023,01-11-2023,North America,Second Class,6,532.54,0.05,3035.48
ORD002371,CUST00501,PROD0041,23-03-2023,26-03-2023,Latin America,Standard Class,8,204.65,0,1637.2
ORD001843,CUST00839,PROD0057,16-08-2022,22-08-2022,Latin America,Standard Class,7,224.76,0,1573.32
ORD001993,CUST00731,PROD0061,13-04-2023,19-04-2023,Latin America,First Class,7,546.36,0.1,3442.07
ORD000063,CUST00807,PROD0013,27-12-2023,02-01-2024,Latin America,Standard Class,7,142.31,0.05,946.36
ORD001250,CUST00712,PROD0108,16-12-2022,18-12-2022,Asia Pacific,Standard Class,3,264.17,0.15,673.63
ORD002821,CUST00975,PROD0056,27-01-2023,03-02-2023,Latin America,Second Class,6,35.09,0.15,178.96
ORD000322,CUST00105,PROD0044,11-03-2022,15-03-2022,North America,Standard Class,4,112.46,0,449.84
ORD001418,CUST00180,PROD0025,27-07-2022,30-07-2022,North America,Second Class,5,109.89,0.15,467.03
ORD002425,CUST00482,PROD0099,17-01-2023,20-01-2023,North America,Second Class,6,330.98,0,1985.88
ORD001196,CUST00424,PROD0009,13-11-2024,18-11-2024,Asia Pacific,Same Day,2,232.46,0,464.92
ORD002396,CUST00035,PROD0001,03-10-2023,10-10-2023,Asia Pacific,First Class,6,276.1,0.1,1490.94
ORD002544,CUST00418,PROD0004,31-01-2023,05-02-2023,Latin America,Second Class,10,503.13,0,5031.3
ORD003154,CUST00524,PROD0065,31-10-2024,01-11-2024,Latin America,Second Class,5,47.55,0.05,225.86
ORD002312,CUST00919,PROD0071,29-09-2022,30-09-2022,Asia Pacific,Standard Class,5,567.98,0.2,2271.92
ORD001189,CUST00396,PROD0042,31-01-2022,01-02-2022,North America,Standard Class,5,48.23,0.15,204.98
ORD001772,CUST00362,PROD0066,05-09-2022,06-09-2022,Asia Pacific,Standard Class,1,339.91,0,339.91
ORD000846,CUST00381,PROD0028,26-09-2024,03-10-2024,North America,First Class,4,21.47,0.15,73
ORD001497,CUST00026,PROD0014,26-03-2024,29-03-2024,North America,,9,6.03,0.1,48.84
ORD001239,CUST00696,PROD0086,09-06-2023,12-06-2023,Europe,Standard Class,4,118.96,0.2,380.67
ORD002399,CUST00228,PROD0103,14-06-2023,19-06-2023,North America,Standard Class,7,350.94,0,2456.58
ORD002147,CUST00221,PROD0047,28-09-2022,01-10-2022,Latin America,Standard Class,7,41.92,0.05,278.77
ORD000418,CUST00319,PROD0091,11-10-2024,17-10-2024,North America,Standard Class,6,595.15,0.15,3035.26
ORD001615,CUST00498,PROD0066,26-03-2023,31-03-2023,Europe,Standard Class,2,339.91,0.1,611.84
ORD001412,CUST00620,PROD0085,29-03-2023,02-04-2023,Latin America,Second Class,4,174.68,0,698.72
ORD000797,CUST00792,PROD0073,02-11-2023,04-11-2023,Asia Pacific,Second Class,4,171.97,0.05,653.49
ORD001890,CUST00880,PROD0088,06-09-2024,10-09-2024,Europe,Second Class,7,409.08,0.05,2720.38
ORD003034,CUST00768,PROD0112,11-07-2022,13-07-2022,Latin America,First Class,6,229.22,0,1375.32
ORD002568,CUST00633,PROD0004,06-02-2024,07-02-2024,Europe,Standard Class,8,503.13,0.15,3421.28
ORD003059,CUST00813,PROD0016,13-10-2023,14-10-2023,Europe,Standard Class,2,100.98,0,201.96
ORD002973,CUST00097,PROD0103,22-05-2023,25-05-2023,Asia Pacific,Second Class,3,350.94,0,1052.82
ORD000463,CUST00448,PROD0064,31-10-2023,03-11-2023,Asia Pacific,Second Class,8,562.27,0.05,4273.25
ORD002743,CUST00353,PROD0088,13-03-2024,16-03-2024,Europe,Second Class,4,409.08,0.1,1472.69
ORD000583,CUST00501,PROD0091,20-12-2023,25-12-2023,Europe,Same Day,7,595.15,0.2,3332.84
ORD000983,CUST00540,PROD0029,09-04-2022,13-04-2022,North America,Standard Class,9,159.41,0,1434.69
ORD002273,CUST00330,PROD0017,18-11-2023,20-11-2023,North America,Second Class,2,257.88,0,515.76
ORD003112,CUST00297,PROD0066,29-10-2024,04-11-2024,North America,First Class,10,339.91,0,3399.1
ORD000513,CUST00433,PROD0070,18-09-2024,21-09-2024,,Standard Class,2,289.02,0.2,462.43
ORD001851,CUST00126,PROD0034,09-09-2022,16-09-2022,Europe,Standard Class,2,552.82,0,1105.64
ORD002941,CUST00490,PROD0083,14-07-2023,17-07-2023,Europe,Standard Class,7,14.31,0,100.17
ORD001331,CUST00581,PROD0088,07-04-2024,09-04-2024,Asia Pacific,First Class,9,409.08,0,3681.72
ORD002846,CUST00649,PROD0028,10-07-2023,17-07-2023,Latin America,Standard Class,5,21.47,0.15,91.25
ORD002252,CUST00280,PROD0041,12-01-2022,15-01-2022,North America,Standard Class,4,204.65,,818.6
ORD000145,CUST00605,PROD0043,17-09-2022,23-09-2022,North America,Second Class,4,470.55,0.1,1693.98
ORD001130,CUST00040,PROD0075,28-02-2024,03-03-2024,North America,Standard Class,9,112.08,0.15,857.41
ORD002372,CUST00242,PROD0085,24-02-2022,01-03-2022,North America,Standard Class,1,174.68,0.1,157.21
ORD001280,CUST00777,PROD0012,29-05-2024,05-06-2024,Latin America,Standard Class,10,250.39,0.05,2378.7
ORD002660,CUST00903,PROD0002,27-03-2024,30-03-2024,North America,Standard Class,2,368.56,0.05,700.26
ORD002629,CUST00639,PROD0037,25-04-2023,27-04-2023,Europe,Same Day,5,517.48,0,2587.4
ORD000183,CUST00339,PROD0109,20-09-2023,26-09-2023,Europe,Same Day,3,15.42,0,46.26
ORD001349,CUST00874,PROD0066,23-11-2023,29-11-2023,Asia Pacific,First Class,1,339.91,0.2,271.93
ORD000665,CUST00458,PROD0075,09-10-2023,14-10-2023,Latin America,Same Day,5,112.08,0.1,504.36
ORD002427,CUST00105,PROD0065,14-02-2022,18-02-2022,North America,Second Class,8,47.55,0.05,361.38
ORD003100,CUST00189,PROD0078,22-05-2022,26-05-2022,North America,Standard Class,5,324.59,0,1622.95
ORD001431,CUST00614,PROD0051,29-05-2022,31-05-2022,Asia Pacific,First Class,9,222.91,0,2006.19
ORD002886,CUST00669,PROD0053,22-08-2024,27-08-2024,Europe,Second Class,2,457.67,0,915.34
ORD002151,CUST00106,PROD0104,17-12-2022,18-12-2022,North America,Second Class,9,256.59,0.1,2078.38
ORD001283,CUST00523,PROD0006,25-08-2022,26-08-2022,Asia Pacific,Standard Class,8,111.99,0,895.92
ORD001826,CUST00291,PROD0015,19-04-2022,23-04-2022,Asia Pacific,Second Class,5,208.86,0.15,887.66
ORD002060,CUST00505,PROD0056,20-09-2024,27-09-2024,Europe,Standard Class,2,35.09,0,70.18
ORD002048,CUST00233,PROD0008,21-03-2022,27-03-2022,Europe,Second Class,6,508.54,0,3051.24
ORD000239,CUST00064,PROD0074,17-08-2024,21-08-2024,North America,Standard Class,10,76.23,0,762.3
ORD000260,CUST00081,PROD0030,25-10-2024,31-10-2024,Europe,Second Class,4,360.73,0.05,1370.77
ORD001927,CUST00557,PROD0011,25-11-2023,26-11-2023,Asia Pacific,Same Day,2,168.15,0.2,269.04
ORD001169,CUST00384,PROD0033,27-04-2023,02-05-2023,Latin America,First Class,1,336.59,0,336.59
ORD002114,CUST00845,PROD0076,19-08-2023,20-08-2023,Latin America,Standard Class,3,393.52,0,1180.56
ORD000768,CUST00317,PROD0066,28-05-2024,31-05-2024,Europe,Standard Class,6,339.91,0,2039.46
ORD000214,CUST00205,PROD0051,11-03-2024,17-03-2024,Latin America,Standard Class,9,222.91,0.15,1705.26
ORD000991,CUST00017,PROD0030,21-02-2024,25-02-2024,Europe,Standard Class,1,360.73,0.1,324.66
ORD000176,CUST00240,PROD0074,13-07-2022,16-07-2022,Asia Pacific,Standard Class,2,76.23,0.05,144.84
ORD000974,CUST00028,PROD0029,05-05-2024,06-05-2024,Europe,Standard Class,3,159.41,0,478.23
ORD001750,CUST00255,PROD0084,09-07-2022,12-07-2022,Latin America,Second Class,4,435.65,0.2,1394.08
ORD000438,CUST00680,PROD0067,28-12-2023,29-12-2023,North America,First Class,3,40.64,0,121.92
ORD002819,CUST00685,PROD0113,02-11-2023,03-11-2023,Latin America,Standard Class,4,270.53,0,1082.12
ORD000402,CUST00083,PROD0015,01-04-2023,07-04-2023,Europe,First Class,3,208.86,0,626.58
ORD002776,CUST00483,PROD0044,25-07-2022,01-08-2022,North America,Standard Class,8,112.46,0.2,719.74
ORD002877,CUST00355,PROD0115,22-06-2023,25-06-2023,North America,Second Class,7,264.42,0,1850.94
ORD001700,CUST00175,PROD0037,20-05-2023,21-05-2023,Asia Pacific,Standard Class,5,517.48,0.05,2458.03
ORD001423,CUST00471,PROD0023,12-01-2023,14-01-2023,Asia Pacific,Second Class,3,454.27,0.2,1090.25
ORD000045,CUST00207,PROD0077,27-11-2024,28-11-2024,Latin America,Standard Class,1,19.56,0.15,16.63
ORD001894,CUST00031,PROD0006,21-10-2024,27-10-2024,North America,Standard Class,8,111.99,0.15,761.53
ORD001414,CUST00945,PROD0072,29-11-2023,06-12-2023,Asia Pacific,Second Class,9,380.44,0.15,2910.37
ORD001948,CUST00165,PROD0075,02-07-2024,03-07-2024,Latin America,Standard Class,7,112.08,0,784.56
ORD000909,CUST00924,PROD0012,22-04-2022,23-04-2022,Latin America,Same Day,5,250.39,0.1,1126.75
ORD002758,CUST00371,PROD0073,10-01-2023,12-01-2023,Europe,Second Class,7,171.97,0,1203.79
ORD000611,CUST00498,PROD0068,14-04-2022,17-04-2022,North America,Standard Class,8,147.64,0.1,1063.01
ORD000110,CUST00810,PROD0048,19-01-2024,24-01-2024,Europe,Standard Class,6,164.65,0,987.9
ORD001057,CUST00490,PROD0002,31-05-2022,06-06-2022,North America,First Class,4,368.56,0.15,1253.1
ORD000844,CUST00390,PROD0064,01-12-2024,06-12-2024,Europe,Standard Class,6,562.27,0.15,2867.58
ORD001487,CUST00364,PROD0011,14-08-2022,19-08-2022,Latin America,Standard Class,3,168.15,0,504.45
ORD002506,CUST00291,PROD0088,02-03-2023,07-03-2023,Latin America,Second Class,6,409.08,0.15,2086.31
ORD001872,CUST00034,PROD0064,21-08-2023,23-08-2023,Latin America,Second Class,4,562.27,0.05,2136.63
ORD002558,CUST00536,PROD0089,13-04-2022,19-04-2022,Asia Pacific,Standard Class,6,143.69,0,862.14
ORD002237,CUST00327,PROD0010,04-07-2024,08-07-2024,North America,Standard Class,10,101.95,0.15,866.57
ORD002470,CUST00866,PROD0043,02-11-2024,04-11-2024,North America,Standard Class,10,470.55,0,4705.5
ORD001565,CUST00660,PROD0069,06-03-2022,12-03-2022,Asia Pacific,Standard Class,1,519.47,0,519.47
ORD000032,CUST00477,PROD0051,18-02-2023,24-02-2023,Europe,Second Class,8,222.91,0.2,1426.62
ORD000106,CUST00406,PROD0066,01-05-2024,04-05-2024,Europe,Standard Class,4,339.91,0.2,1087.71
ORD000364,CUST00944,PROD0109,24-11-2023,27-11-2023,Asia Pacific,First Class,3,15.42,0,46.26
ORD000208,CUST00228,PROD0037,23-07-2024,28-07-2024,Asia Pacific,Standard Class,5,517.48,0.1,2328.66
ORD001622,CUST00634,PROD0056,29-06-2024,04-07-2024,North America,Standard Class,7,35.09,0,245.63
ORD002199,CUST00502,PROD0096,12-07-2024,19-07-2024,Europe,Standard Class,2,343.31,0.05,652.29
ORD000954,CUST00639,PROD0111,23-05-2023,24-05-2023,Asia Pacific,Standard Class,10,87.33,0,873.3
ORD002285,CUST00815,PROD0094,13-11-2023,14-11-2023,Asia Pacific,Standard Class,6,585.09,0.1,3159.49
ORD001558,CUST00926,PROD0065,21-04-2022,25-04-2022,Europe,Standard Class,9,47.55,0,427.95
ORD001970,CUST00958,PROD0023,18-02-2023,19-02-2023,Latin America,Standard Class,4,454.27,0,1817.08
ORD000361,CUST00642,PROD0098,14-12-2022,18-12-2022,Latin America,Standard Class,5,365.96,0,1829.8
ORD000200,CUST00470,PROD0112,20-02-2023,22-02-2023,Latin America,Standard Class,10,229.22,0,2292.2
ORD002088,CUST00217,PROD0014,24-10-2024,28-10-2024,Europe,Standard Class,10,6.03,0.05,57.29
ORD001243,CUST00868,PROD0089,10-01-2022,12-01-2022,Asia Pacific,Second Class,3,143.69,0.2,344.86
ORD001918,CUST00048,PROD0014,17-10-2023,21-10-2023,Latin America,First Class,9,6.03,0,54.27
ORD002564,CUST00878,PROD0079,29-02-2024,03-03-2024,Asia Pacific,Second Class,1,301.9,0,301.9
ORD002657,CUST00264,PROD0010,20-06-2023,27-06-2023,Latin America,Standard Class,5,101.95,0,509.75
ORD001482,CUST00886,PROD0023,07-01-2022,14-01-2022,Europe,Same Day,10,454.27,0,4542.7
ORD002713,CUST00330,PROD0038,18-11-2023,24-11-2023,Asia Pacific,Standard Class,8,197,0.05,1497.2
ORD000695,CUST00218,PROD0086,12-08-2023,16-08-2023,Latin America,Second Class,2,118.96,0.05,226.02
ORD000253,CUST00194,PROD0099,13-08-2024,20-08-2024,Europe,Standard Class,2,330.98,0,661.96
ORD000937,CUST00039,PROD0028,19-06-2024,23-06-2024,Asia Pacific,Second Class,4,21.47,0.1,77.29
ORD000377,CUST00820,PROD0021,03-04-2024,07-04-2024,Europe,Standard Class,8,563.08,0,4504.64
ORD000773,CUST00101,PROD0052,30-06-2022,07-07-2022,Asia Pacific,Second Class,6,524.08,0,3144.48
ORD001391,CUST00199,PROD0046,02-05-2024,08-05-2024,North America,Second Class,10,156.09,0.2,1248.72
ORD000597,CUST00778,PROD0107,29-03-2022,02-04-2022,Asia Pacific,Standard Class,9,565.5,0.2,4071.6
ORD002512,CUST00595,PROD0052,18-07-2022,23-07-2022,Latin America,Standard Class,1,524.08,0,524.08
ORD003104,CUST00532,PROD0064,20-07-2024,25-07-2024,North America,Standard Class,9,562.27,0.1,4554.39
ORD001075,CUST00430,PROD0042,01-03-2023,05-03-2023,North America,Standard Class,4,48.23,0,192.92
ORD000408,CUST00744,PROD0085,03-02-2022,05-02-2022,Asia Pacific,Standard Class,2,174.68,0,349.36
ORD000528,CUST00505,PROD0009,26-01-2024,31-01-2024,Asia Pacific,Standard Class,5,232.46,0.15,987.95
ORD001695,CUST00802,PROD0070,20-01-2023,21-01-2023,Latin America,Standard Class,8,289.02,0,2312.16
ORD002461,CUST00953,PROD0112,29-07-2022,04-08-2022,North America,Standard Class,,229.22,0,1375.32
ORD003115,CUST00396,PROD0064,05-11-2023,06-11-2023,Asia Pacific,Standard Class,6,562.27,0.1,3036.26
ORD001588,CUST00474,PROD0050,09-10-2024,11-10-2024,North America,Standard Class,9,224.78,0.2,1618.42
ORD002109,CUST00491,PROD0082,20-04-2023,,North America,Second Class,10,542.12,0,5421.2
ORD002073,CUST00601,PROD0051,04-07-2024,06-07-2024,North America,Standard Class,10,222.91,0,2229.1
ORD002106,CUST00254,PROD0073,12-12-2023,13-12-2023,North America,Standard Class,7,171.97,0.1,1083.41
ORD002424,CUST00503,PROD0018,15-04-2023,19-04-2023,North America,Standard Class,5,43.23,0,216.15
ORD001025,CUST00653,PROD0103,04-03-2024,09-03-2024,North America,Standard Class,1,350.94,0,350.94
ORD001192,CUST00879,PROD0048,07-09-2024,13-09-2024,North America,Standard Class,9,164.65,0,1481.85
ORD002133,CUST00206,PROD0015,03-11-2022,07-11-2022,North America,Standard Class,7,208.86,0,1462.02
ORD001387,CUST00440,PROD0057,31-03-2023,04-04-2023,Europe,Standard Class,10,224.76,0,2247.6
ORD002756,CUST00345,PROD0052,05-11-2024,11-11-2024,North America,Second Class,7,524.08,0.1,3301.7
ORD000107,CUST00231,PROD0014,08-03-2023,09-03-2023,Asia Pacific,Second Class,9,6.03,0.15,46.13
ORD000894,CUST00919,PROD0028,24-05-2024,26-05-2024,Asia Pacific,Standard Class,5,21.47,0.15,91.25
ORD001973,CUST00743,PROD0091,17-04-2023,21-04-2023,Latin America,First Class,1,595.15,0,595.15
ORD001019,CUST00431,PROD0063,10-04-2022,17-04-2022,Europe,Standard Class,9,219.88,0.1,1781.03
ORD000342,CUST00927,PROD0071,07-05-2023,11-05-2023,Asia Pacific,First Class,2,567.98,0.1,1022.36
ORD000561,CUST00804,PROD0032,29-09-2023,02-10-2023,Asia Pacific,Standard Class,5,48.7,0.05,231.32
ORD001629,CUST00672,PROD0062,20-05-2022,26-05-2022,Latin America,Second Class,9,41.13,0.2,296.14
ORD002641,CUST00282,PROD0082,25-11-2023,29-11-2023,Asia Pacific,First Class,3,542.12,0.15,1382.41
ORD001451,CUST00251,PROD0044,07-01-2023,10-01-2023,Europe,First Class,8,112.46,0.2,719.74
ORD002731,CUST00314,PROD0090,16-03-2024,22-03-2024,Latin America,Second Class,5,309.43,0,1547.15
ORD000850,CUST00777,PROD0100,21-07-2022,28-07-2022,North America,Second Class,6,160.34,0.05,913.94
ORD001404,CUST00716,PROD0045,14-09-2022,20-09-2022,North America,Standard Class,9,62.78,0,565.02
ORD003123,CUST00977,PROD0009,09-10-2023,16-10-2023,North America,Second Class,8,232.46,,1487.74
ORD002292,CUST00056,PROD0106,08-05-2023,11-05-2023,Europe,Second Class,6,516.83,0,3100.98
ORD002082,CUST00371,PROD0054,03-03-2024,07-03-2024,Latin America,Standard Class,5,532.54,0.2,2130.16
ORD002280,CUST00793,PROD0078,03-11-2024,10-11-2024,North America,Standard Class,4,324.59,0,1298.36
ORD002333,CUST00602,PROD0101,15-06-2024,21-06-2024,Latin America,Standard Class,8,576.35,0,4610.8
ORD000297,CUST00090,PROD0088,10-06-2022,14-06-2022,North America,First Class,1,409.08,0.15,347.72
ORD000222,CUST00931,PROD0052,03-06-2023,05-06-2023,North America,Second Class,8,524.08,0.1,3773.38
ORD002615,CUST00702,PROD0026,18-01-2022,19-01-2022,North America,Same Day,10,413.69,0,4136.9
ORD002411,CUST00813,PROD0084,25-02-2023,04-03-2023,Latin America,Second Class,10,435.65,0.05,4138.68
ORD001787,CUST00841,PROD0049,13-10-2024,20-10-2024,Asia Pacific,Standard Class,8,221.36,0.15,1505.25
ORD002662,CUST00680,PROD0002,30-03-2024,02-04-2024,Europe,Second Class,5,368.56,0.05,1750.66
ORD000589,CUST00100,PROD0012,11-05-2024,13-05-2024,North America,Standard Class,9,250.39,0,2253.51
ORD001123,CUST00533,PROD0100,26-10-2024,30-10-2024,Europe,First Class,6,160.34,0.2,769.63
ORD002594,CUST00549,PROD0015,28-03-2024,01-04-2024,Latin America,Standard Class,5,208.86,0,1044.3
ORD000435,CUST00597,PROD0022,03-08-2022,,Latin America,Standard Class,7,390.44,0,2733.08
ORD002291,CUST00895,PROD0080,29-04-2023,01-05-2023,Asia Pacific,First Class,3,91.3,0.15,232.81
ORD000977,CUST00742,PROD0070,25-05-2024,30-05-2024,Asia Pacific,Second Class,6,289.02,0,1734.12
ORD001941,CUST00603,PROD0036,24-10-2024,31-10-2024,Europe,Second Class,5,239.9,0.2,959.6
ORD000415,CUST00035,PROD0073,16-05-2024,21-05-2024,Europe,First Class,9,171.97,0.2,1238.18
ORD002706,CUST00053,PROD0077,23-11-2022,29-11-2022,Latin America,Standard Class,10,19.56,0.05,185.82
ORD000383,CUST00425,PROD0081,17-08-2024,18-08-2024,Latin America,Standard Class,1,29.84,0,29.84
ORD001883,CUST00160,PROD0110,05-11-2023,12-11-2023,Asia Pacific,Standard Class,2,453.31,0,906.62
ORD001334,CUST00425,PROD0002,22-09-2022,25-09-2022,Latin America,Standard Class,4,368.56,0,1474.24
ORD002857,CUST00247,PROD0099,05-09-2022,06-09-2022,North America,Standard Class,5,330.98,0,1654.9
ORD000349,CUST00381,PROD0085,31-05-2024,01-06-2024,North America,First Class,9,174.68,0.1,1414.91
ORD000006,CUST00810,PROD0051,28-01-2024,29-01-2024,Asia Pacific,First Class,4,222.91,0.15,757.89
ORD000337,CUST00300,PROD0023,16-08-2022,21-08-2022,Europe,Standard Class,6,454.27,0.05,2589.34
ORD001641,CUST00756,PROD0080,10-01-2023,13-01-2023,Latin America,Same Day,4,91.3,0,365.2
ORD003150,CUST00872,PROD0108,24-08-2022,25-08-2022,Europe,Second Class,4,264.17,0.1,951.01
ORD000219,CUST00758,PROD0111,29-07-2022,03-08-2022,Europe,Standard Class,9,87.33,0.2,628.78
ORD002659,CUST00728,PROD0092,29-08-2023,04-09-2023,Latin America,Second Class,2,119.48,0,238.96
ORD000178,CUST00046,PROD0071,14-09-2022,20-09-2022,Europe,Standard Class,2,567.98,0.15,965.57
ORD001842,CUST00843,PROD0059,22-12-2022,26-12-2022,Europe,Standard Class,4,278.67,0.05,1058.95
ORD001278,CUST00470,PROD0013,22-10-2024,24-10-2024,North America,Standard Class,7,142.31,0,996.17
ORD000012,CUST00631,PROD0011,25-06-2023,27-06-2023,Asia Pacific,Standard Class,10,168.15,0,1681.5
ORD003023,CUST00525,PROD0023,12-07-2024,18-07-2024,Europe,Second Class,6,454.27,0,2725.62
ORD003062,CUST00059,PROD0059,10-09-2023,12-09-2023,Europe,Standard Class,9,278.67,0,2508.03
ORD001808,CUST00461,PROD0039,10-01-2023,17-01-2023,Latin America,Standard Class,5,498.11,0.2,1992.44
ORD000098,CUST00217,PROD0061,06-10-2024,09-10-2024,Asia Pacific,Standard Class,8,546.36,0.1,3933.79
ORD000067,CUST00195,PROD0079,24-10-2023,31-10-2023,Latin America,Standard Class,5,301.9,0,1509.5
ORD002044,CUST00248,PROD0048,14-06-2024,18-06-2024,North America,First Class,5,164.65,0,823.25
ORD001118,CUST00440,PROD0070,06-03-2023,13-03-2023,Latin America,Same Day,2,289.02,0.1,520.24
ORD002803,CUST00400,PROD0002,24-02-2022,26-02-2022,Europe,Standard Class,8,368.56,0.1,2653.63
ORD003170,CUST00121,PROD0071,08-10-2024,12-10-2024,Latin America,Second Class,8,567.98,0.2,3635.07
ORD000603,CUST00615,PROD0113,28-11-2023,04-12-2023,Europe,First Class,6,270.53,0.05,1542.02
ORD002870,CUST00135,PROD0014,16-12-2022,22-12-2022,Asia Pacific,Second Class,8,6.03,0.05,45.83
ORD003176,CUST00882,PROD0098,28-03-2023,29-03-2023,Europe,Standard Class,9,365.96,0,3293.64
ORD000621,CUST00836,PROD0030,12-12-2024,16-12-2024,North America,Standard Class,8,360.73,0.2,2308.67
ORD002451,CUST00682,PROD0042,19-02-2023,24-02-2023,North America,Same Day,9,48.23,0,434.07
ORD003113,CUST00646,PROD0047,09-01-2023,12-01-2023,Europe,Standard Class,5,41.92,0,209.6
ORD000815,CUST00506,PROD0042,28-12-2024,02-01-2025,Latin America,Same Day,10,48.23,0.2,385.84
ORD001835,CUST00777,PROD0022,05-05-2022,09-05-2022,Asia Pacific,Second Class,8,390.44,0.1,2811.17
ORD001577,CUST00482,PROD0090,02-07-2023,03-07-2023,Latin America,Second Class,5,309.43,0.2,1237.72
ORD001343,CUST00959,PROD0073,25-10-2022,31-10-2022,Europe,Standard Class,4,171.97,0,687.88
ORD001816,CUST00443,PROD0015,21-02-2023,22-02-2023,Europe,Standard Class,3,208.86,0,626.58
ORD001229,CUST00968,PROD0042,05-12-2022,09-12-2022,Europe,Standard Class,2,48.23,0.2,77.17
ORD001711,CUST00422,PROD0086,23-09-2023,24-09-2023,Latin America,Second Class,5,118.96,0,594.8
ORD000516,CUST00999,PROD0091,21-08-2024,24-08-2024,Latin America,First Class,4,595.15,0,2380.6
ORD002466,CUST00537,PROD0101,19-06-2023,25-06-2023,Latin America,Standard Class,7,576.35,0,4034.45
ORD001363,CUST00320,PROD0074,20-04-2024,23-04-2024,Europe,First Class,10,76.23,0,762.3
ORD003190,CUST00608,PROD0030,30-04-2024,01-05-2024,North America,Same Day,1,360.73,0.05,342.69
ORD002520,CUST00206,PROD0071,19-08-2023,25-08-2023,Latin America,Standard Class,8,567.98,0,4543.84
ORD000284,CUST00619,PROD0033,20-11-2024,24-11-2024,Asia Pacific,Second Class,8,336.59,0,2692.72
ORD003159,CUST00261,PROD0006,22-12-2022,26-12-2022,Europe,Second Class,10,111.99,0.15,951.91
ORD001759,CUST00170,PROD0026,25-10-2022,27-10-2022,Asia Pacific,Standard Class,10,413.69,0,4136.9
ORD000091,CUST00683,PROD0012,17-06-2022,24-06-2022,North America,Standard Class,10,250.39,0.15,2128.31
ORD001923,CUST00117,PROD0026,26-08-2024,28-08-2024,Asia Pacific,Second Class,3,413.69,0,1241.07
ORD000279,CUST00727,PROD0074,02-03-2022,07-03-2022,,,6,76.23,0.05,434.51
ORD001606,CUST00789,PROD0089,09-11-2024,13-11-2024,Latin America,Second Class,10,143.69,0,1436.9
ORD001991,CUST00823,PROD0052,19-04-2023,26-04-2023,Asia Pacific,Standard Class,9,524.08,0.05,4480.88
ORD001246,CUST00180,PROD0022,15-03-2022,17-03-2022,Asia Pacific,Standard Class,8,390.44,0,3123.52
ORD002644,CUST00319,PROD0002,27-01-2022,31-01-2022,Latin America,Second Class,10,368.56,,3317.04
ORD002301,CUST00198,PROD0078,11-04-2022,13-04-2022,Latin America,Standard Class,2,324.59,0,649.18
ORD000033,CUST00172,PROD0103,23-05-2023,24-05-2023,Asia Pacific,Second Class,3,350.94,0.1,947.54
ORD002373,CUST00984,PROD0007,24-09-2022,27-09-2022,North America,First Class,9,157,0.2,1130.4
ORD000225,CUST00052,PROD0035,10-12-2023,14-12-2023,Europe,Standard Class,10,540.44,0.15,4593.74
ORD001658,CUST00256,PROD0099,04-12-2022,08-12-2022,Latin America,Standard Class,2,330.98,0.2,529.57
ORD002366,CUST00516,PROD0062,14-06-2023,21-06-2023,Europe,Standard Class,5,41.13,0,205.65
ORD001382,CUST00841,PROD0032,29-10-2022,03-11-2022,Europe,Same Day,7,48.7,0,340.9
ORD002409,CUST00496,PROD0028,18-01-2023,24-01-2023,North America,Same Day,4,21.47,0.15,73
ORD001732,CUST00216,PROD0034,12-07-2024,13-07-2024,,Standard Class,4,552.82,0.15,1879.59
ORD002453,CUST00470,PROD0032,28-01-2022,30-01-2022,Asia Pacific,Same Day,3,48.7,0,146.1
ORD000229,CUST00407,PROD0096,19-09-2022,21-09-2022,Europe,Standard Class,6,343.31,0,2059.86
ORD000231,CUST00187,PROD0058,05-03-2022,06-03-2022,Latin America,Second Class,9,265.81,0.05,2272.68
ORD003033,CUST00142,PROD0023,18-05-2023,24-05-2023,North America,Second Class,10,454.27,0.15,3861.29
ORD002310,CUST00914,PROD0106,22-02-2024,28-02-2024,Asia Pacific,Second Class,7,516.83,0.05,3436.92
ORD000406,CUST00778,PROD0107,18-09-2024,20-09-2024,North America,Same Day,8,565.5,0,4524
ORD000631,CUST00134,PROD0063,12-01-2022,16-01-2022,Europe,Standard Class,8,219.88,0,1759.04
ORD002906,CUST00998,PROD0048,09-07-2024,16-07-2024,Latin America,First Class,8,164.65,0.1,1185.48
ORD002483,CUST00023,PROD0045,09-04-2022,14-04-2022,Europe,Standard Class,7,62.78,0.1,395.51
ORD000309,CUST00668,PROD0019,07-08-2024,14-08-2024,Latin America,Standard Class,6,277.53,0,1665.18
ORD000234,CUST00878,PROD0029,19-11-2023,20-11-2023,North America,Standard Class,1,159.41,0.2,127.53
ORD001540,CUST00253,PROD0057,07-01-2024,12-01-2024,North America,Second Class,6,224.76,0.1,1213.7
ORD000781,CUST00852,PROD0052,22-12-2024,25-12-2024,Europe,Second Class,4,524.08,0.05,1991.5
ORD001505,CUST00176,PROD0001,29-12-2023,31-12-2023,North America,Second Class,7,276.1,0,1932.7
ORD000882,CUST00532,PROD0034,17-04-2023,24-04-2023,North America,First Class,2,552.82,0.1,995.08
ORD002561,CUST00385,PROD0094,27-05-2023,31-05-2023,Asia Pacific,Standard Class,2,585.09,0.2,936.14
ORD002042,CUST00054,PROD0072,30-01-2022,06-02-2022,Europe,First Class,9,380.44,0,3423.96
ORD001364,CUST00253,PROD0076,13-11-2022,17-11-2022,Europe,Second Class,4,393.52,0.15,1337.97
ORD002414,CUST00715,PROD0032,01-05-2024,07-05-2024,Europe,Standard Class,2,48.7,0.2,77.92
ORD002489,CUST00018,PROD0059,05-04-2024,09-04-2024,Asia Pacific,Standard Class,1,278.67,0.1,250.8
ORD001294,CUST00025,PROD0010,14-10-2024,19-10-2024,Europe,Second Class,8,101.95,0,815.6
ORD001721,CUST00653,PROD0064,24-09-2023,27-09-2023,Asia Pacific,Second Class,7,562.27,0,3935.89
ORD002288,CUST00047,PROD0003,22-08-2022,25-08-2022,Latin America,First Class,6,456.37,0,2738.22
ORD001498,CUST00520,PROD0007,20-11-2024,24-11-2024,Asia Pacific,Standard Class,3,157,0.1,423.9
ORD003068,CUST00618,PROD0032,05-08-2024,06-08-2024,Latin America,Standard Class,5,48.7,0.05,231.32
ORD000286,CUST00422,PROD0004,25-09-2023,28-09-2023,North America,Second Class,5,503.13,0,2515.65
ORD001583,CUST00095,PROD0003,19-04-2024,24-04-2024,Europe,Standard Class,7,456.37,0.05,3034.86
ORD000258,CUST00203,PROD0042,29-06-2024,02-07-2024,Europe,First Class,8,48.23,0.1,347.26
ORD000701,CUST00403,PROD0098,22-10-2023,24-10-2023,Asia Pacific,Standard Class,,365.96,0.1,1646.82
ORD000340,CUST00662,PROD0065,20-11-2022,27-11-2022,Latin America,Second Class,9,47.55,0,427.95
ORD001137,CUST00622,PROD0028,01-10-2024,02-10-2024,Europe,Standard Class,4,21.47,0.05,81.59
ORD002752,CUST00058,PROD0016,07-06-2022,09-06-2022,,First Class,4,100.98,0,403.92
ORD002430,CUST00288,PROD0105,19-03-2023,23-03-2023,Europe,First Class,8,492.55,0.2,3152.32
ORD000359,CUST00497,PROD0086,04-03-2023,06-03-2023,Europe,Standard Class,6,118.96,0,713.76
ORD001082,CUST00694,PROD0087,24-10-2022,27-10-2022,North America,Second Class,6,563.97,0.05,3214.63
ORD000719,CUST00711,PROD0065,01-05-2023,08-05-2023,Latin America,Standard Class,9,47.55,0,427.95
ORD001247,CUST00017,PROD0080,08-04-2023,14-04-2023,Asia Pacific,Standard Class,1,91.3,0,91.3
ORD001687,CUST00827,PROD0057,13-01-2024,14-01-2024,Europe,Standard Class,3,224.76,0.05,640.57
ORD000024,CUST00369,PROD0056,17-09-2024,18-09-2024,Asia Pacific,First Class,9,35.09,0,315.81
ORD000947,CUST00259,PROD0080,20-11-2024,22-11-2024,Asia Pacific,Standard Class,8,91.3,0,730.4
ORD002538,CUST00935,PROD0043,25-12-2022,26-12-2022,North America,Standard Class,4,470.55,0,1882.2
ORD001785,CUST00656,PROD0005,07-10-2023,12-10-2023,Asia Pacific,Standard Class,3,410.11,0.15,1045.78
ORD001083,CUST00544,PROD0022,15-06-2022,,Asia Pacific,Standard Class,6,390.44,0.15,1991.24
ORD003129,CUST00809,PROD0068,05-08-2024,11-08-2024,Asia Pacific,Standard Class,2,147.64,0.2,236.22
ORD001566,CUST00096,PROD0079,30-11-2023,02-12-2023,North America,Second Class,4,301.9,0,1207.6
ORD003112,CUST00297,PROD0066,29-10-2024,04-11-2024,North America,First Class,10,339.91,0,3399.1
ORD002024,CUST00966,PROD0094,20-01-2022,,Europe,Second Class,3,585.09,0,1755.27
ORD001738,CUST00127,PROD0067,01-03-2022,04-03-2022,North America,Second Class,6,40.64,0.2,195.07
ORD003196,CUST00906,PROD0109,21-10-2022,28-10-2022,Latin America,First Class,9,15.42,,138.78
ORD002688,CUST00464,PROD0003,29-03-2023,02-04-2023,Europe,Second Class,7,456.37,0.15,2715.4
ORD002903,CUST00184,PROD0102,29-08-2023,01-09-2023,Europe,Standard Class,9,86.56,0.05,740.09
ORD002455,CUST00609,PROD0030,27-05-2023,31-05-2023,Asia Pacific,Second Class,10,360.73,0.2,2885.84
ORD002145,CUST00758,PROD0096,06-10-2022,13-10-2022,Latin America,Second Class,1,343.31,0.2,274.65
ORD000794,CUST00100,PROD0106,22-06-2023,27-06-2023,Asia Pacific,Standard Class,3,516.83,0,1550.49
ORD001347,CUST00929,PROD0104,29-08-2023,01-09-2023,Europe,First Class,8,256.59,0.1,1847.45
ORD003193,CUST00725,PROD0058,17-12-2023,21-12-2023,North America,First Class,9,265.81,0.2,1913.83
ORD001578,CUST00363,PROD0069,28-06-2023,03-07-2023,Latin America,Same Day,10,519.47,0.05,4934.97
ORD001155,CUST00089,PROD0016,07-05-2024,09-05-2024,North America,Second Class,5,100.98,0,504.9
ORD002769,CUST00141,PROD0065,23-04-2024,30-04-2024,Latin America,Standard Class,9,47.55,0,427.95
ORD001611,CUST00758,PROD0009,25-08-2024,29-08-2024,Europe,Standard Class,2,232.46,0.2,371.94
ORD002925,CUST00080,PROD0020,10-06-2023,15-06-2023,Europe,First Class,2,391.71,0.1,705.08
ORD000138,CUST00417,PROD0047,18-04-2024,19-04-2024,Latin America,Same Day,9,41.92,0.2,301.82
ORD002139,CUST00615,PROD0041,24-12-2024,25-12-2024,Asia Pacific,First Class,6,204.65,0,1227.9
ORD002418,CUST00901,PROD0098,24-02-2024,01-03-2024,Europe,First Class,7,365.96,0.2,2049.38
ORD000100,CUST00546,PROD0075,02-08-2023,05-08-2023,Latin America,Second Class,3,112.08,0,336.24
ORD002675,CUST00887,PROD0110,12-02-2024,15-02-2024,Latin America,Standard Class,10,453.31,0,4533.1
ORD003015,CUST00211,PROD0005,31-10-2023,04-11-2023,Europe,Standard Class,4,410.11,0.2,1312.35
ORD001728,CUST00498,PROD0055,29-08-2023,30-08-2023,Europe,Same Day,6,222.38,0.2,1067.42
ORD002632,CUST00293,PROD0040,15-12-2022,17-12-2022,North America,First Class,5,513.73,0,2568.65
ORD000886,CUST00782,PROD0077,28-02-2023,03-03-2023,Latin America,Second Class,7,19.56,0,136.92
ORD002800,CUST00988,PROD0066,11-03-2024,17-03-2024,Europe,Second Class,7,339.91,0.1,2141.43
ORD001488,CUST00342,PROD0110,19-05-2022,21-05-2022,Latin America,First Class,6,453.31,0,2719.86
ORD002981,CUST00838,PROD0095,13-06-2024,19-06-2024,Europe,First Class,9,247.15,0.1,2001.91
ORD000387,CUST00613,PROD0096,16-06-2024,,North America,Same Day,10,343.31,0,3433.1
ORD000664,CUST00072,PROD0053,25-04-2022,26-04-2022,Asia Pacific,First Class,1,457.67,0.2,366.14
ORD002501,CUST00300,PROD0078,08-01-2024,14-01-2024,Latin America,Standard Class,8,324.59,0.15,2207.21
ORD000097,CUST00861,PROD0034,25-11-2022,30-11-2022,North America,Second Class,7,552.82,0,3869.74
ORD002634,CUST00451,PROD0027,13-05-2023,,Asia Pacific,Second Class,10,152.85,0.05,1452.08
ORD002126,CUST00761,PROD0010,13-10-2024,16-10-2024,Europe,Standard Class,8,101.95,0.15,693.26
ORD002140,CUST00728,PROD0108,02-08-2023,06-08-2023,Latin America,Second Class,6,264.17,0.1,1426.52
ORD002364,CUST00278,PROD0053,10-05-2023,12-05-2023,Latin America,Standard Class,9,457.67,0.2,3295.22
ORD001820,CUST00646,PROD0018,04-08-2024,07-08-2024,Latin America,Standard Class,1,43.23,0.2,34.58
ORD001308,CUST00233,PROD0105,16-08-2024,17-08-2024,Asia Pacific,Second Class,5,492.55,0.05,2339.61
ORD001215,CUST00998,PROD0045,16-12-2024,19-12-2024,Europe,Second Class,1,62.78,0,62.78
ORD000843,CUST00397,PROD0009,07-08-2022,13-08-2022,Asia Pacific,Same Day,6,232.46,0.15,1185.55
ORD001126,CUST00501,PROD0083,01-05-2022,07-05-2022,North America,Second Class,10,14.31,0,143.1
ORD000892,CUST00880,PROD0004,29-10-2022,31-10-2022,Asia Pacific,Same Day,5,503.13,0.2,2012.52
ORD002442,CUST00701,PROD0103,08-08-2023,10-08-2023,Latin America,Standard Class,2,350.94,0.2,561.5
ORD000523,CUST00305,PROD0022,05-09-2024,12-09-2024,Europe,Standard Class,6,390.44,0.1,2108.38
ORD002645,CUST00828,PROD0001,11-09-2023,12-09-2023,Latin America,Standard Class,10,276.1,0.1,2484.9
ORD003187,CUST00648,PROD0028,17-10-2022,21-10-2022,Latin America,Second Class,8,21.47,0,171.76
ORD000332,CUST00279,PROD0106,30-05-2024,01-06-2024,Europe,Standard Class,9,516.83,0,4651.47
ORD002977,CUST00558,PROD0077,17-02-2023,23-02-2023,Europe,First Class,4,19.56,0,78.24
ORD002192,CUST00743,PROD0070,10-01-2022,11-01-2022,North America,Standard Class,2,289.02,0.2,462.43
ORD001129,CUST00872,PROD0058,20-10-2022,26-10-2022,North America,Same Day,9,265.81,0.2,1913.83
ORD002696,CUST00641,PROD0042,12-09-2022,14-09-2022,Latin America,Second Class,8,48.23,0.05,366.55
ORD001632,CUST00433,PROD0007,09-01-2023,16-01-2023,Europe,Standard Class,9,157,0,1413
ORD000226,CUST00822,PROD0077,07-06-2024,09-06-2024,Asia Pacific,Second Class,6,19.56,0.1,105.62
ORD002942,CUST00705,PROD0099,21-12-2022,23-12-2022,North America,Standard Class,10,330.98,0,3309.8
ORD001958,CUST00844,PROD0023,15-01-2023,16-01-2023,Europe,First Class,4,454.27,0,1817.08
ORD001633,CUST00847,PROD0004,20-07-2024,21-07-2024,Latin America,Standard Class,6,503.13,0,3018.78
ORD001612,CUST00799,PROD0083,05-12-2023,09-12-2023,Asia Pacific,First Class,10,14.31,0.1,128.79
ORD002433,CUST00329,PROD0048,17-06-2024,20-06-2024,Asia Pacific,Standard Class,10,164.65,,1646.5
ORD000858,CUST00094,PROD0084,16-03-2023,22-03-2023,Latin America,First Class,7,435.65,0.05,2897.07
ORD000401,CUST00429,PROD0116,21-01-2024,27-01-2024,North America,Second Class,9,155.74,0,1401.66
ORD000889,CUST00427,PROD0112,14-08-2024,15-08-2024,Latin America,Standard Class,7,229.22,0.05,1524.31
ORD001977,CUST00777,PROD0091,02-08-2024,07-08-2024,Latin America,Second Class,1,595.15,0,595.15
ORD000280,CUST00133,PROD0063,16-03-2022,20-03-2022,Europe,Standard Class,1,219.88,0,219.88
ORD002902,CUST00732,PROD0087,27-04-2023,02-05-2023,Latin America,Standard Class,5,563.97,0,2819.85
ORD002080,CUST00931,PROD0012,13-03-2023,15-03-2023,North America,Second Class,5,250.39,0.1,1126.75
ORD002402,CUST00213,PROD0087,19-03-2023,26-03-2023,Europe,Second Class,6,563.97,0.1,3045.44
ORD000653,CUST00679,PROD0063,09-03-2024,13-03-2024,Latin America,Second Class,4,219.88,0.05,835.54
ORD003185,CUST00533,PROD0090,30-04-2023,01-05-2023,Europe,Standard Class,1,309.43,0.1,278.49
ORD002585,CUST00096,PROD0035,31-10-2024,07-11-2024,North America,Standard Class,4,540.44,0.05,2053.67
ORD002081,CUST00648,PROD0087,26-12-2024,31-12-2024,Europe,Same Day,3,563.97,0.1,1522.72
ORD000023,CUST00880,PROD0088,02-09-2024,07-09-2024,Asia Pacific,First Class,2,409.08,0.1,736.34
ORD001549,CUST00850,PROD0063,15-04-2022,20-04-2022,North America,First Class,1,219.88,0.15,186.9
ORD000078,CUST00966,PROD0101,19-06-2024,24-06-2024,North America,Standard Class,1,576.35,0,576.35
ORD000230,CUST00862,PROD0062,06-04-2022,12-04-2022,Europe,First Class,1,41.13,0,41.13
ORD000497,CUST00907,PROD0112,27-05-2024,01-06-2024,Asia Pacific,First Class,5,229.22,0,1146.1
ORD001809,CUST01000,PROD0034,29-03-2023,03-04-2023,North America,First Class,3,552.82,0,1658.46
ORD003039,CUST00925,PROD0062,23-10-2022,30-10-2022,North America,Second Class,10,41.13,0,411.3
ORD000319,CUST00852,PROD0013,17-01-2022,21-01-2022,Latin America,Standard Class,2,142.31,0.05,270.39
ORD002059,CUST00580,PROD0073,23-07-2022,30-07-2022,Europe,Second Class,3,171.97,0,515.91
ORD002294,CUST00830,PROD0047,04-03-2024,09-03-2024,Latin America,Standard Class,10,41.92,0.05,398.24
ORD000842,CUST00280,PROD0036,05-08-2023,10-08-2023,Asia Pacific,Same Day,3,239.9,0.2,575.76
ORD001870,CUST00807,PROD0037,17-11-2022,22-11-2022,North America,Standard Class,3,517.48,0.15,1319.57
ORD001601,CUST00564,PROD0099,17-03-2022,22-03-2022,North America,Standard Class,6,330.98,0,1985.88
ORD001413,CUST00201,PROD0090,24-04-2023,29-04-2023,North America,First Class,9,309.43,0.15,2367.14
ORD002069,CUST00884,PROD0006,29-08-2023,04-09-2023,North America,Same Day,6,111.99,0.15,571.15
ORD003181,CUST00770,PROD0089,16-06-2024,18-06-2024,Latin America,First Class,10,143.69,0,1436.9
ORD001079,CUST00795,PROD0040,26-11-2023,03-12-2023,Asia Pacific,Second Class,1,513.73,0.05,488.04
ORD003022,CUST00388,PROD0033,04-01-2022,10-01-2022,North America,First Class,2,336.59,0,673.18
ORD001594,CUST00234,PROD0049,28-12-2024,04-01-2025,Europe,Same Day,6,221.36,0,1328.16
ORD002417,CUST00123,PROD0074,19-08-2022,24-08-2022,Europe,First Class,7,76.23,0.15,453.57
ORD001810,CUST00220,PROD0053,21-07-2023,28-07-2023,Asia Pacific,Standard Class,10,457.67,0,4576.7
ORD002267,CUST00181,PROD0036,19-11-2023,22-11-2023,North America,Standard Class,6,239.9,0,1439.4
ORD002332,CUST00260,PROD0046,07-11-2024,12-11-2024,North America,Standard Class,1,156.09,0.1,140.48
ORD003051,CUST00538,PROD0091,16-03-2023,21-03-2023,Europe,Standard Class,6,595.15,0.1,3213.81
ORD001798,CUST00120,PROD0036,07-09-2022,09-09-2022,Europe,First Class,3,239.9,0.1,647.73
ORD001164,CUST00887,PROD0025,18-01-2022,22-01-2022,Asia Pacific,Second Class,3,109.89,0,329.67
ORD001023,CUST00825,PROD0042,24-07-2024,31-07-2024,Europe,Second Class,10,48.23,0.05,458.18
ORD001619,CUST00350,PROD0062,30-07-2024,01-08-2024,Asia Pacific,Second Class,9,41.13,0.15,314.64
ORD001690,CUST00972,PROD0037,04-02-2023,07-02-2023,Latin America,Second Class,7,517.48,0,3622.36
ORD002363,CUST00575,PROD0001,09-12-2024,14-12-2024,North America,Second Class,7,276.1,0.2,1546.16
ORD000369,CUST00454,PROD0013,24-11-2023,25-11-2023,Asia Pacific,Standard Class,3,142.31,0.15,362.89
ORD000057,CUST00801,PROD0066,18-04-2022,22-04-2022,North America,Standard Class,2,339.91,0.2,543.86
ORD003165,CUST00912,PROD0056,02-10-2022,06-10-2022,Asia Pacific,First Class,7,35.09,0,245.63
ORD001406,CUST00090,PROD0102,19-11-2023,25-11-2023,Asia Pacific,Second Class,4,86.56,0.15,294.3
ORD002549,CUST00944,PROD0059,24-02-2023,28-02-2023,North America,Standard Class,6,278.67,0.1,1504.82
ORD002074,CUST00962,PROD0079,01-09-2023,03-09-2023,Europe,Standard Class,10,301.9,0,3019
ORD001833,CUST00371,PROD0009,31-03-2024,02-04-2024,Latin America,Second Class,8,232.46,0,1859.68
ORD000505,CUST00534,PROD0107,01-09-2024,02-09-2024,Europe,Standard Class,2,565.5,0.05,1074.45
ORD000076,CUST00441,PROD0042,11-03-2024,15-03-2024,Asia Pacific,Standard Class,8,48.23,0.15,327.96
ORD001281,CUST00323,PROD0099,21-06-2022,22-06-2022,Latin America,Standard Class,3,330.98,0.1,893.65
ORD001627,CUST00242,PROD0023,14-03-2022,18-03-2022,Latin America,Standard Class,2,454.27,0,908.54
ORD003066,CUST00020,PROD0045,18-01-2022,22-01-2022,Latin America,Standard Class,5,62.78,0,313.9
ORD001379,CUST00899,PROD0006,12-11-2022,17-11-2022,Europe,Standard Class,4,111.99,0.1,403.16
ORD001134,CUST00200,PROD0065,08-02-2023,13-02-2023,Asia Pacific,Same Day,4,47.55,0,190.2
ORD001390,CUST00802,PROD0047,06-05-2024,07-05-2024,North America,Second Class,8,41.92,0.05,318.59
ORD000931,CUST00361,PROD0027,04-10-2024,05-10-2024,North America,Standard Class,,152.85,0.1,1238.08
ORD001657,CUST00894,PROD0045,31-05-2023,01-06-2023,North America,Standard Class,7,62.78,0.1,395.51
ORD002413,CUST00967,PROD0049,13-10-2024,15-10-2024,North America,Second Class,10,221.36,0,2213.6
ORD000139,CUST00313,PROD0103,15-04-2023,18-04-2023,Asia Pacific,Standard Class,3,350.94,0,1052.82
ORD001767,CUST00908,PROD0088,21-09-2024,23-09-2024,Europe,Standard Class,10,409.08,0.15,3477.18
ORD002816,CUST00289,PROD0097,04-06-2024,07-06-2024,Latin America,Standard Class,4,497.68,0.2,1592.58
ORD002384,CUST00337,PROD0031,05-05-2024,08-05-2024,Europe,Standard Class,4,51.38,0,205.52
ORD000955,CUST00354,PROD0014,29-01-2022,05-02-2022,Europe,Standard Class,1,6.03,0,6.03
ORD001528,CUST00245,PROD0025,02-01-2023,08-01-2023,North America,Second Class,1,109.89,0,109.89
ORD001567,CUST00767,PROD0002,20-08-2024,24-08-2024,Europe,Standard Class,7,368.56,0.2,2063.94
ORD001856,CUST00383,PROD0048,03-06-2022,04-06-2022,Latin America,First Class,5,164.65,0.05,782.09
ORD001036,CUST00329,PROD0070,02-02-2023,04-02-2023,Asia Pacific,Second Class,4,289.02,0.05,1098.28
ORD000294,CUST00003,PROD0061,11-06-2022,15-06-2022,Asia Pacific,First Class,4,546.36,0,2185.44
ORD002165,CUST00212,PROD0074,01-10-2022,06-10-2022,Latin America,Same Day,8,76.23,0,609.84
ORD000898,CUST00350,PROD0038,27-09-2024,02-10-2024,Latin America,Second Class,8,197,0.15,1339.6
ORD000095,CUST00766,PROD0081,24-02-2024,29-02-2024,Latin America,Standard Class,7,29.84,0.2,167.1
ORD001185,CUST00545,PROD0046,23-11-2024,24-11-2024,Latin America,First Class,2,156.09,0,312.18
ORD001434,CUST00774,PROD0094,24-11-2024,28-11-2024,Latin America,First Class,4,585.09,0.15,1989.31
ORD001128,CUST00451,PROD0105,03-08-2022,04-08-2022,Asia Pacific,Standard Class,1,492.55,0,492.55
ORD002248,CUST00421,PROD0016,21-08-2022,23-08-2022,Asia Pacific,Second Class,8,100.98,0.1,727.06
ORD000970,CUST00011,PROD0106,08-10-2022,13-10-2022,Asia Pacific,Same Day,9,516.83,0,4651.47
ORD001471,CUST00792,PROD0067,14-12-2023,20-12-2023,Latin America,First Class,10,40.64,0.15,345.44
ORD001151,CUST00992,PROD0088,04-06-2023,07-06-2023,North America,Second Class,9,409.08,0,3681.72
ORD001295,CUST00808,PROD0010,05-01-2024,12-01-2024,Asia Pacific,Standard Class,9,101.95,0.2,734.04
ORD000993,CUST00416,PROD0076,26-10-2022,30-10-2022,Europe,Same Day,1,393.52,0.1,354.17
ORD002358,CUST00856,PROD0036,31-08-2023,02-09-2023,Latin America,Same Day,8,239.9,0.1,1727.28
ORD000745,CUST00219,PROD0082,03-05-2023,07-05-2023,North America,Same Day,2,542.12,0,1084.24
ORD002703,CUST00856,PROD0080,13-07-2022,14-07-2022,North America,Standard Class,6,91.3,0.1,493.02
ORD002102,CUST00060,PROD0016,16-09-2024,18-09-2024,North America,First Class,10,100.98,0,1009.8
ORD001971,CUST00926,PROD0067,12-05-2024,15-05-2024,Latin America,Standard Class,4,40.64,0.15,138.18
ORD000880,CUST00694,PROD0073,11-07-2023,17-07-2023,Asia Pacific,Standard Class,9,171.97,0,1547.73
ORD001463,CUST00589,PROD0030,23-12-2023,28-12-2023,Europe,Standard Class,10,360.73,0.15,3066.2
ORD003028,CUST00286,PROD0045,18-09-2022,21-09-2022,North America,Standard Class,1,62.78,0,62.78
ORD000412,CUST00434,PROD0051,07-06-2022,11-06-2022,Asia Pacific,Second Class,6,222.91,0,1337.46
ORD002244,CUST00955,PROD0013,19-08-2024,20-08-2024,Asia Pacific,First Class,5,142.31,0.2,569.24
ORD000924,CUST00440,PROD0096,17-07-2023,19-07-2023,Latin America,Standard Class,5,343.31,0,1716.55
ORD002117,CUST00161,PROD0026,30-09-2022,04-10-2022,North America,Second Class,6,413.69,0.2,1985.71
ORD002183,CUST00133,PROD0083,19-10-2023,25-10-2023,Europe,Standard Class,8,14.31,0,114.48
ORD000667,CUST00984,PROD0084,04-09-2024,06-09-2024,Asia Pacific,Standard Class,10,435.65,0,4356.5
ORD000447,CUST00312,PROD0024,18-04-2022,23-04-2022,Asia Pacific,Second Class,1,261.68,0,261.68
ORD000105,CUST00909,PROD0035,11-04-2022,15-04-2022,North America,Same Day,6,540.44,0.15,2756.24
ORD000323,CUST00335,PROD0116,21-11-2024,24-11-2024,Asia Pacific,Same Day,5,155.74,0.15,661.89
ORD002525,CUST00947,PROD0106,27-03-2024,02-04-2024,North America,Same Day,1,516.83,0,516.83
ORD002999,CUST00261,PROD0090,21-08-2023,22-08-2023,Latin America,Standard Class,10,309.43,0.1,2784.87
ORD002218,CUST00801,PROD0069,06-07-2022,12-07-2022,North America,Second Class,2,519.47,0.05,986.99
ORD001713,CUST00042,PROD0034,15-09-2023,19-09-2023,North America,Standard Class,9,552.82,0.2,3980.3
ORD000447,CUST00312,PROD0024,18-04-2022,23-04-2022,Asia Pacific,Second Class,1,261.68,0,261.68
ORD000744,CUST00500,PROD0063,21-10-2023,27-10-2023,Latin America,Standard Class,9,219.88,0.15,1682.08
ORD001984,CUST00038,PROD0059,04-10-2022,08-10-2022,Latin America,Standard Class,8,278.67,0,2229.36
ORD002686,CUST00255,PROD0082,31-10-2024,03-11-2024,Latin America,Second Class,9,542.12,0.2,3903.26
ORD002105,CUST00359,PROD0087,01-04-2024,06-04-2024,North America,Standard Class,7,563.97,0,3947.79
ORD001011,CUST00886,PROD0075,01-06-2023,05-06-2023,Latin America,First Class,4,112.08,0,448.32
ORD002223,CUST00521,PROD0012,25-07-2024,28-07-2024,North America,Standard Class,8,250.39,0.15,1702.65
ORD001408,CUST00993,PROD0043,16-05-2022,18-05-2022,Latin America,First Class,7,470.55,0,3293.85
ORD001794,CUST00878,PROD0079,20-03-2023,21-03-2023,North America,Same Day,9,301.9,0,2717.1
ORD000582,CUST00286,PROD0082,03-12-2023,08-12-2023,Europe,First Class,3,542.12,0.05,1545.04
ORD001320,CUST00500,PROD0018,27-12-2024,02-01-2025,Asia Pacific,Standard Class,3,43.23,0.2,103.75
ORD002849,CUST00181,PROD0045,10-12-2024,11-12-2024,Asia Pacific,Standard Class,1,62.78,0,62.78
ORD002694,CUST00348,PROD0088,03-03-2024,08-03-2024,North America,Standard Class,9,409.08,0.05,3497.63
ORD001064,CUST00091,PROD0096,18-07-2024,19-07-2024,Asia Pacific,Standard Class,10,343.31,0.05,3261.44
ORD002588,CUST00369,PROD0080,11-08-2024,12-08-2024,Europe,Second Class,2,91.3,0.05,173.47
ORD000579,CUST00191,PROD0104,24-10-2022,29-10-2022,Europe,Standard Class,2,256.59,0.2,410.54
ORD002622,CUST00168,PROD0095,10-12-2023,11-12-2023,Latin America,Second Class,3,247.15,0.15,630.23
ORD000450,CUST00644,PROD0031,30-12-2023,02-01-2024,Asia Pacific,Standard Class,5,51.38,0,256.9
ORD002898,CUST00565,PROD0106,27-02-2024,01-03-2024,Europe,Standard Class,10,516.83,0.15,4393.06
ORD001226,CUST00327,PROD0103,11-09-2023,17-09-2023,Latin America,Second Class,10,350.94,0,3509.4
ORD000330,CUST00404,PROD0071,19-10-2024,22-10-2024,Europe,Same Day,5,567.98,0.15,2413.91
ORD001563,CUST00567,PROD0037,20-06-2023,23-06-2023,Asia Pacific,Standard Class,4,517.48,0,2069.92
ORD003198,CUST00496,PROD0089,01-02-2023,07-02-2023,Europe,Standard Class,8,143.69,0.05,1092.04
ORD000896,CUST00046,PROD0112,28-02-2023,05-03-2023,Europe,Second Class,10,229.22,0,2292.2
ORD002682,CUST00713,PROD0077,14-03-2023,19-03-2023,North America,Standard Class,3,19.56,0.2,46.94
ORD000248,CUST00800,PROD0110,30-07-2024,04-08-2024,Europe,Standard Class,2,453.31,0,906.62
ORD000385,CUST00615,PROD0070,23-06-2023,25-06-2023,North America,Same Day,6,289.02,0.2,1387.3
ORD003152,CUST00699,PROD0003,14-07-2024,16-07-2024,Europe,Same Day,10,456.37,0,4563.7
ORD002368,CUST00836,PROD0087,22-06-2024,,Latin America,First Class,2,563.97,0,1127.94
ORD001762,CUST00648,PROD0040,10-02-2023,16-02-2023,Asia Pacific,Same Day,7,513.73,0.05,3416.3
ORD002515,CUST00801,PROD0035,30-05-2022,03-06-2022,Asia Pacific,Second Class,,540.44,0,1621.32
ORD002383,CUST00184,PROD0065,10-12-2022,13-12-2022,North America,Same Day,10,47.55,0.2,380.4
ORD002908,CUST00922,PROD0077,11-08-2022,18-08-2022,Asia Pacific,Second Class,4,19.56,0.2,62.59
ORD002839,CUST00636,PROD0044,08-11-2024,12-11-2024,Europe,Standard Class,4,112.46,0.15,382.36
ORD000077,CUST00068,PROD0022,04-01-2023,06-01-2023,Asia Pacific,Second Class,1,390.44,0.1,351.4
ORD002121,CUST00002,PROD0088,07-01-2022,13-01-2022,Europe,Same Day,10,409.08,0,4090.8
ORD001421,CUST00021,PROD0065,06-10-2023,12-10-2023,Asia Pacific,Standard Class,5,47.55,0.15,202.09
ORD002510,CUST00577,PROD0054,14-10-2024,15-10-2024,North America,Second Class,4,532.54,0.1,1917.14
ORD002856,CUST00886,PROD0001,26-01-2023,31-01-2023,Latin America,Standard Class,2,276.1,0,552.2
ORD001691,CUST00615,PROD0017,13-02-2024,18-02-2024,Latin America,Standard Class,8,257.88,0.2,1650.43
ORD001072,CUST00686,PROD0035,20-06-2024,27-06-2024,Latin America,Standard Class,10,540.44,0.1,4863.96
ORD001949,CUST00882,PROD0056,01-12-2022,,North America,Standard Class,8,35.09,0.05,266.68
ORD001183,CUST00807,PROD0087,07-12-2024,13-12-2024,Europe,Second Class,7,563.97,0.1,3553.01
ORD001476,CUST00776,PROD0006,23-08-2022,25-08-2022,North America,Second Class,7,111.99,0.2,627.14
ORD002062,CUST00274,PROD0082,18-06-2022,25-06-2022,Latin America,Standard Class,6,542.12,0,3252.72
ORD002817,CUST00863,PROD0030,04-02-2023,06-02-2023,North America,First Class,10,360.73,0.1,3246.57
ORD000982,CUST00356,PROD0005,11-08-2024,14-08-2024,Latin America,Standard Class,7,410.11,0.15,2440.15
ORD002261,CUST00525,PROD0072,21-02-2022,25-02-2022,Asia Pacific,Standard Class,8,380.44,0,3043.52
ORD000529,CUST00853,PROD0090,11-04-2024,16-04-2024,Asia Pacific,Standard Class,5,309.43,0.2,1237.72
ORD002270,CUST00713,PROD0015,02-05-2023,08-05-2023,North America,Second Class,5,208.86,0.1,939.87
ORD003043,CUST00058,PROD0001,24-05-2024,28-05-2024,North America,Second Class,6,276.1,0,1656.6
ORD001427,CUST00534,PROD0059,25-09-2024,01-10-2024,North America,Second Class,5,278.67,0,1393.35
ORD001316,CUST00992,PROD0080,11-06-2024,15-06-2024,North America,Standard Class,,91.3,0,547.8
ORD001228,CUST00504,PROD0113,03-11-2023,09-11-2023,Europe,Same Day,9,270.53,0.15,2069.55
ORD001930,CUST00337,PROD0068,19-06-2024,22-06-2024,Asia Pacific,Second Class,7,147.64,0,1033.48
ORD002801,CUST00858,PROD0100,19-03-2022,21-03-2022,Europe,First Class,1,160.34,0,160.34
ORD001265,CUST00415,PROD0046,05-02-2023,09-02-2023,Europe,Standard Class,5,156.09,0.05,741.43
ORD000194,CUST00127,PROD0085,30-08-2023,31-08-2023,Latin America,Standard Class,6,174.68,0,1048.08
ORD001777,CUST00916,PROD0018,02-02-2024,06-02-2024,Latin America,Standard Class,1,43.23,0,43.23
ORD000220,CUST00641,PROD0109,15-08-2023,18-08-2023,North America,Standard Class,7,15.42,0.05,102.54
ORD000942,CUST00873,PROD0064,22-02-2022,27-02-2022,Asia Pacific,First Class,2,562.27,0,1124.54
ORD002970,CUST00577,PROD0095,20-06-2023,26-06-2023,Asia Pacific,Second Class,2,247.15,0.1,444.87
ORD002200,CUST00069,PROD0085,15-11-2023,18-11-2023,Europe,Standard Class,6,174.68,0.15,890.87
ORD000087,CUST00344,PROD0028,14-05-2022,20-05-2022,Asia Pacific,Standard Class,6,21.47,0.1,115.94
ORD000714,CUST00708,PROD0013,02-06-2023,07-06-2023,North America,Second Class,7,142.31,0.1,896.55
ORD003050,CUST00858,PROD0077,27-08-2024,29-08-2024,Asia Pacific,Second Class,9,19.56,0,176.04
ORD001870,CUST00807,PROD0037,17-11-2022,22-11-2022,North America,Standard Class,3,517.48,0.15,1319.57
ORD001001,CUST00468,PROD0112,20-07-2022,24-07-2022,Europe,First Class,3,229.22,0.2,550.13
ORD002775,CUST00966,PROD0040,02-06-2023,03-06-2023,Asia Pacific,Same Day,4,513.73,0.05,1952.17
ORD000943,CUST00581,PROD0048,09-12-2023,10-12-2023,Europe,Second Class,6,164.65,0,987.9
ORD000585,CUST00927,PROD0068,06-05-2023,07-05-2023,North America,Standard Class,4,147.64,0,590.56
ORD001496,CUST00022,PROD0047,09-12-2024,13-12-2024,Asia Pacific,Second Class,2,41.92,0.2,67.07
ORD002807,CUST00862,PROD0059,24-02-2024,27-02-2024,North America,Standard Class,10,278.67,0.1,2508.03
ORD000605,CUST00338,PROD0072,12-10-2024,13-10-2024,North America,Second Class,6,380.44,0,2282.64
ORD002625,CUST00060,PROD0055,03-06-2022,10-06-2022,North America,Standard Class,1,222.38,0.05,211.26
ORD002078,CUST00878,PROD0071,24-04-2024,25-04-2024,Asia Pacific,Second Class,1,567.98,0,567.98
ORD001318,CUST00243,PROD0106,19-12-2024,22-12-2024,North America,Standard Class,9,516.83,0.15,3953.75
ORD003162,CUST00566,PROD0096,13-06-2023,15-06-2023,Asia Pacific,Standard Class,1,343.31,0,343.31
ORD001811,CUST00304,PROD0050,06-12-2024,07-12-2024,Asia Pacific,Standard Class,7,224.78,0.1,1416.11
ORD001608,CUST00748,PROD0091,02-12-2023,03-12-2023,Europe,Standard Class,9,595.15,0.15,4552.9
ORD002205,CUST00878,PROD0075,12-04-2024,19-04-2024,Latin America,Second Class,6,112.08,0.15,571.61
ORD001358,CUST00160,PROD0003,06-04-2023,12-04-2023,Latin America,Standard Class,3,456.37,0.1,1232.2
ORD001690,CUST00972,PROD0037,04-02-2023,07-02-2023,Latin America,Second Class,7,517.48,0,3622.36
ORD001512,CUST00368,PROD0084,10-11-2024,15-11-2024,North America,Standard Class,6,435.65,0.15,2221.81
ORD002131,CUST00241,PROD0105,12-05-2023,19-05-2023,North America,Standard Class,7,492.55,0.2,2758.28
ORD000818,CUST00965,PROD0039,11-05-2022,14-05-2022,Latin America,First Class,8,498.11,0.1,3586.39
ORD001086,CUST00121,PROD0039,12-11-2024,13-11-2024,Latin America,Standard Class,6,498.11,0.05,2839.23
ORD002125,CUST00604,PROD0032,15-02-2022,22-02-2022,North America,Second Class,2,48.7,0,97.4
ORD000333,CUST00164,PROD0006,18-09-2023,21-09-2023,North America,Standard Class,6,111.99,0.1,604.75
ORD003070,CUST00321,PROD0047,17-04-2022,18-04-2022,Europe,First Class,5,41.92,0.2,167.68
ORD002420,CUST00442,PROD0018,04-04-2023,09-04-2023,North America,Standard Class,8,43.23,0.1,311.26
ORD001618,CUST00837,PROD0022,16-10-2024,21-10-2024,North America,Second Class,9,390.44,,2811.17
ORD001584,CUST00109,PROD0088,27-05-2022,03-06-2022,Latin America,First Class,5,409.08,0.2,1636.32
ORD002400,CUST00247,PROD0003,17-08-2024,18-08-2024,Europe,Standard Class,7,456.37,0.15,2715.4
ORD000094,CUST00568,PROD0033,16-06-2023,17-06-2023,Europe,Standard Class,10,336.59,0.2,2692.72
ORD001747,CUST00284,PROD0029,02-09-2022,04-09-2022,Latin America,Second Class,8,159.41,0.1,1147.75
ORD000509,CUST00431,PROD0108,19-07-2024,23-07-2024,Asia Pacific,First Class,9,264.17,0,2377.53
ORD002692,CUST00924,PROD0068,02-02-2022,07-02-2022,North America,Second Class,3,147.64,0.05,420.77
ORD000514,CUST00792,PROD0047,14-08-2024,21-08-2024,Europe,Standard Class,8,41.92,0,335.36
ORD002316,CUST00647,PROD0006,16-04-2024,18-04-2024,Latin America,,10,111.99,0,1119.9
ORD002882,CUST00313,PROD0050,31-10-2024,05-11-2024,North America,Second Class,7,224.78,0.05,1494.79
ORD001257,CUST00790,PROD0080,20-11-2024,25-11-2024,North America,Standard Class,2,91.3,0.1,164.34
ORD002998,CUST00896,PROD0035,25-04-2022,01-05-2022,Latin America,Standard Class,9,540.44,0.2,3891.17
ORD001112,CUST00250,PROD0056,30-06-2023,02-07-2023,North America,Second Class,7,35.09,0,245.63
ORD000702,CUST00355,PROD0109,21-10-2023,27-10-2023,North America,Second Class,8,15.42,0.2,98.69
ORD001339,CUST00955,PROD0075,30-10-2022,03-11-2022,Europe,First Class,1,112.08,0,112.08
ORD002637,CUST00129,PROD0051,16-10-2023,17-10-2023,Latin America,Second Class,2,222.91,0,445.82
ORD002736,CUST00663,PROD0097,23-06-2022,25-06-2022,North America,First Class,1,497.68,0.1,447.91
ORD002177,CUST00212,PROD0003,27-02-2024,01-03-2024,Asia Pacific,First Class,2,456.37,0.1,821.47
ORD001333,CUST00727,PROD0065,12-10-2024,19-10-2024,North America,Same Day,5,47.55,0.15,202.09
ORD002215,CUST00926,PROD0040,04-05-2024,09-05-2024,Latin America,First Class,2,513.73,0,1027.46
ORD001024,CUST00259,PROD0102,19-04-2024,22-04-2024,Asia Pacific,Second Class,3,86.56,0.15,220.73
ORD002497,CUST00552,PROD0105,08-04-2022,15-04-2022,Europe,Second Class,,492.55,0,4432.95
ORD000035,CUST00688,PROD0074,06-12-2023,07-12-2023,Asia Pacific,Second Class,1,76.23,0,76.23
ORD000129,CUST00937,PROD0082,15-11-2022,21-11-2022,Asia Pacific,Second Class,2,542.12,0,1084.24
ORD000831,CUST00917,PROD0014,04-02-2023,11-02-2023,Europe,Standard Class,3,6.03,0.15,15.38
ORD001797,CUST00104,PROD0021,08-01-2023,13-01-2023,Latin America,Standard Class,4,563.08,0.1,2027.09
ORD001820,CUST00646,PROD0018,04-08-2024,07-08-2024,Latin America,Standard Class,1,43.23,0.2,34.58
ORD002175,CUST00256,PROD0097,23-03-2022,26-03-2022,Latin America,Second Class,3,497.68,0.15,1269.08
ORD001862,CUST00663,PROD0096,04-06-2024,10-06-2024,North America,Second Class,10,343.31,0.15,2918.13
ORD000201,CUST00018,PROD0055,01-11-2022,04-11-2022,Europe,Standard Class,1,222.38,0,222.38
ORD002257,CUST00104,PROD0062,18-05-2023,22-05-2023,Asia Pacific,Second Class,4,41.13,0.1,148.07
ORD000315,CUST00756,PROD0005,05-05-2023,10-05-2023,North America,Standard Class,1,410.11,0,410.11
ORD000152,CUST00008,PROD0098,20-06-2024,21-06-2024,Asia Pacific,Standard Class,4,365.96,0,1463.84
ORD002255,CUST00910,PROD0116,20-10-2022,24-10-2022,North America,Standard Class,5,155.74,0,778.7
ORD000422,CUST00396,PROD0042,24-04-2024,28-04-2024,North America,Standard Class,4,48.23,0,192.92
ORD001111,CUST00147,PROD0044,23-04-2022,25-04-2022,Europe,Second Class,9,112.46,0.05,961.53
ORD002374,CUST00652,PROD0080,29-03-2024,04-04-2024,Asia Pacific,Second Class,3,91.3,0.2,219.12
ORD002878,CUST00753,PROD0083,10-01-2022,11-01-2022,Latin America,Standard Class,9,14.31,0.2,103.03
ORD002985,CUST00972,PROD0070,19-02-2023,20-02-2023,Europe,Standard Class,4,289.02,,1098.28
ORD001904,CUST00127,PROD0020,15-12-2022,19-12-2022,Asia Pacific,Standard Class,1,391.71,0,391.71
ORD001543,CUST00285,PROD0099,21-08-2022,27-08-2022,North America,Same Day,2,330.98,0.1,595.76
ORD002159,CUST00339,PROD0006,24-12-2024,26-12-2024,Europe,Standard Class,4,111.99,0,447.96
ORD000600,CUST00550,PROD0012,05-01-2023,09-01-2023,Europe,,6,250.39,0.1,1352.11
ORD000552,CUST00599,PROD0108,26-08-2024,31-08-2024,Europe,First Class,9,264.17,0,2377.53
ORD000425,CUST00570,PROD0048,02-05-2024,08-05-2024,Latin America,Standard Class,9,164.65,0,1481.85
ORD001446,CUST00762,PROD0115,13-11-2024,20-11-2024,Europe,Second Class,6,264.42,0.1,1427.87
ORD002893,CUST00054,PROD0004,31-05-2024,02-06-2024,Asia Pacific,Standard Class,6,503.13,0,3018.78
ORD000101,CUST00545,PROD0027,27-07-2024,28-07-2024,Asia Pacific,Standard Class,6,152.85,0.15,779.53
ORD001917,CUST00253,PROD0044,30-12-2023,01-01-2024,North America,Standard Class,2,112.46,0.1,202.43
ORD000845,CUST00841,PROD0031,02-12-2022,04-12-2022,Latin America,First Class,2,51.38,0.2,82.21
ORD002972,CUST00113,PROD0102,26-11-2023,01-12-2023,Asia Pacific,Standard Class,3,86.56,0.2,207.74
ORD002465,CUST00871,PROD0087,14-01-2023,18-01-2023,North America,Standard Class,10,563.97,0.1,5075.73
ORD001768,CUST00228,PROD0089,30-07-2022,05-08-2022,Europe,Standard Class,10,143.69,0.1,1293.21
ORD001531,CUST00033,PROD0105,21-10-2023,24-10-2023,North America,Standard Class,7,492.55,0.15,2930.67
ORD000089,CUST00738,PROD0016,05-04-2022,11-04-2022,Europe,First Class,5,100.98,0.2,403.92
ORD002056,CUST00340,PROD0053,13-01-2022,18-01-2022,Europe,Standard Class,7,457.67,0,3203.69
ORD000048,CUST00901,PROD0013,01-04-2023,08-04-2023,North America,Standard Class,7,142.31,0.15,846.74
ORD002583,CUST00623,PROD0053,30-08-2022,02-09-2022,Asia Pacific,Second Class,7,457.67,0.05,3043.51
ORD003019,CUST00820,PROD0046,30-08-2023,02-09-2023,Latin America,Standard Class,6,156.09,0,936.54
ORD000951,CUST00346,PROD0029,13-09-2023,14-09-2023,North America,Same Day,3,159.41,0.15,406.5
ORD003004,CUST00512,PROD0052,22-12-2022,28-12-2022,Europe,Standard Class,5,524.08,0.2,2096.32
ORD002142,CUST00090,PROD0091,27-05-2024,29-05-2024,Latin America,Standard Class,2,595.15,0.1,1071.27
ORD000922,CUST00591,PROD0098,27-11-2024,30-11-2024,Asia Pacific,Same Day,1,365.96,0,365.96
ORD000378,CUST00826,PROD0058,08-10-2024,09-10-2024,North America,Second Class,6,265.81,0,1594.86
ORD002334,CUST00868,PROD0060,28-01-2022,01-02-2022,North America,Standard Class,2,245.79,0.15,417.84
ORD000414,CUST00638,PROD0014,28-01-2024,30-01-2024,Latin America,,6,6.03,0.15,30.75
ORD001638,CUST00870,PROD0116,25-07-2022,27-07-2022,North America,Standard Class,3,155.74,0,467.22
ORD001895,CUST00615,PROD0094,15-07-2024,16-07-2024,Europe,Standard Class,5,585.09,0.15,2486.63
ORD001268,CUST00496,PROD0076,08-07-2024,09-07-2024,Asia Pacific,Standard Class,9,393.52,0,3541.68
ORD001259,CUST00239,PROD0049,29-05-2023,04-06-2023,Asia Pacific,Second Class,2,221.36,0.05,420.58
ORD001187,CUST00928,PROD0002,26-05-2024,02-06-2024,Asia Pacific,Standard Class,5,368.56,0.1,1658.52
ORD001908,CUST00570,PROD0011,10-05-2022,15-05-2022,Latin America,Standard Class,8,168.15,0.1,1210.68
ORD001736,CUST00993,PROD0002,27-03-2022,01-04-2022,Latin America,Second Class,7,368.56,0.05,2450.92
ORD001048,CUST00220,PROD0009,14-06-2023,17-06-2023,North America,Second Class,1,232.46,0,232.46
ORD001263,CUST00492,PROD0061,13-07-2024,19-07-2024,Europe,Standard Class,1,546.36,0,546.36
ORD002103,CUST00548,PROD0098,02-03-2024,08-03-2024,Asia Pacific,First Class,8,365.96,0,2927.68
ORD000131,CUST00034,PROD0083,27-12-2024,29-12-2024,Asia Pacific,Second Class,8,14.31,0,114.48
ORD000379,CUST00002,PROD0061,25-08-2024,29-08-2024,Europe,Second Class,7,546.36,0.05,3633.29
ORD000413,CUST00388,PROD0009,20-12-2024,21-12-2024,North America,Second Class,10,232.46,0.1,2092.14
ORD000611,CUST00498,PROD0068,14-04-2022,17-04-2022,North America,Standard Class,8,147.64,0.1,1063.01
ORD001152,CUST00100,PROD0004,06-06-2023,10-06-2023,North America,Standard Class,4,503.13,0.05,1911.89
ORD000015,CUST00630,PROD0103,25-08-2024,26-08-2024,North America,Second Class,4,350.94,0.05,1333.57
ORD000396,CUST00817,PROD0090,21-04-2023,24-04-2023,North America,,7,309.43,0.05,2057.71
ORD000403,CUST00148,PROD0047,22-02-2024,29-02-2024,Europe,Standard Class,5,41.92,0.2,167.68
ORD000843,CUST00397,PROD0009,07-08-2022,13-08-2022,Asia Pacific,Same Day,6,232.46,0.15,1185.55
ORD002556,CUST00689,PROD0076,27-05-2023,29-05-2023,Asia Pacific,Standard Class,7,393.52,0.2,2203.71
ORD002548,CUST00850,PROD0066,27-08-2022,03-09-2022,Asia Pacific,Same Day,8,339.91,0.2,2175.42
ORD003046,CUST00555,PROD0009,27-06-2024,01-07-2024,Latin America,Standard Class,2,232.46,0.2,371.94
ORD002127,CUST00431,PROD0096,19-02-2024,21-02-2024,North America,Standard Class,9,343.31,0,3089.79
ORD000481,CUST00094,PROD0042,08-06-2022,13-06-2022,Europe,Standard Class,7,48.23,0,337.61
ORD002571,CUST00283,PROD0095,31-12-2023,05-01-2024,Latin America,Second Class,6,247.15,0,1482.9
ORD000961,CUST00079,PROD0053,10-07-2022,17-07-2022,Europe,Standard Class,7,457.67,0.1,2883.32
ORD000426,CUST00165,PROD0029,19-09-2024,22-09-2024,Europe,Standard Class,9,159.41,0,1434.69
ORD001982,CUST00398,PROD0056,10-09-2023,11-09-2023,North America,Second Class,3,35.09,0,105.27
ORD000588,CUST00871,PROD0078,16-08-2024,19-08-2024,Latin America,Standard Class,9,324.59,0.1,2629.18
ORD002086,CUST00401,PROD0079,16-05-2023,17-05-2023,Europe,Standard Class,1,301.9,0.15,256.61
ORD001073,CUST00568,PROD0031,15-11-2023,17-11-2023,Europe,Standard Class,5,51.38,0.15,218.37
ORD002640,CUST00574,PROD0016,17-12-2024,22-12-2024,North America,Standard Class,2,100.98,0,201.96
ORD002598,CUST00888,PROD0045,01-06-2023,03-06-2023,North America,Second Class,3,62.78,0,188.34
ORD000670,CUST00325,PROD0098,10-09-2023,15-09-2023,Latin America,Second Class,4,365.96,0.1,1317.46
ORD002090,CUST00787,PROD0038,06-05-2024,07-05-2024,Asia Pacific,Standard Class,9,197,0,1773
ORD001230,CUST00475,PROD0072,26-09-2023,28-09-2023,Latin America,Second Class,4,380.44,0.05,1445.67
ORD002149,CUST00176,PROD0015,18-08-2023,19-08-2023,North America,Second Class,1,208.86,0.05,198.42
ORD003030,CUST00524,PROD0112,01-06-2022,04-06-2022,Asia Pacific,Standard Class,2,229.22,0.1,412.6
ORD001290,CUST00117,PROD0037,02-04-2024,04-04-2024,Europe,Same Day,4,517.48,0,2069.92
ORD003057,CUST00917,PROD0004,29-03-2024,02-04-2024,Europe,Standard Class,8,503.13,0.2,3220.03
ORD003199,CUST00569,PROD0116,04-04-2022,07-04-2022,Europe,Standard Class,3,155.74,0.15,397.14
ORD002467,CUST00079,PROD0092,17-02-2022,24-02-2022,Asia Pacific,Standard Class,1,119.48,0,119.48
ORD001743,CUST00604,PROD0090,31-12-2024,01-01-2025,North America,Standard Class,2,309.43,0.05,587.92
ORD002014,CUST00052,PROD0019,01-09-2024,04-09-2024,Europe,Standard Class,1,277.53,0.1,249.78
ORD000915,CUST00122,PROD0017,18-06-2022,20-06-2022,Europe,Standard Class,8,257.88,0,2063.04
ORD002590,CUST00553,PROD0047,24-08-2023,28-08-2023,Europe,Standard Class,6,41.92,0,251.52
ORD002937,CUST00470,PROD0018,04-05-2022,06-05-2022,Asia Pacific,Standard Class,4,43.23,0.1,155.63
ORD003117,CUST00835,PROD0031,03-08-2022,05-08-2022,Europe,Second Class,4,51.38,,184.97
ORD000495,CUST00412,PROD0004,23-09-2022,25-09-2022,Asia Pacific,First Class,10,503.13,0,5031.3
ORD001628,CUST00114,PROD0012,25-01-2022,01-02-2022,Asia Pacific,Standard Class,10,250.39,0.2,2003.12
ORD002449,CUST00570,PROD0016,27-10-2022,01-11-2022,Europe,Second Class,5,100.98,0,504.9
ORD000622,CUST00146,PROD0052,06-11-2024,09-11-2024,Europe,First Class,3,524.08,0.05,1493.63
ORD001186,CUST00591,PROD0068,08-08-2023,13-08-2023,Latin America,Second Class,2,147.64,0,295.28
ORD000848,CUST00399,PROD0011,19-03-2022,25-03-2022,Latin America,First Class,7,168.15,0,1177.05
ORD000899,CUST00104,PROD0077,03-09-2022,06-09-2022,Latin America,Standard Class,5,19.56,0.1,88.02
ORD001237,CUST00019,PROD0097,09-11-2023,11-11-2023,North America,Standard Class,6,497.68,0,2986.08
ORD002575,CUST00717,PROD0075,30-12-2024,02-01-2025,North America,Second Class,7,112.08,0,784.56
ORD001325,CUST00373,PROD0071,29-12-2023,,Latin America,Second Class,6,567.98,0.2,2726.3
ORD002737,CUST00391,PROD0105,12-12-2023,14-12-2023,Latin America,Standard Class,6,492.55,0.1,2659.77
ORD002258,CUST00835,PROD0065,30-04-2022,02-05-2022,North America,Standard Class,4,47.55,0.2,152.16
ORD002203,CUST00240,PROD0111,19-05-2024,26-05-2024,North America,First Class,7,87.33,0.2,489.05
ORD000793,CUST00248,PROD0114,23-10-2023,28-10-2023,Latin America,Standard Class,10,320.6,0.1,2885.4
ORD000780,CUST00399,PROD0018,25-05-2022,29-05-2022,Asia Pacific,First Class,4,43.23,0,172.92
ORD002164,CUST00651,PROD0087,03-05-2023,04-05-2023,Europe,Standard Class,10,563.97,0.1,5075.73
ORD001500,CUST00218,PROD0018,01-02-2023,03-02-2023,Asia Pacific,Standard Class,10,43.23,0,432.3
ORD000374,CUST00451,PROD0092,11-01-2022,18-01-2022,North America,Second Class,6,119.48,0,716.88
ORD000261,CUST00893,PROD0107,04-12-2023,08-12-2023,North America,Second Class,2,565.5,0.15,961.35
ORD000476,CUST00055,PROD0115,31-10-2023,02-11-2023,North America,First Class,9,264.42,0.15,2022.81
ORD002606,CUST00580,PROD0046,28-09-2023,02-10-2023,North America,First Class,4,156.09,0.1,561.92
ORD001227,CUST00134,PROD0113,03-04-2022,04-04-2022,North America,Second Class,6,270.53,0,1623.18
ORD002535,CUST00243,PROD0105,10-12-2023,16-12-2023,Latin America,Second Class,1,492.55,0.2,394.04
ORD000149,CUST00497,PROD0032,15-11-2023,20-11-2023,Europe,Standard Class,1,48.7,0.1,43.83
ORD000052,CUST00022,PROD0065,17-02-2022,22-02-2022,Europe,Second Class,3,47.55,0,142.65
ORD002567,CUST00728,PROD0116,08-06-2022,10-06-2022,North America,Same Day,3,155.74,0.1,420.5
ORD000750,CUST00378,PROD0107,01-11-2024,05-11-2024,Latin America,Standard Class,1,565.5,0,565.5
ORD001362,CUST00110,PROD0061,01-06-2023,02-06-2023,Latin America,Second Class,6,546.36,0.1,2950.34
ORD000237,CUST00419,PROD0094,04-06-2024,11-06-2024,North America,Standard Class,10,585.09,0.2,4680.72
ORD001479,CUST00400,PROD0063,08-12-2024,12-12-2024,Asia Pacific,Second Class,7,219.88,0,1539.16
ORD002955,CUST00119,PROD0062,10-06-2022,14-06-2022,North America,First Class,8,41.13,0.15,279.68
ORD000554,CUST00642,PROD0015,01-04-2024,02-04-2024,Latin America,Standard Class,6,208.86,0.2,1002.53
ORD002486,CUST00878,PROD0057,16-11-2024,22-11-2024,Asia Pacific,Same Day,2,224.76,0.2,359.62
ORD001903,CUST00454,PROD0001,27-05-2024,29-05-2024,Latin America,Standard Class,5,276.1,0.2,1104.4
ORD000154,CUST00221,PROD0067,25-01-2024,31-01-2024,Europe,Standard Class,9,40.64,0,365.76
ORD002792,CUST00572,PROD0018,01-10-2023,08-10-2023,Europe,Standard Class,7,43.23,0.1,272.35
ORD002341,CUST00505,PROD0081,26-05-2022,28-05-2022,Latin America,Standard Class,6,29.84,0,179.04
ORD002490,CUST00548,PROD0107,27-10-2024,01-11-2024,Europe,Standard Class,7,565.5,0.1,3562.65
ORD002087,CUST00860,PROD0015,13-09-2024,19-09-2024,North America,Standard Class,4,208.86,0.05,793.67
ORD001756,CUST00701,PROD0100,26-04-2022,02-05-2022,North America,Standard Class,2,160.34,0.1,288.61
ORD001704,CUST00107,PROD0094,06-03-2024,11-03-2024,Europe,Standard Class,3,585.09,0,1755.27
ORD000647,CUST00696,PROD0115,11-03-2022,18-03-2022,Asia Pacific,Same Day,2,264.42,0.2,423.07
ORD002845,CUST00434,PROD0021,23-01-2023,28-01-2023,North America,Same Day,2,563.08,0,1126.16
ORD000464,CUST00234,PROD0092,13-04-2023,15-04-2023,Europe,Standard Class,6,119.48,0,716.88
ORD000729,CUST00273,PROD0067,21-02-2024,27-02-2024,Latin America,First Class,8,40.64,0.15,276.35
ORD002458,CUST00564,PROD0006,14-04-2023,19-04-2023,Europe,Standard Class,10,111.99,0,1119.9
ORD002559,CUST00676,PROD0067,28-04-2024,29-04-2024,Asia Pacific,Second Class,2,40.64,0,81.28
ORD001987,CUST00804,PROD0088,05-06-2024,08-06-2024,Europe,Standard Class,8,409.08,,2945.38
ORD000569,CUST00408,PROD0110,23-12-2022,24-12-2022,North America,Standard Class,2,453.31,0,906.62
ORD001282,CUST00774,PROD0042,26-03-2023,28-03-2023,Latin America,Standard Class,4,48.23,0,192.92
ORD002747,CUST00306,PROD0105,02-12-2022,05-12-2022,Asia Pacific,First Class,3,492.55,0.15,1256
ORD001018,CUST00745,PROD0082,01-04-2024,07-04-2024,Europe,Second Class,4,542.12,0.05,2060.06
ORD000345,CUST00648,PROD0008,25-10-2022,31-10-2022,Asia Pacific,Second Class,6,508.54,0.15,2593.55
ORD002794,CUST00145,PROD0029,21-06-2022,22-06-2022,North America,Standard Class,8,159.41,0,1275.28
ORD001102,CUST00417,PROD0098,22-12-2023,28-12-2023,Latin America,Standard Class,3,365.96,0,1097.88
ORD002499,CUST00140,PROD0091,22-11-2023,27-11-2023,Europe,Standard Class,7,595.15,0,4166.05
ORD000526,CUST00682,PROD0095,17-08-2022,21-08-2022,North America,Standard Class,2,247.15,0.1,444.87
ORD002136,CUST00576,PROD0018,07-06-2023,11-06-2023,Asia Pacific,Second Class,3,43.23,0.1,116.72
ORD002862,CUST00895,PROD0071,21-05-2024,26-05-2024,Europe,Standard Class,4,567.98,0.1,2044.73
ORD000161,CUST00123,PROD0009,24-12-2022,30-12-2022,Europe,Standard Class,9,232.46,,1882.93
ORD001760,CUST00313,PROD0019,22-01-2024,26-01-2024,North America,Standard Class,6,277.53,0.05,1581.92
ORD003140,CUST00946,PROD0064,22-06-2022,27-06-2022,Europe,Second Class,9,562.27,0.1,4554.39
ORD000801,CUST00914,PROD0047,29-08-2022,30-08-2022,Asia Pacific,Second Class,1,41.92,0,41.92
ORD001699,CUST00456,PROD0044,24-10-2022,29-10-2022,North America,Standard Class,3,112.46,0.2,269.9
ORD002505,CUST00908,PROD0096,31-12-2022,06-01-2023,Europe,Second Class,5,343.31,0.05,1630.72
ORD002725,CUST00349,PROD0107,21-04-2023,25-04-2023,Europe,Standard Class,2,565.5,0.05,1074.45
ORD001350,CUST00651,PROD0011,21-08-2022,25-08-2022,Latin America,Same Day,7,168.15,0,1177.05
ORD000907,CUST00609,PROD0104,09-07-2024,11-07-2024,North America,Standard Class,6,256.59,0,1539.54
ORD002897,CUST00798,PROD0062,09-02-2023,15-02-2023,Latin America,Second Class,6,41.13,0,246.78
ORD002013,CUST00216,PROD0044,01-02-2023,05-02-2023,North America,Standard Class,4,112.46,0.05,427.35
ORD000712,CUST00481,PROD0014,31-10-2022,04-11-2022,Asia Pacific,Second Class,2,6.03,0,12.06
ORD001997,CUST00007,PROD0102,30-01-2023,31-01-2023,Asia Pacific,Standard Class,3,86.56,0.15,220.73
ORD002589,CUST00966,PROD0090,23-05-2023,30-05-2023,Europe,Same Day,5,309.43,0.2,1237.72
ORD002180,CUST00186,PROD0110,27-02-2024,03-03-2024,North America,Second Class,5,453.31,0.1,2039.9
ORD001444,CUST00747,PROD0068,16-08-2024,22-08-2024,Asia Pacific,Same Day,6,147.64,0.15,752.96
ORD001596,CUST00553,PROD0068,12-09-2023,18-09-2023,Europe,Standard Class,4,147.64,0.05,561.03
ORD002387,CUST00475,PROD0113,03-03-2023,07-03-2023,Asia Pacific,Same Day,10,270.53,0.15,2299.5
ORD000933,CUST00046,PROD0070,14-07-2024,15-07-2024,Europe,Standard Class,6,289.02,0,1734.12
ORD000121,CUST00544,PROD0031,14-08-2024,15-08-2024,Europe,Second Class,2,51.38,0,102.76
ORD001225,CUST00281,PROD0064,09-04-2024,14-04-2024,Europe,Second Class,5,562.27,0.05,2670.78
ORD002578,CUST00932,PROD0093,05-07-2022,10-07-2022,North America,Same Day,9,189.38,0.15,1448.76
ORD001147,CUST00479,PROD0061,19-08-2024,23-08-2024,Asia Pacific,Second Class,4,546.36,0.15,1857.62
ORD002055,CUST00571,PROD0015,08-09-2022,14-09-2022,Latin America,Second Class,10,208.86,0,2088.6
ORD000246,CUST00299,PROD0007,08-09-2022,10-09-2022,North America,Standard Class,9,157,0.15,1201.05
ORD002148,CUST00968,PROD0027,24-10-2022,30-10-2022,Asia Pacific,Standard Class,1,152.85,0,152.85
ORD000030,CUST00357,PROD0091,24-11-2023,27-11-2023,North America,First Class,8,595.15,0,4761.2
ORD002210,CUST00922,PROD0059,11-12-2024,17-12-2024,Asia Pacific,Second Class,,278.67,0,1672.02
ORD000213,CUST00052,PROD0023,16-07-2022,19-07-2022,North America,Standard Class,9,454.27,0,4088.43
ORD002668,CUST00195,PROD0005,09-11-2024,10-11-2024,Asia Pacific,Standard Class,3,410.11,0,1230.33
ORD000184,CUST00289,PROD0062,14-05-2022,20-05-2022,Europe,Second Class,3,41.13,0.2,98.71
ORD000532,CUST00585,PROD0096,08-01-2022,14-01-2022,Asia Pacific,Standard Class,1,343.31,0.15,291.81
ORD002269,CUST00015,PROD0024,28-02-2024,04-03-2024,Latin America,Standard Class,9,261.68,0.2,1884.1
ORD002616,CUST00540,PROD0079,15-11-2024,22-11-2024,Latin America,Second Class,5,301.9,0.05,1434.02
ORD001858,CUST00724,PROD0093,31-12-2024,05-01-2025,North America,Same Day,8,189.38,0.15,1287.78
ORD002990,CUST00719,PROD0116,30-05-2023,05-06-2023,Europe,Standard Class,2,155.74,0,311.48
ORD001603,CUST00725,PROD0039,10-10-2024,17-10-2024,North America,Second Class,9,498.11,0,4482.99
ORD002545,CUST00853,PROD0063,03-09-2024,05-09-2024,Latin America,Standard Class,5,219.88,0.15,934.49
ORD001354,CUST00274,PROD0110,11-04-2023,17-04-2023,Latin America,Standard Class,4,453.31,0,1813.24
ORD000916,CUST00200,PROD0046,31-01-2023,05-02-2023,Latin America,Standard Class,7,156.09,0,1092.63
ORD000504,CUST00944,PROD0072,11-06-2024,16-06-2024,Europe,Standard Class,8,380.44,0,3043.52
ORD000936,CUST00557,PROD0030,14-10-2024,20-10-2024,North America,Second Class,10,360.73,0,3607.3
ORD001869,CUST00127,PROD0005,18-03-2023,25-03-2023,Europe,Standard Class,4,410.11,0,1640.44
ORD001204,CUST00517,PROD0060,07-07-2022,10-07-2022,Latin America,Second Class,5,245.79,0,1228.95
ORD002450,CUST00652,PROD0013,12-01-2023,17-01-2023,Latin America,Second Class,7,142.31,0.2,796.94
ORD000847,CUST01000,PROD0066,14-05-2023,18-05-2023,Latin America,Standard Class,3,339.91,0,1019.73
ORD000644,CUST00791,PROD0087,26-11-2023,30-11-2023,North America,,10,563.97,0.05,5357.72
ORD000247,CUST00014,PROD0042,06-11-2023,07-11-2023,Europe,Standard Class,5,48.23,0,241.15
ORD000428,CUST00828,PROD0064,05-04-2023,09-04-2023,North America,,8,562.27,0.2,3598.53
ORD000276,CUST00045,PROD0072,16-11-2023,20-11-2023,Europe,Second Class,6,380.44,0.05,2168.51
ORD002547,CUST00998,PROD0019,03-11-2023,04-11-2023,Asia Pacific,Standard Class,1,277.53,0.2,222.02
ORD001823,CUST00170,PROD0075,29-08-2022,01-09-2022,Europe,First Class,5,112.08,0.05,532.38
ORD003081,CUST00618,PROD0110,24-09-2024,27-09-2024,North America,Standard Class,1,453.31,0.05,430.64
ORD003195,CUST00781,PROD0017,28-07-2024,03-08-2024,Asia Pacific,Same Day,4,257.88,0,1031.52
ORD000411,CUST00959,PROD0020,18-10-2022,23-10-2022,Europe,Standard Class,3,391.71,0,1175.13
ORD000338,CUST00764,PROD0071,08-05-2024,13-05-2024,Latin America,Standard Class,6,567.98,0,3407.88
ORD000674,CUST00522,PROD0105,02-06-2023,06-06-2023,North America,Second Class,10,492.55,0,4925.5
ORD000456,CUST00755,PROD0046,27-05-2023,03-06-2023,,Standard Class,1,156.09,0.05,148.29
ORD002532,CUST00293,PROD0086,28-09-2022,29-09-2022,Latin America,Second Class,8,118.96,0.15,808.93
ORD000232,CUST00894,PROD0109,11-10-2022,18-10-2022,North America,Second Class,4,15.42,0.15,52.43
ORD002597,CUST00787,PROD0116,18-07-2022,21-07-2022,Europe,Standard Class,10,155.74,0.05,1479.53
ORD001805,CUST00549,PROD0012,19-05-2024,21-05-2024,Latin America,Standard Class,,250.39,0,2253.51
ORD001380,CUST00876,PROD0046,18-10-2024,23-10-2024,North America,Second Class,7,156.09,0.05,1038
ORD001905,CUST00713,PROD0021,27-08-2022,30-08-2022,Latin America,Standard Class,2,563.08,0.15,957.24
ORD002871,CUST00651,PROD0058,19-09-2022,24-09-2022,North America,Standard Class,1,265.81,0.2,212.65
ORD001428,CUST00923,PROD0015,09-02-2022,11-02-2022,Europe,First Class,9,208.86,0,1879.74
ORD001510,CUST00259,PROD0102,20-05-2022,26-05-2022,Asia Pacific,Second Class,8,86.56,0,692.48
ORD001746,CUST00668,PROD0033,02-04-2022,04-04-2022,North America,Second Class,6,336.59,0.15,1716.61
ORD001945,CUST00909,PROD0116,31-10-2022,01-11-2022,Latin America,Second Class,10,155.74,0,1557.4
ORD003107,CUST00711,PROD0107,22-09-2023,26-09-2023,Europe,Standard Class,6,565.5,0.2,2714.4
ORD001394,CUST00751,PROD0022,01-09-2022,03-09-2022,Latin America,Standard Class,4,390.44,0,1561.76
ORD000733,CUST00441,PROD0097,11-03-2024,17-03-2024,North America,Standard Class,3,497.68,0,1493.04
ORD000718,CUST00178,PROD0060,06-04-2024,08-04-2024,Latin America,Second Class,3,245.79,0,737.37
ORD001975,CUST00121,PROD0062,02-09-2023,03-09-2023,Europe,First Class,7,41.13,0.05,273.51
ORD002236,CUST00237,PROD0067,10-04-2023,13-04-2023,Europe,First Class,1,40.64,0.05,38.61
ORD002198,CUST00020,PROD0027,01-01-2024,06-01-2024,Europe,,9,152.85,0.15,1169.3
ORD001672,CUST00654,PROD0074,17-01-2023,18-01-2023,Latin America,First Class,8,76.23,0,609.84
ORD001985,CUST00802,PROD0087,29-08-2022,04-09-2022,North America,Second Class,1,563.97,0,563.97
ORD003077,CUST00912,PROD0015,08-06-2022,11-06-2022,Asia Pacific,Standard Class,4,208.86,0,835.44
ORD002530,CUST00275,PROD0103,03-02-2022,09-02-2022,Latin America,Standard Class,7,350.94,0.05,2333.75
ORD001202,CUST00572,PROD0066,26-05-2024,29-05-2024,Latin America,Standard Class,3,339.91,0.15,866.77
ORD000788,CUST00506,PROD0032,21-10-2024,22-10-2024,North America,Standard Class,5,48.7,0,243.5
ORD000164,CUST00580,PROD0086,25-06-2024,01-07-2024,Asia Pacific,Second Class,,118.96,0.1,642.38
ORD003146,CUST00148,PROD0053,23-08-2024,28-08-2024,Europe,Standard Class,10,457.67,0,4576.7
ORD002274,CUST00288,PROD0109,09-09-2024,,North America,First Class,5,15.42,0,77.1
ORD001424,CUST00620,PROD0105,14-12-2023,19-12-2023,Asia Pacific,First Class,8,492.55,0.05,3743.38
ORD000007,CUST00603,PROD0048,09-09-2023,15-09-2023,Asia Pacific,Standard Class,2,164.65,0.2,263.44
ORD002335,CUST00282,PROD0087,17-01-2024,21-01-2024,Asia Pacific,Standard Class,5,563.97,0.05,2678.86
ORD003189,CUST00593,PROD0060,27-06-2024,03-07-2024,Latin America,First Class,3,245.79,0,737.37
ORD002397,CUST00417,PROD0091,21-02-2022,27-02-2022,Latin America,Standard Class,3,595.15,0,1785.45
ORD000760,CUST00859,PROD0032,22-10-2023,29-10-2023,Asia Pacific,Same Day,3,48.7,0.15,124.19
ORD000581,CUST00080,PROD0081,12-10-2023,17-10-2023,North America,Standard Class,2,29.84,0,59.68
ORD002516,CUST00189,PROD0066,14-11-2024,21-11-2024,Asia Pacific,Standard Class,10,339.91,0.2,2719.28
ORD000620,CUST00947,PROD0051,06-07-2024,07-07-2024,Europe,Standard Class,1,222.91,0,222.91
ORD000987,CUST00531,PROD0102,05-02-2024,12-02-2024,Asia Pacific,Standard Class,7,86.56,0.05,575.62
ORD000088,CUST00935,PROD0068,23-05-2024,30-05-2024,Asia Pacific,Standard Class,6,147.64,0.15,752.96
ORD000856,CUST00794,PROD0077,27-11-2022,29-11-2022,Europe,Second Class,10,19.56,0.2,156.48
ORD001094,CUST00932,PROD0002,28-09-2023,05-10-2023,Latin America,Standard Class,7,368.56,0.1,2321.93
ORD000893,CUST00342,PROD0075,19-05-2023,21-05-2023,Europe,Second Class,7,112.08,0.05,745.33
ORD002646,CUST00777,PROD0082,02-01-2022,07-01-2022,North America,Second Class,4,542.12,0,2168.48
ORD002946,CUST00285,PROD0009,26-04-2023,30-04-2023,North America,Standard Class,9,232.46,0.05,1987.53
ORD001951,CUST00577,PROD0005,06-05-2024,12-05-2024,Asia Pacific,Standard Class,7,410.11,0,2870.77
ORD001815,CUST00881,PROD0004,14-05-2022,21-05-2022,Asia Pacific,Standard Class,7,503.13,0,3521.91
ORD001832,CUST00915,PROD0071,27-04-2023,28-04-2023,Latin America,Standard Class,9,567.98,0.05,4856.23
ORD000190,CUST00096,PROD0075,23-12-2024,30-12-2024,Latin America,Standard Class,7,112.08,0.2,627.65
ORD002841,CUST00901,PROD0078,08-06-2023,13-06-2023,Asia Pacific,Second Class,8,324.59,0,2596.72
ORD002894,CUST00570,PROD0069,01-12-2024,08-12-2024,Asia Pacific,Same Day,7,519.47,0.05,3454.48
ORD001639,CUST00663,PROD0032,11-10-2023,17-10-2023,,Standard Class,3,48.7,0,146.1
ORD000972,CUST00486,PROD0021,19-03-2024,25-03-2024,Asia Pacific,Same Day,4,563.08,0.1,2027.09
ORD002336,CUST00594,PROD0025,18-07-2024,23-07-2024,North America,Standard Class,7,109.89,0.2,615.38
ORD000727,CUST00771,PROD0096,08-04-2024,12-04-2024,Asia Pacific,First Class,9,343.31,0.1,2780.81
ORD002674,CUST00038,PROD0103,28-05-2024,02-06-2024,Latin America,Same Day,10,350.94,0,3509.4
ORD002066,CUST00851,PROD0023,15-12-2022,21-12-2022,Latin America,Second Class,1,454.27,0.15,386.13
ORD001133,CUST00881,PROD0037,06-08-2023,07-08-2023,North America,First Class,4,517.48,0,2069.92
ORD000923,CUST00028,PROD0092,08-01-2023,12-01-2023,Latin America,Standard Class,6,119.48,0,716.88
ORD000066,CUST00143,PROD0044,17-11-2022,22-11-2022,Latin America,Second Class,5,112.46,0.2,449.84
ORD002522,CUST00949,PROD0041,15-10-2022,21-10-2022,North America,Standard Class,9,204.65,0.1,1657.67
ORD000531,CUST00656,PROD0066,15-11-2022,18-11-2022,Asia Pacific,Standard Class,3,339.91,0.1,917.76
ORD001901,CUST00484,PROD0080,02-02-2024,07-02-2024,Europe,Standard Class,6,91.3,0.05,520.41
ORD000170,CUST00067,PROD0104,01-05-2022,07-05-2022,Asia Pacific,Standard Class,2,256.59,0.15,436.2
ORD000376,CUST00134,PROD0014,17-04-2023,19-04-2023,North America,Standard Class,2,6.03,0,12.06
ORD002238,CUST00272,PROD0029,17-03-2022,18-03-2022,Asia Pacific,Second Class,4,159.41,0,637.64
ORD000055,CUST00261,PROD0096,01-05-2023,06-05-2023,Asia Pacific,Standard Class,3,343.31,0,1029.93
ORD002604,CUST00041,PROD0008,18-10-2023,20-10-2023,North America,Standard Class,10,508.54,0.15,4322.59
ORD001361,CUST00976,PROD0088,12-10-2023,19-10-2023,Asia Pacific,Standard Class,7,409.08,0,2863.56
ORD002256,CUST00400,PROD0066,13-09-2024,16-09-2024,Latin America,Standard Class,7,339.91,0.2,1903.5
ORD001351,CUST00899,PROD0083,30-08-2022,31-08-2022,Latin America,Standard Class,8,14.31,0,114.48
ORD001802,CUST00428,PROD0021,07-02-2022,13-02-2022,Europe,Second Class,3,563.08,0,1689.24
ORD001771,CUST00009,PROD0095,24-06-2022,01-07-2022,Asia Pacific,Second Class,9,247.15,0.1,2001.91
ORD000575,CUST00447,PROD0025,13-10-2024,17-10-2024,Europe,Standard Class,7,109.89,0.2,615.38
ORD001489,CUST00918,PROD0050,19-02-2022,25-02-2022,Latin America,Second Class,1,224.78,0,224.78
ORD000967,CUST00793,PROD0060,19-09-2022,24-09-2022,Europe,Second Class,1,245.79,0,245.79
ORD002934,CUST00683,PROD0074,09-01-2023,10-01-2023,Asia Pacific,First Class,8,76.23,0.1,548.86
ORD002407,CUST00530,PROD0025,17-10-2022,22-10-2022,Latin America,Second Class,1,109.89,0,109.89
ORD001158,CUST00013,PROD0088,13-01-2023,16-01-2023,Latin America,First Class,5,409.08,0,2045.4
ORD002184,CUST00726,PROD0022,22-08-2022,28-08-2022,Asia Pacific,Standard Class,4,390.44,0.1,1405.58
ORD002537,CUST00214,PROD0038,07-07-2023,11-07-2023,Latin America,Standard Class,6,197,0.05,1122.9
ORD001992,CUST00158,PROD0022,30-11-2022,05-12-2022,North America,Standard Class,2,390.44,0,780.88
ORD003098,CUST00853,PROD0053,28-07-2022,29-07-2022,Latin America,Standard Class,3,457.67,0,1373.01
ORD000968,CUST00958,PROD0107,21-10-2023,28-10-2023,Latin America,First Class,5,565.5,0,2827.5
ORD000946,CUST00709,PROD0006,05-08-2023,12-08-2023,Asia Pacific,Standard Class,8,111.99,0.1,806.33
ORD001671,CUST00259,PROD0052,09-09-2022,16-09-2022,Latin America,Same Day,5,524.08,0.1,2358.36
ORD001822,CUST00105,PROD0074,06-03-2024,13-03-2024,Asia Pacific,Same Day,8,76.23,0.05,579.35
ORD002702,CUST00552,PROD0072,06-10-2023,11-10-2023,Latin America,Standard Class,1,380.44,0.05,361.42
ORD000238,CUST00747,PROD0006,12-05-2024,18-05-2024,Asia Pacific,Second Class,1,111.99,,111.99
ORD002468,CUST00654,PROD0089,19-10-2022,24-10-2022,Latin America,Second Class,4,143.69,0,574.76
ORD001928,CUST00283,PROD0078,26-12-2023,29-12-2023,Asia Pacific,Second Class,3,324.59,0,973.77
ORD000814,CUST00822,PROD0043,09-01-2022,13-01-2022,North America,First Class,4,470.55,0.2,1505.76
ORD001012,CUST00385,PROD0103,22-06-2022,26-06-2022,North America,Standard Class,4,350.94,0.1,1263.38
ORD000595,CUST00657,PROD0054,15-08-2024,20-08-2024,North America,Standard Class,10,532.54,0,5325.4
ORD002828,CUST00980,PROD0051,06-10-2022,07-10-2022,North America,Standard Class,4,222.91,0,891.64
ORD002150,CUST00011,PROD0008,14-12-2024,20-12-2024,Europe,Standard Class,5,508.54,0,2542.7
ORD002053,CUST00439,PROD0068,09-09-2022,11-09-2022,Asia Pacific,Second Class,5,147.64,0.05,701.29
ORD000046,CUST00664,PROD0027,03-03-2023,06-03-2023,Asia Pacific,Same Day,2,152.85,0.1,275.13
ORD001384,CUST00512,PROD0025,09-04-2022,15-04-2022,North America,First Class,1,109.89,0,109.89
ORD002282,CUST00894,PROD0063,17-07-2023,18-07-2023,Latin America,Second Class,8,219.88,0.05,1671.09
ORD002134,CUST00681,PROD0097,05-12-2024,08-12-2024,Asia Pacific,First Class,9,497.68,0.2,3583.3
ORD001705,CUST00568,PROD0096,10-08-2022,12-08-2022,Europe,First Class,4,343.31,0.2,1098.59
ORD003087,CUST00609,PROD0036,19-12-2024,20-12-2024,Europe,Standard Class,9,239.9,0.2,1727.28
ORD001751,CUST00041,PROD0015,18-01-2024,19-01-2024,Asia Pacific,Second Class,9,208.86,0,1879.74
ORD002838,CUST00840,PROD0009,22-12-2022,23-12-2022,Europe,Standard Class,10,232.46,0.2,1859.68
ORD001472,CUST00268,PROD0067,26-01-2024,29-01-2024,North America,Same Day,7,40.64,0,284.48
ORD002678,CUST00477,PROD0028,06-09-2022,11-09-2022,Asia Pacific,Second Class,10,21.47,0,214.7
ORD001389,CUST00539,PROD0115,03-10-2022,04-10-2022,Europe,Standard Class,3,264.42,0.2,634.61
ORD001520,CUST00840,PROD0072,03-12-2022,,North America,Standard Class,4,380.44,0.15,1293.5
ORD001515,CUST00278,PROD0076,05-02-2023,12-02-2023,Latin America,Second Class,2,393.52,0.1,708.34
ORD001470,CUST00476,PROD0059,23-11-2024,25-11-2024,North America,Second Class,3,278.67,0.1,752.41
ORD001116,CUST00138,PROD0005,21-09-2023,26-09-2023,Asia Pacific,Standard Class,9,410.11,0,3690.99
ORD001095,CUST00189,PROD0020,21-04-2022,25-04-2022,Europe,Standard Class,9,391.71,0,3525.39
ORD002375,CUST00586,PROD0004,28-12-2023,29-12-2023,North America,Standard Class,8,503.13,0.2,3220.03
ORD002113,CUST00396,PROD0082,22-01-2022,23-01-2022,North America,Standard Class,1,542.12,0.05,515.01
ORD000233,CUST00215,PROD0054,20-03-2024,21-03-2024,North America,Standard Class,10,532.54,0.05,5059.13
ORD001062,CUST00580,PROD0076,23-09-2024,29-09-2024,North America,Standard Class,9,393.52,0.1,3187.51
ORD001731,CUST00043,PROD0046,24-01-2024,29-01-2024,Europe,Second Class,6,156.09,0.15,796.06
ORD000442,CUST00191,PROD0080,22-01-2022,23-01-2022,North America,Same Day,5,91.3,0,456.5
ORD001924,CUST00552,PROD0013,23-01-2024,24-01-2024,Asia Pacific,Standard Class,3,142.31,0,426.93
ORD002789,CUST00682,PROD0084,07-05-2024,10-05-2024,Europe,Standard Class,3,435.65,0.1,1176.25
ORD001459,CUST00748,PROD0028,28-05-2024,31-05-2024,Europe,First Class,9,21.47,0,193.23
ORD002247,CUST00842,PROD0079,29-03-2023,04-04-2023,Asia Pacific,Standard Class,1,301.9,0,301.9
ORD000757,CUST00887,PROD0059,07-12-2023,11-12-2023,North America,Standard Class,5,278.67,0.05,1323.68
ORD000906,CUST00990,PROD0046,25-07-2023,31-07-2023,North America,Same Day,4,156.09,0.15,530.71
ORD000989,CUST00805,PROD0091,14-01-2022,17-01-2022,North America,First Class,10,595.15,0,5951.5
ORD000362,CUST00529,PROD0079,23-10-2023,25-10-2023,North America,First Class,8,301.9,0,2415.2
ORD003000,CUST00150,PROD0080,31-05-2022,02-06-2022,Europe,Second Class,7,91.3,0.1,575.19
ORD000643,CUST00038,PROD0020,18-03-2022,21-03-2022,Latin America,Same Day,1,391.71,0.2,313.37
ORD002960,CUST00671,PROD0038,24-05-2023,29-05-2023,Asia Pacific,Standard Class,9,197,0.2,1418.4
ORD002904,CUST00147,PROD0101,03-05-2022,09-05-2022,Europe,Second Class,6,576.35,0,3458.1
ORD001101,CUST00314,PROD0014,10-03-2023,16-03-2023,North America,Second Class,2,6.03,0,12.06
ORD000039,CUST00358,PROD0049,13-06-2024,20-06-2024,Asia Pacific,Standard Class,9,221.36,0.15,1693.4
ORD000958,CUST00483,PROD0071,09-09-2022,15-09-2022,North America,Second Class,9,567.98,0,5111.82
ORD001897,CUST00315,PROD0076,17-04-2022,21-04-2022,Asia Pacific,Standard Class,10,393.52,0.2,3148.16
ORD002996,CUST00026,PROD0096,24-10-2024,31-10-2024,Asia Pacific,Standard Class,6,343.31,0,2059.86
ORD002953,CUST00044,PROD0011,26-02-2023,28-02-2023,Europe,Standard Class,10,168.15,0,1681.5
ORD002459,CUST00915,PROD0022,31-07-2022,07-08-2022,Europe,Standard Class,1,390.44,0.1,351.4
ORD002955,CUST00119,PROD0062,10-06-2022,14-06-2022,North America,First Class,8,41.13,0.15,279.68
ORD001068,CUST00779,PROD0102,25-11-2024,27-11-2024,Asia Pacific,Standard Class,8,86.56,0,692.48
ORD001289,CUST00613,PROD0053,15-02-2024,20-02-2024,Europe,Second Class,10,457.67,0,4576.7
ORD001161,CUST00882,PROD0103,06-04-2023,12-04-2023,Asia Pacific,Standard Class,7,350.94,0.15,2088.09
ORD002426,CUST00940,PROD0001,04-01-2023,11-01-2023,North America,Same Day,6,276.1,0,1656.6
ORD000616,CUST00470,PROD0044,03-01-2024,08-01-2024,Latin America,Standard Class,7,112.46,0,787.22
ORD002868,CUST00564,PROD0066,07-05-2023,11-05-2023,North America,Standard Class,2,339.91,0.15,577.85
ORD000834,CUST00663,PROD0043,24-06-2022,27-06-2022,Asia Pacific,Standard Class,7,470.55,0.05,3129.16
ORD000364,CUST00944,PROD0109,24-11-2023,27-11-2023,Asia Pacific,First Class,3,15.42,0,46.26
ORD001717,CUST00094,PROD0099,08-10-2023,15-10-2023,Asia Pacific,Standard Class,7,330.98,0.15,1969.33
ORD000358,CUST00339,PROD0106,01-06-2024,02-06-2024,Latin America,Standard Class,,516.83,0.1,2790.88
ORD001388,CUST00516,PROD0050,29-08-2024,02-09-2024,Asia Pacific,Standard Class,3,224.78,0,674.34
ORD001330,CUST00846,PROD0038,11-04-2022,14-04-2022,Latin America,Standard Class,4,197,0.05,748.6
ORD002093,CUST00342,PROD0078,23-03-2023,29-03-2023,North America,Standard Class,9,324.59,0,2921.31
ORD002971,CUST00740,PROD0073,16-06-2022,17-06-2022,North America,First Class,1,171.97,0.15,146.17
ORD002477,CUST00605,PROD0029,10-04-2024,16-04-2024,Latin America,Standard Class,3,159.41,0,478.23
ORD001799,CUST00208,PROD0087,04-07-2024,07-07-2024,Asia Pacific,Standard Class,9,563.97,0.15,4314.37
ORD002617,CUST00647,PROD0048,11-07-2023,18-07-2023,Asia Pacific,Standard Class,3,164.65,0.2,395.16
ORD001761,CUST00245,PROD0073,17-11-2023,21-11-2023,Europe,First Class,10,171.97,0.15,1461.74
ORD000173,CUST00865,PROD0057,25-01-2024,29-01-2024,Asia Pacific,Second Class,1,224.76,0.2,179.81
ORD002920,CUST00092,PROD0083,14-07-2024,15-07-2024,Asia Pacific,Second Class,4,14.31,0,57.24
ORD000568,CUST00112,PROD0024,27-05-2023,29-05-2023,North America,Standard Class,9,261.68,0,2355.12
ORD002182,CUST00668,PROD0056,08-08-2024,13-08-2024,Latin America,Standard Class,8,35.09,0.1,252.65
ORD001249,CUST00294,PROD0038,04-12-2024,08-12-2024,Latin America,Standard Class,3,197,0.1,531.9
ORD000095,CUST00766,PROD0081,24-02-2024,29-02-2024,Latin America,Standard Class,7,29.84,0.2,167.1
ORD000811,CUST00350,PROD0072,08-05-2024,09-05-2024,Europe,Standard Class,10,380.44,0.05,3614.18
ORD001315,CUST00343,PROD0062,15-01-2024,22-01-2024,Latin America,First Class,9,41.13,0.2,296.14
ORD001411,CUST00016,PROD0094,09-07-2023,16-07-2023,North America,Standard Class,6,585.09,0.15,2983.96
ORD002064,CUST00804,PROD0067,14-11-2022,15-11-2022,North America,Standard Class,5,40.64,0,203.2
ORD000525,CUST00319,PROD0001,11-09-2022,13-09-2022,,Standard Class,9,276.1,0,2484.9
ORD000908,CUST00054,PROD0091,16-10-2022,20-10-2022,Asia Pacific,Standard Class,8,595.15,0.15,4047.02
ORD000440,CUST00765,PROD0014,23-11-2023,24-11-2023,Europe,Standard Class,9,6.03,0,54.27
ORD003003,CUST00048,PROD0069,26-05-2024,30-05-2024,Asia Pacific,Standard Class,2,519.47,0,1038.94
ORD000459,CUST00054,PROD0035,07-08-2024,14-08-2024,Latin America,Standard Class,3,540.44,0.1,1459.19
ORD001432,CUST00949,PROD0008,25-02-2022,27-02-2022,,Standard Class,7,508.54,0.2,2847.82
ORD001940,CUST00340,PROD0027,06-06-2022,08-06-2022,Asia Pacific,Same Day,1,152.85,0.1,137.56
ORD002876,CUST00702,PROD0022,10-11-2024,12-11-2024,Europe,Second Class,10,390.44,0,3904.4
ORD001153,CUST00050,PROD0079,19-07-2024,22-07-2024,North America,Standard Class,2,301.9,0,603.8
ORD002919,CUST00703,PROD0027,02-09-2024,05-09-2024,Latin America,Standard Class,8,152.85,0.15,1039.38
ORD001200,CUST00202,PROD0051,25-06-2022,26-06-2022,Europe,Second Class,10,222.91,0,2229.1
ORD000350,CUST00845,PROD0053,04-07-2022,06-07-2022,Europe,Standard Class,3,457.67,0.05,1304.36
ORD000492,CUST00390,PROD0095,07-07-2022,14-07-2022,Asia Pacific,Standard Class,6,247.15,0,1482.9
ORD001666,CUST00336,PROD0106,28-08-2022,03-09-2022,Asia Pacific,First Class,8,516.83,0,4134.64
ORD000455,CUST00746,PROD0051,05-01-2022,08-01-2022,Asia Pacific,Same Day,2,222.91,0.1,401.24
ORD002761,CUST00651,PROD0014,10-06-2023,17-06-2023,Latin America,Standard Class,6,6.03,0,36.18
ORD000816,CUST00307,PROD0094,07-01-2024,13-01-2024,Latin America,Second Class,7,585.09,0.05,3890.85
ORD001253,CUST00313,PROD0057,12-06-2022,14-06-2022,Latin America,Second Class,6,224.76,0.05,1281.13
ORD001144,CUST00900,PROD0047,22-09-2022,24-09-2022,Latin America,Standard Class,8,41.92,0.05,318.59
ORD000590,CUST00403,PROD0095,24-01-2022,28-01-2022,North America,Second Class,4,247.15,0,988.6
ORD002784,CUST00034,PROD0104,19-05-2022,21-05-2022,Europe,Standard Class,2,256.59,0.2,410.54
ORD002835,CUST00660,PROD0091,25-04-2022,26-04-2022,Asia Pacific,Second Class,1,595.15,0.15,505.88
ORD000689,CUST00959,PROD0017,18-12-2024,24-12-2024,North America,Standard Class,2,257.88,0.1,464.18
ORD000980,CUST00235,PROD0048,19-08-2023,22-08-2023,North America,Standard Class,10,164.65,0.05,1564.17
ORD001709,CUST00666,PROD0110,04-05-2023,09-05-2023,North America,Standard Class,8,453.31,0.1,3263.83
ORD001570,CUST00619,PROD0063,17-01-2023,23-01-2023,North America,Second Class,8,219.88,0.15,1495.18
ORD002089,CUST00460,PROD0101,16-10-2024,21-10-2024,Europe,Standard Class,7,576.35,0.05,3832.73
ORD000550,CUST00944,PROD0070,27-02-2022,01-03-2022,Europe,Second Class,1,289.02,0.2,231.22
ORD001156,CUST00788,PROD0064,14-11-2024,21-11-2024,Europe,Standard Class,4,562.27,0,2249.08
ORD002938,CUST00323,PROD0064,06-05-2022,10-05-2022,,Second Class,9,562.27,0,5060.43
ORD001838,CUST00938,PROD0001,22-10-2024,28-10-2024,,Standard Class,5,276.1,0,1380.5
ORD002944,CUST00118,PROD0010,25-10-2024,31-10-2024,Europe,Standard Class,4,101.95,0,407.8
ORD000542,CUST00508,PROD0072,28-01-2023,04-02-2023,Asia Pacific,First Class,2,380.44,0,760.88
ORD003144,CUST00201,PROD0096,23-01-2022,28-01-2022,Europe,Standard Class,4,343.31,0,1373.24
ORD002494,CUST00246,PROD0054,16-01-2022,20-01-2022,Europe,Standard Class,6,532.54,0.2,2556.19
ORD001010,CUST00053,PROD0016,09-05-2023,12-05-2023,Asia Pacific,Standard Class,4,100.98,0.05,383.72
ORD003114,CUST00629,PROD0036,27-05-2022,30-05-2022,Asia Pacific,Second Class,6,239.9,0.15,1223.49
ORD001312,CUST00562,PROD0054,05-07-2024,08-07-2024,Asia Pacific,Standard Class,6,532.54,0,3195.24
ORD001360,CUST00514,PROD0094,25-02-2023,26-02-2023,Europe,Same Day,4,585.09,0,2340.36
ORD000646,CUST00510,PROD0043,07-03-2023,11-03-2023,Latin America,Standard Class,2,470.55,0,941.1
ORD002004,CUST00119,PROD0004,10-07-2023,17-07-2023,Asia Pacific,Second Class,3,503.13,0,1509.39
ORD002958,CUST00575,PROD0042,02-07-2022,07-07-2022,Europe,Standard Class,6,48.23,0,289.38
ORD001380,CUST00876,PROD0046,18-10-2024,23-10-2024,North America,Second Class,7,156.09,0.05,1038
ORD001551,CUST00444,PROD0098,18-01-2022,23-01-2022,Asia Pacific,Standard Class,3,365.96,0,1097.88
ORD001896,CUST00143,PROD0060,28-02-2022,01-03-2022,Asia Pacific,Standard Class,3,245.79,0.05,700.5
ORD001703,CUST00219,PROD0077,17-09-2022,19-09-2022,Europe,Standard Class,4,19.56,0.15,66.5
ORD002767,CUST00103,PROD0068,06-01-2024,11-01-2024,North America,Standard Class,6,147.64,0,885.84
ORD000028,CUST00367,PROD0092,15-04-2022,16-04-2022,Asia Pacific,Same Day,3,119.48,0.15,304.67
ORD002673,CUST00079,PROD0062,04-12-2023,05-12-2023,North America,Same Day,5,41.13,,205.65
ORD001345,CUST00804,PROD0031,02-04-2023,09-04-2023,Europe,Standard Class,2,51.38,0,102.76
ORD002988,CUST00621,PROD0058,10-04-2023,12-04-2023,Latin America,Standard Class,8,265.81,0.1,1913.83
ORD000875,CUST00127,PROD0112,31-10-2022,01-11-2022,North America,Standard Class,8,229.22,0.15,1558.7
ORD001490,CUST00168,PROD0011,03-07-2022,07-07-2022,Europe,Same Day,5,168.15,0.2,672.6
ORD003139,CUST00112,PROD0097,05-04-2023,08-04-2023,Asia Pacific,Standard Class,3,497.68,0,1493.04
ORD001139,CUST00207,PROD0115,23-08-2024,28-08-2024,Europe,Second Class,7,264.42,0,1850.94
ORD001544,CUST00490,PROD0005,03-07-2024,08-07-2024,Europe,Second Class,6,410.11,0,2460.66
ORD000564,CUST00135,PROD0041,28-11-2023,30-11-2023,Latin America,Standard Class,7,204.65,0,1432.55
ORD002798,CUST00947,PROD0070,13-01-2022,18-01-2022,Asia Pacific,First Class,5,289.02,0,1445.1
ORD000040,CUST00631,PROD0045,20-12-2022,27-12-2022,Asia Pacific,First Class,3,62.78,0.15,160.09
ORD002781,CUST00856,PROD0016,04-12-2022,08-12-2022,Asia Pacific,First Class,1,100.98,0,100.98
ORD002141,CUST00189,PROD0008,26-04-2022,03-05-2022,North America,Standard Class,9,508.54,0.15,3890.33
ORD001648,CUST00208,PROD0108,13-12-2022,20-12-2022,Latin America,Second Class,9,264.17,0,2377.53
ORD002728,CUST00237,PROD0012,20-04-2023,24-04-2023,North America,Second Class,6,250.39,0.15,1276.99
ORD000108,CUST00661,PROD0052,25-02-2022,26-02-2022,Latin America,Standard Class,5,524.08,0.05,2489.38
ORD001501,CUST00613,PROD0042,05-06-2022,08-06-2022,North America,Second Class,6,48.23,0.05,274.91
ORD001433,CUST00082,PROD0030,15-06-2023,18-06-2023,Latin America,Standard Class,1,360.73,,324.66
ORD002811,CUST00367,PROD0080,04-09-2024,08-09-2024,Latin America,Standard Class,9,91.3,0,821.7
ORD001115,CUST00932,PROD0087,24-09-2024,28-09-2024,North America,Standard Class,7,563.97,0.15,3355.62
ORD000457,CUST00522,PROD0084,21-10-2024,22-10-2024,North America,Standard Class,9,435.65,0.1,3528.76
ORD001914,CUST00514,PROD0017,10-03-2024,11-03-2024,Latin America,Standard Class,8,257.88,0.05,1959.89
ORD001436,CUST00199,PROD0091,02-01-2022,03-01-2022,Asia Pacific,Standard Class,9,595.15,0,5356.35
ORD003155,CUST00754,PROD0073,24-02-2022,25-02-2022,Asia Pacific,First Class,1,171.97,0.1,154.77
ORD001100,CUST00339,PROD0044,30-09-2024,05-10-2024,Asia Pacific,Same Day,3,112.46,0.15,286.77
ORD000283,CUST00434,PROD0023,27-04-2024,03-05-2024,Asia Pacific,Standard Class,10,454.27,0,4542.7
ORD002601,CUST00869,PROD0101,24-02-2022,25-02-2022,,Standard Class,1,576.35,0,576.35
ORD000597,CUST00778,PROD0107,29-03-2022,02-04-2022,Asia Pacific,Standard Class,9,565.5,0.2,4071.6
ORD001085,CUST00005,PROD0054,02-06-2022,05-06-2022,Europe,First Class,2,532.54,0.2,852.06
ORD001301,CUST00518,PROD0039,23-01-2024,24-01-2024,Latin America,First Class,1,498.11,0.2,398.49
ORD001314,CUST00373,PROD0045,25-08-2022,30-08-2022,North America,Standard Class,10,62.78,0,627.8
ORD001415,CUST00119,PROD0066,22-05-2022,26-05-2022,Latin America,First Class,10,339.91,0,3399.1
ORD002672,CUST00619,PROD0031,16-10-2024,18-10-2024,North America,Standard Class,8,51.38,0.05,390.49
ORD002729,CUST00387,PROD0053,16-10-2023,19-10-2023,Latin America,,10,457.67,0.2,3661.36
ORD000357,CUST00279,PROD0057,29-06-2024,04-07-2024,Asia Pacific,Second Class,9,224.76,0.2,1618.27
ORD002779,CUST00288,PROD0091,07-06-2024,08-06-2024,Latin America,Standard Class,3,595.15,0.15,1517.63
ORD001223,CUST00580,PROD0100,21-08-2024,25-08-2024,Europe,Standard Class,7,160.34,0.2,897.9
ORD002325,CUST00420,PROD0076,26-05-2023,27-05-2023,North America,Second Class,4,393.52,0.15,1337.97
ORD000652,CUST00042,PROD0036,16-04-2023,17-04-2023,Asia Pacific,First Class,9,239.9,0,2159.1
ORD001061,CUST00255,PROD0036,26-08-2022,29-08-2022,Asia Pacific,Second Class,5,239.9,0,1199.5
ORD002974,CUST00107,PROD0064,31-01-2022,02-02-2022,Latin America,Same Day,4,562.27,0.05,2136.63
ORD002144,CUST00148,PROD0069,11-01-2022,14-01-2022,Latin America,Standard Class,9,519.47,0.15,3973.95
ORD001338,CUST00369,PROD0016,26-04-2023,28-04-2023,Europe,Standard Class,1,100.98,0.2,80.78
ORD002853,CUST00688,PROD0112,10-06-2022,17-06-2022,Latin America,Standard Class,2,229.22,0,458.44
ORD000186,CUST00842,PROD0063,09-01-2023,12-01-2023,North America,Standard Class,8,219.88,0,1759.04
ORD001652,CUST00632,PROD0099,13-03-2023,20-03-2023,North America,Standard Class,10,330.98,0.05,3144.31
ORD000168,CUST00758,PROD0048,16-05-2022,17-05-2022,North America,Second Class,2,164.65,0.15,279.91
ORD001765,CUST00523,PROD0056,13-11-2023,14-11-2023,Latin America,Standard Class,5,35.09,0.05,166.68
ORD002031,CUST00570,PROD0112,16-02-2024,23-02-2024,Europe,Second Class,2,229.22,0,458.44
ORD002295,CUST00995,PROD0107,06-07-2024,10-07-2024,North America,Standard Class,2,565.5,0,1131
ORD000216,CUST00264,PROD0072,11-08-2024,12-08-2024,North America,Standard Class,2,380.44,0,760.88
ORD002574,CUST00553,PROD0082,20-07-2024,24-07-2024,Asia Pacific,Second Class,,542.12,0,1084.24
ORD000706,CUST00570,PROD0048,02-08-2024,03-08-2024,North America,First Class,7,164.65,0.2,922.04
ORD001367,CUST00548,PROD0087,13-03-2022,20-03-2022,Asia Pacific,Second Class,3,563.97,0,1691.91
ORD001522,CUST00729,PROD0005,29-12-2024,30-12-2024,North America,Standard Class,10,410.11,0.05,3896.05
ORD000766,CUST00079,PROD0025,30-10-2022,02-11-2022,Asia Pacific,Standard Class,1,109.89,0.05,104.4
ORD000360,CUST00372,PROD0008,01-02-2022,06-02-2022,Latin America,Standard Class,9,508.54,0.15,3890.33
ORD000669,CUST00001,PROD0051,25-07-2024,31-07-2024,Europe,Second Class,8,222.91,0.05,1694.12
ORD002469,CUST00422,PROD0063,03-05-2022,04-05-2022,North America,Second Class,9,219.88,0,1978.92
ORD003027,CUST00168,PROD0073,12-12-2023,13-12-2023,Asia Pacific,First Class,1,171.97,0.1,154.77
ORD001104,CUST00796,PROD0041,28-04-2024,03-05-2024,Europe,Standard Class,6,204.65,0.2,982.32
ORD000767,CUST00074,PROD0026,12-02-2022,13-02-2022,Europe,Second Class,9,413.69,0.2,2978.57
ORD001800,CUST00948,PROD0040,12-09-2023,15-09-2023,Europe,Standard Class,3,513.73,0.15,1310.01
ORD001853,CUST00875,PROD0080,16-12-2023,18-12-2023,Latin America,First Class,,91.3,0,821.7
ORD002100,CUST00388,PROD0106,16-01-2023,23-01-2023,Asia Pacific,Standard Class,9,516.83,0,4651.47
ORD001122,CUST00763,PROD0091,22-08-2023,26-08-2023,Asia Pacific,Second Class,10,595.15,0,5951.5
ORD001039,CUST00672,PROD0030,11-12-2024,14-12-2024,Europe,Second Class,7,360.73,0.05,2398.85
ORD003041,CUST00720,PROD0018,09-01-2022,11-01-2022,Latin America,Standard Class,7,43.23,0.05,287.48
ORD002405,CUST00137,PROD0011,09-04-2023,16-04-2023,Latin America,Second Class,10,168.15,0,1681.5
ORD002436,CUST00286,PROD0050,09-02-2024,11-02-2024,North America,Second Class,6,224.78,0.1,1213.81
ORD002445,CUST00330,PROD0106,14-01-2022,15-01-2022,Europe,Standard Class,6,516.83,0.05,2945.93
ORD002926,CUST00837,PROD0040,25-12-2024,31-12-2024,Latin America,Standard Class,6,513.73,0.05,2928.26
ORD000180,CUST00695,PROD0041,29-03-2023,04-04-2023,Latin America,Standard Class,3,204.65,0.15,521.86
ORD001078,CUST00781,PROD0112,08-07-2024,14-07-2024,Latin America,Standard Class,7,229.22,0,1604.54
ORD000341,CUST00410,PROD0018,08-07-2024,10-07-2024,Latin America,Standard Class,3,43.23,0,129.69
ORD003073,CUST00358,PROD0109,03-05-2024,08-05-2024,Europe,Standard Class,9,15.42,0.2,111.02
ORD000353,CUST00894,PROD0088,10-10-2023,13-10-2023,Latin America,Same Day,1,409.08,0,409.08
ORD000746,CUST00538,PROD0107,04-03-2022,10-03-2022,Asia Pacific,Standard Class,8,565.5,0.2,3619.2
ORD000075,CUST00920,PROD0024,09-02-2023,14-02-2023,Asia Pacific,Second Class,4,261.68,0.2,837.38
ORD001795,CUST00741,PROD0077,28-07-2022,01-08-2022,Latin America,Standard Class,5,19.56,0,97.8
ORD002309,CUST00721,PROD0110,17-04-2024,19-04-2024,Latin America,First Class,9,453.31,0.2,3263.83
ORD002049,CUST00276,PROD0006,05-01-2022,12-01-2022,Asia Pacific,Same Day,6,111.99,0,671.94
ORD000209,CUST00646,PROD0013,23-11-2024,27-11-2024,Asia Pacific,Standard Class,2,142.31,0.2,227.7
ORD002279,CUST00235,PROD0068,29-06-2022,05-07-2022,Latin America,Standard Class,9,147.64,0.2,1063.01
ORD000240,CUST00348,PROD0070,26-04-2023,03-05-2023,Latin America,Same Day,10,289.02,0.15,2456.67
ORD001454,CUST00156,PROD0080,24-09-2023,27-09-2023,Europe,Standard Class,3,91.3,0.05,260.2
ORD001546,CUST00763,PROD0042,10-06-2024,11-06-2024,Latin America,Standard Class,4,48.23,0.05,183.27
ORD000517,CUST00891,PROD0022,28-02-2023,01-03-2023,North America,Standard Class,3,390.44,0,1171.32
ORD002905,CUST00163,PROD0050,24-03-2024,29-03-2024,North America,Standard Class,3,224.78,0.15,573.19
ORD000257,CUST00364,PROD0113,28-02-2024,29-02-2024,Asia Pacific,Standard Class,5,270.53,0,1352.65
ORD002219,CUST00929,PROD0084,16-03-2024,18-03-2024,Europe,Standard Class,6,435.65,0.15,2221.81
ORD002987,CUST00071,PROD0014,11-01-2023,18-01-2023,Asia Pacific,Same Day,7,6.03,0.15,35.88
ORD002639,CUST00709,PROD0091,03-07-2023,04-07-2023,Latin America,First Class,7,595.15,0,4166.05
ORD002128,CUST00775,PROD0040,30-11-2023,06-12-2023,Latin America,Standard Class,3,513.73,0.2,1232.95
ORD001786,CUST00156,PROD0069,15-04-2024,20-04-2024,North America,Standard Class,4,519.47,0.2,1662.3
ORD002033,CUST00262,PROD0011,06-09-2024,11-09-2024,Europe,Standard Class,8,168.15,0.05,1277.94
ORD000588,CUST00871,PROD0078,16-08-2024,19-08-2024,Latin America,Standard Class,9,324.59,0.1,2629.18
ORD000555,CUST00563,PROD0075,13-07-2022,17-07-2022,Europe,First Class,5,112.08,0,560.4
ORD002912,CUST00979,PROD0103,05-04-2022,12-04-2022,Asia Pacific,Standard Class,6,350.94,0,2105.64
ORD002619,CUST00641,PROD0085,31-05-2023,05-06-2023,Europe,Standard Class,2,174.68,0.2,279.49
ORD003013,CUST00391,PROD0115,25-12-2022,30-12-2022,North America,Standard Class,4,264.42,0.1,951.91
ORD002423,CUST00031,PROD0057,11-10-2023,16-10-2023,Asia Pacific,Standard Class,1,224.76,0.1,202.28
ORD000460,CUST00938,PROD0001,31-08-2022,01-09-2022,Latin America,First Class,2,276.1,0,552.2
ORD000405,CUST00389,PROD0095,06-10-2024,12-10-2024,North America,Second Class,2,247.15,0.05,469.58
ORD001511,CUST00067,PROD0076,24-10-2022,29-10-2022,Europe,First Class,5,393.52,0,1967.6
ORD001865,CUST00401,PROD0079,12-10-2023,17-10-2023,North America,Second Class,3,301.9,0,905.7
ORD002881,CUST00873,PROD0024,25-05-2024,01-06-2024,Asia Pacific,Second Class,6,261.68,0.2,1256.06
ORD001203,CUST00234,PROD0047,12-01-2022,19-01-2022,North America,Standard Class,8,41.92,0,335.36
ORD001197,CUST00451,PROD0048,20-02-2024,22-02-2024,Asia Pacific,First Class,6,164.65,0.1,889.11
ORD000259,CUST00226,PROD0016,09-07-2024,10-07-2024,Latin America,First Class,5,100.98,0.05,479.66
ORD001481,CUST00795,PROD0113,12-10-2022,17-10-2022,Latin America,Standard Class,3,270.53,0,811.59
ORD002150,CUST00011,PROD0008,14-12-2024,20-12-2024,Europe,Standard Class,5,508.54,0,2542.7
ORD000684,CUST00659,PROD0010,01-10-2022,06-10-2022,North America,Standard Class,7,101.95,0,713.65
ORD001138,CUST00812,PROD0024,08-09-2023,13-09-2023,Asia Pacific,Same Day,6,261.68,0,1570.08
ORD000355,CUST00335,PROD0002,23-11-2023,27-11-2023,Latin America,Standard Class,1,368.56,0,368.56
ORD000792,CUST00566,PROD0016,17-02-2024,21-02-2024,Europe,Second Class,8,100.98,0.15,686.66
ORD002422,CUST00234,PROD0064,23-01-2024,30-01-2024,Latin America,Same Day,6,562.27,0.15,2867.58
ORD001625,CUST00868,PROD0001,14-12-2022,15-12-2022,Asia Pacific,Second Class,8,276.1,0,2208.8
ORD003035,CUST00387,PROD0008,24-11-2022,01-12-2022,Latin America,Standard Class,6,508.54,0,3051.24
ORD002058,CUST00384,PROD0041,11-06-2022,13-06-2022,Latin America,Standard Class,1,204.65,0.15,173.95
ORD001781,CUST00765,PROD0016,17-05-2022,18-05-2022,Europe,First Class,5,100.98,0.1,454.41
ORD000559,CUST00499,PROD0059,09-11-2024,15-11-2024,Latin America,First Class,9,278.67,0,2508.03
ORD000549,CUST00358,PROD0059,27-09-2022,02-10-2022,Latin America,Standard Class,,278.67,0.15,1184.35
ORD000334,CUST00363,PROD0091,26-07-2022,01-08-2022,Europe,Same Day,10,595.15,0.15,5058.77
ORD002394,CUST00798,PROD0062,12-06-2022,15-06-2022,Europe,Standard Class,9,41.13,0,370.17
ORD001254,CUST00610,PROD0082,01-03-2023,05-03-2023,Europe,First Class,8,542.12,0,4336.96
ORD000800,CUST00032,PROD0037,01-10-2024,04-10-2024,Latin America,Standard Class,4,517.48,0.15,1759.43
ORD001825,CUST00282,PROD0098,08-12-2024,13-12-2024,Latin America,Standard Class,7,365.96,0.1,2305.55
ORD000732,CUST00220,PROD0049,23-07-2022,27-07-2022,Asia Pacific,Standard Class,6,221.36,0,1328.16
ORD001385,CUST00345,PROD0079,25-04-2023,29-04-2023,North America,Standard Class,2,301.9,0.2,483.04
ORD001591,CUST00300,PROD0044,26-11-2024,01-12-2024,Europe,Standard Class,6,112.46,0,674.76
ORD000855,CUST00031,PROD0007,19-12-2024,23-12-2024,North America,Standard Class,6,157,0.15,800.7
ORD001989,CUST00984,PROD0107,03-05-2024,04-05-2024,North America,Same Day,6,565.5,0,3393
ORD000179,CUST00999,PROD0105,14-08-2024,18-08-2024,Latin America,Standard Class,2,492.55,0,985.1
ORD002416,CUST00357,PROD0044,03-05-2024,05-05-2024,Europe,Standard Class,5,112.46,0,562.3
ORD000988,CUST00549,PROD0033,23-01-2024,29-01-2024,Europe,Standard Class,7,336.59,0.2,1884.9
ORD002695,CUST00205,PROD0088,03-07-2024,06-07-2024,North America,Standard Class,8,409.08,0,3272.64
ORD000123,CUST00787,PROD0089,01-06-2024,02-06-2024,Europe,Standard Class,1,143.69,0,143.69
ORD003089,CUST00153,PROD0058,06-07-2022,13-07-2022,Latin America,First Class,2,265.81,0.05,505.04
ORD000556,CUST00565,PROD0062,11-03-2023,15-03-2023,Europe,Standard Class,10,41.13,0.1,370.17
ORD001576,CUST00036,PROD0040,14-09-2024,21-09-2024,Europe,Same Day,10,513.73,0,5137.3
ORD001069,CUST00347,PROD0097,11-05-2022,15-05-2022,Asia Pacific,Standard Class,4,497.68,0.05,1891.18
ORD000810,CUST00795,PROD0028,25-01-2024,30-01-2024,North America,First Class,10,21.47,0,214.7
ORD000249,CUST00234,PROD0030,03-01-2022,04-01-2022,Asia Pacific,Standard Class,3,360.73,0.15,919.86
ORD001395,CUST00411,PROD0026,26-02-2024,29-02-2024,Asia Pacific,First Class,10,413.69,0.2,3309.52
ORD002046,CUST00822,PROD0040,24-01-2024,31-01-2024,Latin America,Standard Class,8,513.73,0,4109.84
ORD003063,CUST00517,PROD0048,15-06-2022,22-06-2022,Asia Pacific,Standard Class,8,164.65,0.15,1119.62
ORD001788,CUST00014,PROD0095,13-05-2024,19-05-2024,North America,Standard Class,2,247.15,0.15,420.15
ORD000113,CUST00497,PROD0018,30-04-2023,07-05-2023,North America,Standard Class,6,43.23,0,259.38
ORD003069,CUST00482,PROD0091,29-12-2023,01-01-2024,Asia Pacific,Standard Class,5,595.15,0.05,2826.96
ORD002195,CUST00723,PROD0067,16-10-2023,23-10-2023,North America,Standard Class,5,40.64,0.15,172.72
ORD002543,CUST00733,PROD0072,28-03-2023,02-04-2023,Latin America,Standard Class,2,380.44,0,760.88
ORD000118,CUST00672,PROD0022,04-04-2022,08-04-2022,North America,Same Day,3,390.44,0.2,937.06
ORD000192,CUST00449,PROD0011,26-01-2024,30-01-2024,North America,Standard Class,8,168.15,0.2,1076.16
ORD000838,CUST00968,PROD0023,30-09-2023,02-10-2023,Latin America,Second Class,6,454.27,0.2,2180.5
ORD001934,CUST00570,PROD0039,26-02-2022,05-03-2022,Latin America,Second Class,9,498.11,0.15,3810.54
ORD002168,CUST00605,PROD0095,15-08-2022,18-08-2022,Europe,Standard Class,1,247.15,0.05,234.79
ORD002573,CUST00923,PROD0047,18-01-2024,22-01-2024,Latin America,Standard Class,1,41.92,0.05,39.82
ORD002799,CUST00456,PROD0048,21-10-2022,25-10-2022,Asia Pacific,Standard Class,9,164.65,0.2,1185.48
ORD001442,CUST00612,PROD0014,08-05-2023,10-05-2023,Latin America,Standard Class,1,6.03,0,6.03
ORD001861,CUST00406,PROD0055,30-01-2024,06-02-2024,Europe,Standard Class,2,222.38,0,444.76
ORD002026,CUST00574,PROD0060,09-03-2022,16-03-2022,Latin America,Standard Class,9,245.79,0,2212.11
ORD002096,CUST00495,PROD0100,24-08-2024,29-08-2024,Latin America,First Class,4,160.34,0.2,513.09
ORD000117,CUST00213,PROD0066,04-07-2024,06-07-2024,Europe,Standard Class,7,339.91,0,2379.37
ORD001405,CUST00065,PROD0031,10-12-2024,13-12-2024,Europe,Standard Class,8,51.38,0,411.04
ORD002572,CUST00098,PROD0114,27-11-2023,28-11-2023,Europe,Standard Class,10,320.6,0,3206
ORD000469,CUST00630,PROD0084,27-01-2024,29-01-2024,Latin America,First Class,5,435.65,0,2178.25
ORD000314,CUST00472,PROD0057,04-02-2022,07-02-2022,North America,Standard Class,8,224.76,0,1798.08
ORD001041,CUST00178,PROD0060,03-12-2024,06-12-2024,North America,Second Class,7,245.79,0.05,1634.5
ORD002753,CUST00622,PROD0104,21-01-2023,23-01-2023,Asia Pacific,Second Class,1,256.59,0,256.59
ORD002517,CUST00194,PROD0004,30-11-2024,06-12-2024,Latin America,Standard Class,6,503.13,0.15,2565.96
ORD002843,CUST00190,PROD0085,22-09-2022,29-09-2022,Latin America,Standard Class,10,174.68,0.05,1659.46
ORD000749,CUST00099,PROD0107,15-08-2024,21-08-2024,North America,Standard Class,7,565.5,0.05,3760.57
ORD000267,CUST00265,PROD0098,27-04-2024,03-05-2024,Asia Pacific,Second Class,3,365.96,0.15,933.2
ORD001935,CUST00724,PROD0030,05-04-2022,07-04-2022,North America,Second Class,4,360.73,0.1,1298.63
ORD000071,CUST00063,PROD0008,15-10-2022,17-10-2022,Asia Pacific,Standard Class,1,508.54,0,508.54
ORD002979,CUST00911,PROD0089,06-03-2024,10-03-2024,Europe,Standard Class,7,143.69,0,1005.83
ORD001634,CUST00905,PROD0093,24-04-2024,27-04-2024,Latin America,First Class,8,189.38,0.2,1212.03
ORD000953,CUST00327,PROD0008,09-11-2022,16-11-2022,North America,Standard Class,3,508.54,0.15,1296.78
ORD000483,CUST00510,PROD0019,26-02-2023,28-02-2023,North America,First Class,7,277.53,0.05,1845.57
ORD002491,CUST00309,PROD0092,24-08-2024,31-08-2024,Europe,Same Day,7,119.48,0,836.36
ORD000354,CUST00817,PROD0017,19-12-2024,22-12-2024,North America,Second Class,8,257.88,0.1,1856.74
ORD002913,CUST00995,PROD0077,29-04-2022,06-05-2022,Latin America,Standard Class,6,19.56,0,117.36
ORD000147,CUST00253,PROD0005,29-10-2023,03-11-2023,North America,Second Class,2,410.11,0.05,779.21
ORD002773,CUST00189,PROD0095,20-04-2024,22-04-2024,Asia Pacific,Same Day,7,247.15,0.2,1384.04
ORD002689,CUST00191,PROD0065,20-01-2022,25-01-2022,Asia Pacific,First Class,6,47.55,0,285.3
ORD002786,CUST00970,PROD0041,13-03-2024,18-03-2024,Latin America,Second Class,6,204.65,0,1227.9
ORD001038,CUST00064,PROD0074,09-05-2022,15-05-2022,North America,Same Day,8,76.23,0.1,548.86
ORD000876,CUST00711,PROD0101,01-06-2024,03-06-2024,North America,Standard Class,9,576.35,0.15,4409.08
ORD000308,CUST00811,PROD0005,09-07-2022,13-07-2022,Latin America,First Class,4,410.11,0,1640.44
ORD001664,CUST00540,PROD0104,27-01-2022,02-02-2022,Europe,First Class,2,256.59,0,513.18
ORD001878,CUST00299,PROD0073,25-10-2023,30-10-2023,North America,First Class,8,171.97,0.2,1100.61
ORD002909,CUST00244,PROD0089,24-06-2022,27-06-2022,Asia Pacific,Standard Class,8,143.69,0.15,977.09
ORD002915,CUST00151,PROD0032,23-12-2023,26-12-2023,Latin America,Same Day,6,48.7,0.05,277.59
ORD002045,CUST00935,PROD0071,26-12-2023,30-12-2023,North America,Standard Class,6,567.98,0.05,3237.49
ORD002956,CUST00115,PROD0041,08-06-2023,11-06-2023,Latin America,Standard Class,4,204.65,0,818.6
ORD001495,CUST00049,PROD0105,06-12-2022,10-12-2022,North America,Standard Class,8,492.55,0.05,3743.38
ORD001293,CUST00185,PROD0102,28-02-2022,01-03-2022,,First Class,3,86.56,0,259.68
ORD001536,CUST00868,PROD0053,11-07-2022,16-07-2022,Latin America,Second Class,6,457.67,0.2,2196.82
ORD001589,CUST00276,PROD0104,30-05-2022,31-05-2022,Europe,Standard Class,7,256.59,0.05,1706.32
ORD001087,CUST00545,PROD0057,02-10-2023,07-10-2023,North America,Same Day,3,224.76,0.1,606.85
ORD002892,CUST00717,PROD0113,26-11-2024,29-11-2024,Europe,Standard Class,5,270.53,0,1352.65
ORD001708,CUST00583,PROD0104,02-04-2022,04-04-2022,Latin America,Standard Class,10,256.59,0.2,2052.72
ORD001210,CUST00050,PROD0056,21-03-2024,23-03-2024,Europe,Second Class,10,35.09,0,350.9
ORD001599,CUST00450,PROD0090,21-03-2023,23-03-2023,Latin America,Second Class,7,309.43,0,2166.01
ORD002054,CUST00164,PROD0100,21-07-2022,22-07-2022,Latin America,Standard Class,1,160.34,0.05,152.32
ORD000786,CUST00574,PROD0024,12-06-2024,16-06-2024,Latin America,Standard Class,3,261.68,0.2,628.03
ORD002997,CUST00007,PROD0042,06-07-2022,13-07-2022,Asia Pacific,Standard Class,4,48.23,0.2,154.34
ORD001208,CUST00241,PROD0038,26-07-2023,01-08-2023,North America,Standard Class,1,197,0.05,187.15
ORD000058,CUST00593,PROD0019,18-10-2023,22-10-2023,Europe,Second Class,9,277.53,0.2,1998.22
ORD000056,CUST00447,PROD0075,13-08-2022,19-08-2022,Latin America,Second Class,4,112.08,0.2,358.66
ORD001963,CUST00491,PROD0054,07-10-2023,09-10-2023,North America,Standard Class,2,532.54,0,1065.08
ORD003141,CUST00158,PROD0023,13-06-2024,18-06-2024,Asia Pacific,Second Class,6,454.27,0,2725.62
ORD002539,CUST00615,PROD0038,13-06-2024,20-06-2024,Latin America,Standard Class,2,197,0.2,315.2
ORD003060,CUST00731,PROD0025,19-12-2023,21-12-2023,Asia Pacific,Standard Class,2,109.89,0.2,175.82
ORD001670,CUST00384,PROD0087,10-09-2023,11-09-2023,Latin America,Standard Class,9,563.97,0.15,4314.37
ORD001644,CUST00147,PROD0058,12-09-2023,17-09-2023,North America,Second Class,5,265.81,0.2,1063.24
ORD000488,CUST00728,PROD0053,08-11-2023,11-11-2023,Europe,Standard Class,9,457.67,0.1,3707.13
ORD001874,CUST00834,PROD0076,25-05-2022,30-05-2022,Asia Pacific,Second Class,2,393.52,0.15,668.98
ORD002176,CUST00889,PROD0087,09-01-2022,16-01-2022,Asia Pacific,Second Class,3,563.97,0.1,1522.72
ORD001059,CUST00482,PROD0084,19-12-2023,20-12-2023,Latin America,First Class,10,435.65,0.1,3920.85
ORD001888,CUST00415,PROD0052,21-08-2023,25-08-2023,Asia Pacific,Standard Class,2,524.08,0.2,838.53
ORD001269,CUST00399,PROD0050,02-12-2024,08-12-2024,Latin America,Standard Class,5,224.78,0.05,1067.7
ORD002787,CUST00561,PROD0040,20-04-2024,21-04-2024,Latin America,Standard Class,5,513.73,0.15,2183.35
ORD002883,CUST00205,PROD0052,18-04-2022,23-04-2022,North America,Same Day,5,524.08,0,2620.4
ORD001616,CUST00155,PROD0057,19-10-2024,23-10-2024,Europe,Standard Class,9,224.76,0.05,1921.7
ORD001483,CUST00787,PROD0069,03-08-2022,09-08-2022,Europe,Standard Class,3,519.47,0.2,1246.73
ORD002353,CUST00009,PROD0078,27-08-2022,01-09-2022,Asia Pacific,Standard Class,2,324.59,0,649.18
ORD000693,CUST00685,PROD0058,01-11-2024,06-11-2024,North America,Same Day,10,265.81,0.1,2392.29
ORD000515,CUST00088,PROD0058,29-04-2024,02-05-2024,Latin America,Standard Class,7,265.81,0.05,1767.64
ORD001184,CUST00430,PROD0091,10-02-2023,16-02-2023,Latin America,Standard Class,3,595.15,,1696.18
ORD002783,CUST00472,PROD0058,12-04-2022,15-04-2022,Europe,Standard Class,9,265.81,0.1,2153.06
ORD002129,CUST00603,PROD0095,17-03-2022,23-03-2022,Latin America,First Class,8,247.15,0,1977.2
ORD001171,CUST00256,PROD0055,06-06-2022,13-06-2022,Latin America,Same Day,7,222.38,0,1556.66
ORD000174,CUST00828,PROD0052,06-03-2023,08-03-2023,Asia Pacific,Standard Class,7,524.08,0.2,2934.85
ORD001113,CUST00500,PROD0080,17-06-2022,19-06-2022,,Standard Class,9,91.3,0.15,698.44
ORD001182,CUST00107,PROD0114,24-11-2024,01-12-2024,Asia Pacific,Standard Class,2,320.6,0.15,545.02
ORD000085,CUST00075,PROD0091,09-01-2022,10-01-2022,Europe,Standard Class,5,595.15,0.1,2678.18
ORD000826,CUST00339,PROD0105,29-04-2022,06-05-2022,North America,Standard Class,1,492.55,0.1,443.3
ORD001043,CUST00259,PROD0017,31-05-2024,01-06-2024,Asia Pacific,Standard Class,7,257.88,0,1805.16
ORD001374,CUST00383,PROD0088,29-01-2024,31-01-2024,Latin America,Second Class,1,409.08,0.1,368.17
ORD000265,CUST00603,PROD0090,09-07-2022,10-07-2022,Europe,Standard Class,4,309.43,0.1,1113.95
ORD000976,CUST00048,PROD0007,25-09-2023,29-09-2023,Europe,First Class,10,157,0.2,1256
ORD001683,CUST00494,PROD0012,04-07-2022,10-07-2022,Europe,Standard Class,2,250.39,0.1,450.7
ORD001319,CUST00521,PROD0055,07-09-2022,10-09-2022,Asia Pacific,First Class,9,222.38,0.1,1801.28
ORD000964,CUST00878,PROD0019,07-12-2022,09-12-2022,Europe,Standard Class,7,277.53,0.05,1845.57
ORD000478,CUST00007,PROD0008,15-10-2023,20-10-2023,Europe,,6,508.54,0.2,2440.99
ORD000451,CUST00556,PROD0040,26-05-2022,31-05-2022,North America,Standard Class,5,513.73,0.05,2440.22
ORD002711,CUST00455,PROD0064,28-04-2022,02-05-2022,Asia Pacific,Standard Class,3,562.27,0,1686.81
ORD002631,CUST00222,PROD0076,19-04-2023,26-04-2023,North America,First Class,2,393.52,0.15,668.98
ORD002854,CUST00823,PROD0035,16-12-2022,23-12-2022,Latin America,Standard Class,10,540.44,0.1,4863.96
ORD002432,CUST00322,PROD0078,29-03-2023,03-04-2023,Latin America,Standard Class,7,324.59,0.05,2158.52
ORD000576,CUST00665,PROD0103,18-03-2023,24-03-2023,Latin America,Standard Class,9,350.94,0.1,2842.61
ORD002797,CUST00500,PROD0017,23-10-2024,29-10-2024,Europe,Same Day,2,257.88,0,515.76
ORD000934,CUST00877,PROD0114,28-05-2022,31-05-2022,Europe,Standard Class,3,320.6,0.05,913.71
ORD001669,CUST00201,PROD0055,31-12-2022,05-01-2023,North America,Standard Class,2,222.38,0.2,355.81
ORD002586,CUST00161,PROD0073,26-03-2023,02-04-2023,Asia Pacific,Same Day,1,171.97,0.05,163.37
ORD001058,CUST00245,PROD0072,03-05-2023,10-05-2023,Asia Pacific,Same Day,4,380.44,0,1521.76
ORD002917,CUST00135,PROD0096,11-09-2023,12-09-2023,Europe,Standard Class,7,343.31,0.2,1922.54
ORD002232,CUST00508,PROD0063,07-05-2022,08-05-2022,Latin America,First Class,4,219.88,0,879.52
ORD000557,CUST00007,PROD0076,05-10-2024,11-10-2024,Asia Pacific,Standard Class,9,393.52,0.05,3364.6
ORD002000,CUST00397,PROD0007,26-06-2024,27-06-2024,Europe,Standard Class,4,157,0,628
ORD003097,CUST00485,PROD0082,03-12-2023,10-12-2023,Europe,Standard Class,1,542.12,0.1,487.91
ORD002222,CUST00286,PROD0082,20-12-2024,23-12-2024,Asia Pacific,Standard Class,8,542.12,0,4336.96
ORD001157,CUST00195,PROD0086,11-05-2023,14-05-2023,Europe,First Class,4,118.96,0,475.84
ORD001836,CUST00655,PROD0039,31-12-2022,03-01-2023,Latin America,Same Day,6,498.11,0.1,2689.79
ORD002759,CUST00323,PROD0063,22-06-2022,27-06-2022,Europe,Standard Class,4,219.88,0,879.52
ORD000316,CUST00477,PROD0087,26-10-2023,27-10-2023,Europe,First Class,4,563.97,0.2,1804.7
ORD002460,CUST00360,PROD0011,24-07-2024,25-07-2024,Latin America,Standard Class,2,168.15,0.15,285.86
ORD002260,CUST00548,PROD0022,11-05-2022,18-05-2022,Asia Pacific,Standard Class,3,390.44,0,1171.32
ORD000037,CUST00594,PROD0049,05-08-2023,06-08-2023,Europe,Standard Class,7,221.36,0.2,1239.62
ORD002498,CUST00415,PROD0106,30-07-2022,04-08-2022,North America,Standard Class,5,516.83,0.2,2067.32
ORD001961,CUST00070,PROD0113,31-08-2023,04-09-2023,Asia Pacific,Second Class,6,270.53,0.1,1460.86
ORD000487,CUST00501,PROD0024,07-09-2023,11-09-2023,Europe,Standard Class,9,261.68,0.15,2001.85
ORD002952,CUST00636,PROD0112,22-10-2024,28-10-2024,North America,Second Class,10,229.22,0,2292.2
ORD000311,CUST00003,PROD0083,01-12-2024,08-12-2024,Europe,Same Day,1,14.31,0.1,12.88
ORD002385,CUST00401,PROD0076,04-07-2022,11-07-2022,North America,Standard Class,8,393.52,0.15,2675.94
ORD001942,CUST00490,PROD0099,02-07-2024,08-07-2024,Latin America,Standard Class,4,330.98,0.15,1125.33
ORD002135,CUST00853,PROD0060,21-03-2023,23-03-2023,North America,Standard Class,5,245.79,0.15,1044.61
ORD002101,CUST00950,PROD0033,10-10-2024,11-10-2024,Asia Pacific,Standard Class,4,336.59,0,1346.36
ORD001236,CUST00589,PROD0052,07-05-2024,12-05-2024,Latin America,Standard Class,5,524.08,0,2620.4
ORD002528,CUST00950,PROD0051,24-12-2024,28-12-2024,North America,Second Class,6,222.91,0,1337.46
ORD001296,CUST00747,PROD0028,19-10-2023,21-10-2023,North America,Second Class,1,21.47,0,21.47
ORD001834,CUST00663,PROD0038,24-01-2024,25-01-2024,Asia Pacific,First Class,8,197,0,1576
ORD001849,CUST00975,PROD0079,07-09-2022,13-09-2022,Asia Pacific,Standard Class,8,301.9,0,2415.2
ORD002348,CUST00651,PROD0026,10-03-2022,14-03-2022,Asia Pacific,Standard Class,2,413.69,0,827.38
ORD000901,CUST00983,PROD0108,20-05-2023,27-05-2023,Latin America,Same Day,3,264.17,0,792.51
ORD001974,CUST00707,PROD0038,06-01-2023,08-01-2023,Europe,Second Class,10,197,0.05,1871.5
ORD003142,CUST00032,PROD0057,30-06-2022,01-07-2022,Asia Pacific,Standard Class,4,224.76,0.15,764.18
ORD002441,CUST00220,PROD0114,13-02-2022,15-02-2022,Europe,Standard Class,4,320.6,0.15,1090.04
ORD002338,CUST00003,PROD0099,14-03-2023,20-03-2023,Europe,Second Class,1,330.98,0,330.98
ORD001464,CUST00721,PROD0044,22-01-2024,26-01-2024,Europe,First Class,9,112.46,0.1,910.93
ORD002393,CUST00711,PROD0095,18-02-2024,19-02-2024,North America,First Class,10,247.15,0,2471.5
ORD001716,CUST00102,PROD0074,22-01-2024,25-01-2024,North America,Standard Class,5,76.23,0.1,343.04
ORD002041,CUST00584,PROD0025,16-08-2022,20-08-2022,Europe,Standard Class,3,109.89,0.15,280.22
ORD002412,CUST00486,PROD0063,17-07-2023,20-07-2023,Latin America,Same Day,10,219.88,0.2,1759.04
ORD000830,CUST00404,PROD0023,01-05-2024,05-05-2024,Europe,,5,454.27,0.1,2044.21
ORD002171,CUST00797,PROD0095,29-11-2024,04-12-2024,Latin America,Standard Class,4,247.15,0,988.6
ORD000036,CUST00198,PROD0109,13-10-2023,20-10-2023,Asia Pacific,Same Day,,15.42,0,77.1
ORD001344,CUST00170,PROD0079,19-03-2023,22-03-2023,Asia Pacific,Standard Class,1,301.9,0.15,256.61
ORD001814,CUST00455,PROD0001,29-07-2024,05-08-2024,Latin America,First Class,7,276.1,0,1932.7
ORD000020,CUST00933,PROD0060,26-11-2023,03-12-2023,Asia Pacific,Standard Class,,245.79,0,2212.11
ORD003169,CUST00856,PROD0053,05-11-2023,11-11-2023,Asia Pacific,Standard Class,9,457.67,0,4119.03
ORD003143,CUST00968,PROD0089,15-08-2023,21-08-2023,North America,Standard Class,3,143.69,0,431.07
ORD001313,CUST00674,PROD0018,21-03-2024,26-03-2024,Latin America,First Class,7,43.23,0,302.61
ORD000430,CUST00276,PROD0029,10-09-2024,13-09-2024,Latin America,Standard Class,7,159.41,0.15,948.49
ORD000762,CUST00002,PROD0097,12-12-2023,15-12-2023,Europe,Same Day,8,497.68,0.15,3384.22
ORD000935,CUST00042,PROD0107,15-10-2022,21-10-2022,Europe,Same Day,10,565.5,0.15,4806.75
ORD000673,CUST00059,PROD0053,28-07-2022,04-08-2022,Asia Pacific,Standard Class,10,457.67,0.2,3661.36
ORD000420,CUST00145,PROD0057,28-06-2024,01-07-2024,Latin America,Second Class,9,224.76,0.1,1820.56
ORD001649,CUST00482,PROD0086,03-04-2022,05-04-2022,North America,Second Class,9,118.96,0.1,963.58
ORD000266,CUST00164,PROD0082,06-06-2024,09-06-2024,Latin America,Standard Class,2,542.12,0,1084.24
ORD003127,CUST00164,PROD0115,07-03-2023,08-03-2023,Asia Pacific,Same Day,8,264.42,0.2,1692.29
ORD000704,CUST00449,PROD0002,19-11-2023,20-11-2023,Asia Pacific,Standard Class,6,368.56,0.15,1879.66
ORD000717,CUST00537,PROD0028,22-04-2022,24-04-2022,North America,Second Class,4,21.47,0.2,68.7
ORD002376,CUST00056,PROD0038,17-12-2024,24-12-2024,North America,Standard Class,4,197,0,788
ORD001891,CUST00255,PROD0019,24-09-2022,29-09-2022,North America,Second Class,1,277.53,0,277.53
ORD000102,CUST00706,PROD0062,10-02-2023,15-02-2023,Europe,Standard Class,10,41.13,0,411.3
ORD001125,CUST00916,PROD0085,18-08-2022,19-08-2022,Europe,Second Class,2,174.68,0,349.36
ORD002264,CUST00760,PROD0052,27-02-2022,05-03-2022,Latin America,Standard Class,5,524.08,0.05,2489.38
ORD002524,CUST00636,PROD0106,09-08-2024,10-08-2024,North America,Standard Class,7,516.83,0,3617.81
ORD000671,CUST00166,PROD0103,18-10-2024,24-10-2024,Asia Pacific,Standard Class,5,350.94,0,1754.7
ORD000840,CUST00318,PROD0093,20-08-2022,23-08-2022,Latin America,First Class,4,189.38,0,757.52
ORD001979,CUST00335,PROD0079,09-12-2024,13-12-2024,Latin America,First Class,8,301.9,0.15,2052.92
ORD003106,CUST00250,PROD0026,10-08-2024,12-08-2024,Asia Pacific,Second Class,10,413.69,0,4136.9
ORD003071,CUST00264,PROD0075,14-08-2022,20-08-2022,Asia Pacific,Standard Class,7,112.08,0,784.56
ORD002120,CUST00299,PROD0110,10-10-2022,12-10-2022,Asia Pacific,Standard Class,3,453.31,0,1359.93
ORD003093,CUST00092,PROD0051,22-02-2024,27-02-2024,Latin America,Standard Class,1,222.91,0.15,189.47
ORD002308,CUST00737,PROD0090,30-10-2023,02-11-2023,Europe,Standard Class,8,309.43,0,2475.44
ORD002379,CUST00153,PROD0013,21-11-2024,27-11-2024,Asia Pacific,Same Day,4,142.31,0,569.24
ORD000424,CUST00140,PROD0043,15-03-2022,21-03-2022,Europe,Second Class,10,470.55,0.15,3999.67
ORD002034,CUST00885,PROD0109,21-07-2022,26-07-2022,Asia Pacific,First Class,2,15.42,0.1,27.76
ORD001676,CUST00585,PROD0002,29-01-2024,02-02-2024,Latin America,Standard Class,8,368.56,0.05,2801.06
ORD002107,CUST00927,PROD0088,03-06-2022,05-06-2022,North America,Standard Class,4,409.08,0,1636.32
ORD000375,CUST00849,PROD0034,01-05-2023,03-05-2023,North America,Same Day,4,552.82,0.15,1879.59
ORD001871,CUST00300,PROD0042,13-12-2023,16-12-2023,Europe,Standard Class,1,48.23,0,48.23
ORD001119,CUST00333,PROD0032,06-08-2022,09-08-2022,Asia Pacific,Standard Class,10,48.7,0,487
ORD001911,CUST00580,PROD0115,26-12-2024,30-12-2024,Europe,Standard Class,3,264.42,0.2,634.61
ORD001438,CUST00142,PROD0098,28-10-2024,29-10-2024,Latin America,Same Day,5,365.96,0.15,1555.33
ORD000999,CUST00833,PROD0067,21-01-2022,24-01-2022,North America,First Class,6,40.64,0.2,195.07
ORD001285,CUST00974,PROD0059,13-11-2022,14-11-2022,Latin America,First Class,3,278.67,0.15,710.61
ORD003108,CUST00935,PROD0044,27-06-2024,01-07-2024,Latin America,Same Day,2,112.46,0,224.92
ORD000825,CUST00442,PROD0032,03-07-2023,06-07-2023,Latin America,Standard Class,2,48.7,0.15,82.79
ORD002859,CUST00507,PROD0074,01-06-2023,07-06-2023,Asia Pacific,Standard Class,6,76.23,0.1,411.64
ORD002367,CUST00484,PROD0091,08-03-2023,11-03-2023,North America,First Class,8,595.15,0,4761.2
ORD000160,CUST00973,PROD0088,02-04-2024,08-04-2024,North America,Standard Class,8,409.08,0.1,2945.38
ORD001518,CUST00346,PROD0063,27-08-2024,29-08-2024,Latin America,Standard Class,5,219.88,0.1,989.46
ORD001146,CUST00672,PROD0068,18-01-2024,24-01-2024,North America,First Class,2,147.64,0.2,236.22
ORD001875,CUST00622,PROD0011,18-12-2022,20-12-2022,Asia Pacific,First Class,5,168.15,0,840.75
ORD002085,CUST00206,PROD0015,12-11-2023,19-11-2023,Europe,Standard Class,9,208.86,0,1879.74
ORD000668,CUST00209,PROD0083,20-01-2023,22-01-2023,,Standard Class,9,14.31,0,128.79
ORD000287,CUST00561,PROD0082,23-01-2024,26-01-2024,North America,Second Class,7,542.12,0.1,3415.36
ORD002408,CUST00854,PROD0078,27-01-2023,30-01-2023,Latin America,Same Day,3,324.59,0.2,779.02
ORD001624,CUST00446,PROD0034,28-06-2022,04-07-2022,Latin America,Standard Class,5,552.82,0,2764.1
ORD001063,CUST00222,PROD0009,23-05-2024,28-05-2024,Europe,Standard Class,7,232.46,0.1,1464.5
ORD002514,CUST00417,PROD0105,18-09-2022,19-09-2022,Latin America,Standard Class,4,492.55,0.15,1674.67
ORD000538,CUST00258,PROD0086,27-11-2024,28-11-2024,Latin America,Standard Class,7,118.96,0.05,791.08
ORD001348,CUST00346,PROD0036,01-01-2024,02-01-2024,Asia Pacific,Second Class,6,239.9,0.15,1223.49
ORD001513,CUST00658,PROD0087,04-05-2023,10-05-2023,Europe,First Class,8,563.97,0.05,4286.17
ORD002111,CUST00678,PROD0058,10-10-2023,15-10-2023,Europe,Standard Class,8,265.81,0.05,2020.16
ORD001033,CUST00850,PROD0098,24-08-2023,31-08-2023,North America,Standard Class,2,365.96,0.2,585.54
ORD002584,CUST00339,PROD0090,20-08-2023,21-08-2023,Asia Pacific,First Class,5,309.43,0,1547.15
ORD003175,CUST00572,PROD0080,31-05-2023,01-06-2023,North America,Standard Class,8,91.3,0.05,693.88
ORD000268,CUST00357,PROD0043,28-05-2023,01-06-2023,Asia Pacific,Same Day,8,470.55,0.05,3576.18
ORD002837,CUST00409,PROD0079,13-06-2022,15-06-2022,Latin America,Second Class,2,301.9,0,603.8
ORD000082,CUST00292,PROD0041,11-02-2024,13-02-2024,Asia Pacific,Same Day,4,204.65,0.2,654.88
ORD002475,CUST00834,PROD0083,22-05-2022,28-05-2022,North America,Same Day,9,14.31,0,128.79
ORD000948,CUST00551,PROD0090,11-03-2024,16-03-2024,Asia Pacific,First Class,8,309.43,0,2475.44
ORD001954,CUST00476,PROD0044,01-03-2023,06-03-2023,North America,Standard Class,5,112.46,0.1,506.07
ORD003200,CUST01000,PROD0018,09-02-2023,10-02-2023,Latin America,Second Class,6,43.23,0,259.38
ORD001107,CUST00133,PROD0042,27-10-2022,02-11-2022,Asia Pacific,Second Class,1,48.23,0,48.23
ORD002268,CUST00803,PROD0013,29-03-2022,01-04-2022,Europe,Standard Class,5,142.31,0.1,640.39
ORD003197,CUST00428,PROD0097,19-03-2022,24-03-2022,Europe,First Class,3,497.68,0,1493.04
ORD000480,CUST00710,PROD0042,12-09-2024,19-09-2024,Europe,Standard Class,9,48.23,0,434.07
ORD002221,CUST00147,PROD0011,20-09-2023,24-09-2023,Asia Pacific,Standard Class,10,168.15,0,1681.5
ORD002887,CUST00377,PROD0092,03-05-2024,09-05-2024,Latin America,Standard Class,5,119.48,0,597.4
ORD001775,CUST00464,PROD0067,31-10-2022,06-11-2022,Asia Pacific,Second Class,10,40.64,0,406.4
ORD000351,CUST00523,PROD0031,16-04-2022,,North America,Second Class,3,51.38,0.2,123.31
ORD002627,CUST00555,PROD0036,11-03-2024,18-03-2024,Latin America,Second Class,1,239.9,0,239.9
ORD002661,CUST00579,PROD0002,14-07-2022,16-07-2022,North America,Second Class,1,368.56,0,368.56
ORD002785,CUST00572,PROD0068,14-10-2023,15-10-2023,Europe,Standard Class,4,147.64,0.15,501.98
ORD002504,CUST00822,PROD0065,31-12-2023,05-01-2024,Europe,Standard Class,6,47.55,0,285.3
ORD001925,CUST00251,PROD0077,07-10-2022,09-10-2022,Asia Pacific,Standard Class,5,19.56,0.15,83.13
ORD001291,CUST00386,PROD0076,22-07-2023,23-07-2023,Latin America,Standard Class,5,393.52,0,1967.6
ORD002922,CUST00661,PROD0008,25-10-2024,26-10-2024,Europe,Standard Class,4,508.54,0.1,1830.74
ORD002038,CUST00881,PROD0045,11-04-2023,16-04-2023,Europe,Second Class,9,62.78,0.1,508.52
ORD000995,CUST00723,PROD0033,26-08-2023,01-09-2023,Europe,Standard Class,1,336.59,0,336.59
ORD000973,CUST00272,PROD0027,09-01-2023,15-01-2023,Europe,Same Day,9,152.85,0,1375.65
ORD000912,CUST00281,PROD0065,19-07-2023,26-07-2023,Latin America,First Class,3,47.55,0,142.65
ORD000125,CUST00158,PROD0038,10-05-2022,15-05-2022,Latin America,Standard Class,2,197,0,394
ORD002276,CUST00886,PROD0035,30-04-2022,02-05-2022,North America,Second Class,7,540.44,0.15,3215.62
ORD002687,CUST00143,PROD0065,01-02-2024,06-02-2024,Europe,Standard Class,2,47.55,0,95.1
ORD001050,CUST00995,PROD0064,30-07-2023,03-08-2023,Europe,Second Class,7,562.27,0.1,3542.3
ORD000397,CUST00340,PROD0010,06-07-2022,07-07-2022,North America,Standard Class,2,101.95,0.2,163.12
ORD002326,CUST00274,PROD0064,27-05-2024,29-05-2024,Asia Pacific,Standard Class,8,562.27,0,4498.16
ORD002386,CUST00272,PROD0001,22-02-2022,01-03-2022,Latin America,Second Class,9,276.1,0.15,2112.16
ORD000393,CUST00261,PROD0068,17-01-2022,18-01-2022,Europe,First Class,4,147.64,0,590.56
ORD000502,CUST00677,PROD0024,15-02-2024,20-02-2024,North America,Second Class,4,261.68,0,1046.72
ORD002439,CUST00479,PROD0015,07-09-2024,08-09-2024,Latin America,Second Class,5,208.86,0,1044.3
ORD000753,CUST00559,PROD0015,14-08-2024,15-08-2024,Europe,Second Class,6,208.86,0,1253.16
ORD002523,CUST00023,PROD0023,27-06-2022,30-06-2022,Asia Pacific,Standard Class,3,454.27,0.15,1158.39
ORD000475,CUST00249,PROD0093,17-05-2023,18-05-2023,Europe,Standard Class,7,189.38,0,1325.66
ORD000623,CUST00561,PROD0020,31-08-2022,03-09-2022,Asia Pacific,Same Day,7,391.71,0,2741.97
ORD000966,CUST00834,PROD0064,13-02-2022,14-02-2022,Asia Pacific,First Class,6,562.27,0.05,3204.94
ORD002826,CUST00088,PROD0015,30-10-2022,01-11-2022,Europe,Standard Class,10,208.86,0,2088.6
ORD001774,CUST00924,PROD0015,20-04-2022,26-04-2022,Asia Pacific,Standard Class,8,208.86,0.05,1587.34
ORD000021,CUST00259,PROD0012,25-08-2023,26-08-2023,Asia Pacific,Second Class,3,250.39,0.15,638.49
ORD000501,CUST00989,PROD0054,01-11-2024,06-11-2024,North America,Standard Class,10,532.54,0,5325.4
ORD000833,CUST00250,PROD0091,01-07-2024,07-07-2024,Asia Pacific,Standard Class,9,595.15,0.2,4285.08
ORD002831,CUST00524,PROD0102,26-11-2023,30-11-2023,North America,Standard Class,4,86.56,0,346.24
ORD001286,CUST00581,PROD0070,19-08-2022,24-08-2022,North America,Standard Class,3,289.02,0.1,780.35
ORD001662,CUST00362,PROD0110,30-11-2023,04-12-2023,Asia Pacific,Standard Class,4,453.31,0,1813.24
ORD003074,CUST00659,PROD0072,11-04-2022,15-04-2022,Asia Pacific,Second Class,9,380.44,0,3423.96
ORD000142,CUST00907,PROD0008,18-05-2023,21-05-2023,North America,First Class,1,508.54,0,508.54
ORD000737,CUST00555,PROD0044,16-02-2023,21-02-2023,North America,Same Day,4,112.46,0.1,404.86
ORD001452,CUST00076,PROD0072,05-04-2023,06-04-2023,Asia Pacific,Standard Class,3,380.44,0,1141.32
ORD000824,CUST00320,PROD0029,18-03-2023,21-03-2023,North America,Second Class,10,159.41,0,1594.1
ORD002778,CUST00064,PROD0079,02-11-2022,03-11-2022,North America,Second Class,10,301.9,0.2,2415.2
ORD001882,CUST00690,PROD0035,26-01-2023,,North America,Standard Class,1,540.44,0.2,432.35
ORD001778,CUST00009,PROD0114,07-07-2022,11-07-2022,Europe,Second Class,6,320.6,0.05,1827.42
ORD001221,CUST00224,PROD0033,09-08-2024,12-08-2024,Asia Pacific,Second Class,1,336.59,0.05,319.76
ORD001643,CUST00724,PROD0054,01-05-2024,06-05-2024,Europe,First Class,1,532.54,0.05,505.91
ORD000735,CUST00592,PROD0048,06-12-2023,08-12-2023,,Standard Class,8,164.65,0.1,1185.48
ORD000904,CUST00234,PROD0014,19-11-2023,22-11-2023,Europe,Standard Class,9,6.03,0.05,51.56
ORD000193,CUST00615,PROD0061,26-09-2022,03-10-2022,Asia Pacific,Standard Class,4,546.36,0.05,2076.17
ORD000104,CUST00053,PROD0097,01-05-2023,07-05-2023,North America,Second Class,2,497.68,0.15,846.06
ORD001420,CUST00451,PROD0072,24-03-2024,27-03-2024,Europe,Standard Class,2,380.44,0,760.88
ORD000392,CUST00457,PROD0051,30-03-2023,31-03-2023,Asia Pacific,Second Class,9,222.91,0.2,1604.95
ORD002019,CUST00292,PROD0098,06-09-2022,09-09-2022,Asia Pacific,Second Class,3,365.96,0,1097.88
ORD000599,CUST00614,PROD0080,27-11-2023,,North America,Second Class,3,91.3,0.15,232.81
ORD002757,CUST00358,PROD0067,25-01-2024,31-01-2024,Europe,Standard Class,7,40.64,0.2,227.58
ORD001109,CUST00085,PROD0060,26-08-2023,30-08-2023,Asia Pacific,Second Class,1,245.79,0,245.79
ORD001353,CUST00221,PROD0096,18-05-2023,25-05-2023,Europe,Standard Class,5,343.31,0,1716.55
ORD000677,CUST00451,PROD0070,09-10-2023,13-10-2023,Asia Pacific,Standard Class,1,289.02,0.2,231.22
ORD002218,CUST00801,PROD0069,06-07-2022,12-07-2022,North America,Second Class,2,519.47,0.05,986.99
ORD000122,CUST00643,PROD0047,18-11-2023,20-11-2023,Asia Pacific,Second Class,6,41.92,0.05,238.94
ORD000155,CUST00222,PROD0111,06-03-2023,08-03-2023,Latin America,Standard Class,6,87.33,0.1,471.58
ORD002039,CUST00846,PROD0094,28-07-2023,04-08-2023,Europe,Standard Class,9,585.09,0,5265.81
ORD001706,CUST00489,PROD0090,23-06-2023,30-06-2023,North America,Second Class,10,309.43,0,3094.3
ORD002653,CUST00604,PROD0024,27-11-2023,29-11-2023,Asia Pacific,Standard Class,4,261.68,0,1046.72
ORD000367,CUST00918,PROD0010,23-02-2024,28-02-2024,Asia Pacific,Same Day,1,101.95,0,101.95
ORD001863,CUST00938,PROD0095,05-08-2022,11-08-2022,Latin America,Same Day,3,247.15,0,741.45
ORD002389,CUST00717,PROD0094,24-01-2022,29-01-2022,Latin America,Standard Class,4,585.09,0,2340.36
ORD003020,CUST00294,PROD0013,10-03-2024,12-03-2024,Asia Pacific,Standard Class,5,142.31,0,711.55
ORD001646,CUST00980,PROD0045,07-03-2023,10-03-2023,Europe,Standard Class,9,62.78,0,565.02
ORD000634,CUST00109,PROD0029,14-02-2024,16-02-2024,Latin America,First Class,10,159.41,0,1594.1
ORD003168,CUST00246,PROD0047,04-05-2022,05-05-2022,Europe,Second Class,6,41.92,0.15,213.79
ORD002577,CUST00071,PROD0090,12-09-2024,16-09-2024,Latin America,Second Class,6,309.43,0,1856.58
ORD001273,CUST00399,PROD0030,06-12-2023,11-12-2023,Asia Pacific,Standard Class,4,360.73,0.15,1226.48
ORD002836,CUST00078,PROD0067,21-08-2022,27-08-2022,North America,Second Class,9,40.64,0.15,310.9
ORD002170,CUST00808,PROD0066,25-08-2022,29-08-2022,Europe,First Class,3,339.91,0.15,866.77
ORD000335,CUST00927,PROD0037,16-07-2023,19-07-2023,North America,Standard Class,1,517.48,0.05,491.61
ORD001372,CUST00469,PROD0035,08-08-2023,10-08-2023,Europe,Standard Class,1,540.44,0,540.44
ORD002035,CUST00042,PROD0039,25-06-2023,30-06-2023,Asia Pacific,Second Class,5,498.11,0.15,2116.97
ORD002552,CUST00479,PROD0076,15-10-2024,19-10-2024,Europe,Standard Class,5,393.52,0,1967.6
ORD000365,CUST00766,PROD0060,05-10-2023,07-10-2023,North America,Standard Class,4,245.79,0.1,884.84
ORD002933,CUST00622,PROD0100,07-01-2023,14-01-2023,Latin America,Standard Class,9,160.34,0,1443.06
ORD001168,CUST00339,PROD0105,07-12-2022,09-12-2022,Europe,First Class,10,492.55,0,4925.5
ORD001859,CUST00531,PROD0007,08-11-2023,13-11-2023,North America,First Class,6,157,0.15,800.7
ORD001013,CUST00113,PROD0049,31-12-2024,02-01-2025,Latin America,Standard Class,7,221.36,0.1,1394.57
ORD001673,CUST00116,PROD0011,29-12-2022,04-01-2023,Asia Pacific,Standard Class,8,168.15,0.2,1076.16
ORD002297,CUST00830,PROD0091,25-05-2024,30-05-2024,Latin America,Standard Class,3,595.15,0.2,1428.36
ORD002855,CUST00641,PROD0037,04-02-2022,06-02-2022,Asia Pacific,Standard Class,3,517.48,0,1552.44
ORD000984,CUST00398,PROD0087,10-04-2024,13-04-2024,Europe,Second Class,4,563.97,0,2255.88
ORD000417,CUST00859,PROD0029,28-05-2022,01-06-2022,Latin America,Standard Class,5,159.41,0.05,757.2
ORD002869,CUST00903,PROD0105,22-11-2024,27-11-2024,Asia Pacific,Standard Class,4,492.55,0.15,1674.67
ORD002699,CUST00955,PROD0084,07-08-2022,13-08-2022,Asia Pacific,Second Class,1,435.65,0.2,348.52
ORD001929,CUST00078,PROD0031,26-08-2023,29-08-2023,North America,Standard Class,9,51.38,0.1,416.18
ORD002630,CUST00204,PROD0077,09-04-2023,15-04-2023,North America,First Class,8,19.56,0.15,133.01
ORD001207,CUST00447,PROD0074,21-09-2024,23-09-2024,Europe,Standard Class,1,76.23,0,76.23
ORD001889,CUST00383,PROD0074,10-03-2022,13-03-2022,Latin America,Standard Class,5,76.23,0,381.15
ORD001007,CUST00567,PROD0067,08-02-2023,09-02-2023,Europe,Standard Class,1,40.64,0,40.64
ORD001614,CUST00724,PROD0059,23-09-2023,24-09-2023,Latin America,Second Class,6,278.67,0,1672.02
ORD000271,CUST00022,PROD0089,09-07-2022,13-07-2022,Europe,Same Day,5,143.69,0,718.45
ORD002097,CUST00750,PROD0036,15-05-2022,20-05-2022,Europe,Second Class,1,239.9,0,239.9
ORD001260,CUST00796,PROD0001,22-02-2022,25-02-2022,Asia Pacific,Second Class,9,276.1,0.05,2360.66
ORD002852,CUST00349,PROD0064,06-12-2022,10-12-2022,,Standard Class,7,562.27,0,3935.89
ORD001534,CUST00612,PROD0061,26-03-2024,28-03-2024,Asia Pacific,Standard Class,6,546.36,0.05,3114.25
ORD001694,CUST00811,PROD0074,12-11-2023,17-11-2023,Latin America,Second Class,3,76.23,0,228.69
ORD002190,CUST00168,PROD0054,20-05-2023,22-05-2023,Europe,Standard Class,5,532.54,0,2662.7
ORD000903,CUST00339,PROD0056,26-07-2024,28-07-2024,North America,Second Class,3,35.09,0.1,94.74
ORD003045,CUST00280,PROD0068,01-04-2023,03-04-2023,Europe,Standard Class,6,147.64,0.15,752.96
ORD001542,CUST00554,PROD0083,28-08-2022,04-09-2022,Europe,First Class,4,14.31,0,57.24
ORD000691,CUST00993,PROD0073,04-09-2023,06-09-2023,North America,Same Day,1,171.97,0,171.97
ORD001232,CUST00904,PROD0034,12-05-2024,13-05-2024,Latin America,Second Class,7,552.82,0.05,3676.25
ORD001693,CUST00637,PROD0040,26-08-2022,31-08-2022,Latin America,Same Day,7,513.73,0,3596.11
ORD000772,CUST00402,PROD0040,11-01-2023,17-01-2023,Europe,Standard Class,3,513.73,0.15,1310.01
ORD001065,CUST00847,PROD0017,15-04-2022,19-04-2022,Latin America,Same Day,5,257.88,0.15,1095.99
ORD000070,CUST00428,PROD0036,12-11-2023,15-11-2023,Latin America,Standard Class,7,239.9,0,1679.3
ORD001841,CUST00276,PROD0020,10-11-2023,13-11-2023,,Second Class,2,391.71,0,783.42
ORD001533,CUST00890,PROD0010,18-04-2024,20-04-2024,Latin America,Standard Class,5,101.95,0.1,458.78
ORD001803,CUST00109,PROD0097,08-04-2024,12-04-2024,Europe,Standard Class,10,497.68,0.1,4479.12
ORD002691,CUST00969,PROD0008,05-03-2022,11-03-2022,North America,First Class,3,508.54,0.2,1220.5
ORD000143,CUST00305,PROD0099,07-02-2024,12-02-2024,North America,Standard Class,5,330.98,0.05,1572.15
ORD001233,CUST00569,PROD0071,29-05-2024,01-06-2024,North America,Same Day,5,567.98,0.1,2555.91
ORD000462,CUST00161,PROD0010,15-02-2024,18-02-2024,Latin America,Same Day,6,101.95,0,611.7
ORD001744,CUST00555,PROD0038,11-02-2022,17-02-2022,Asia Pacific,Standard Class,8,197,0.1,1418.4
ORD000812,CUST00604,PROD0063,25-07-2024,27-07-2024,North America,Same Day,8,219.88,0.1,1583.14
ORD002742,CUST00822,PROD0112,04-03-2023,06-03-2023,Asia Pacific,Same Day,10,229.22,0.2,1833.76
ORD001211,CUST00053,PROD0009,08-01-2023,12-01-2023,Asia Pacific,Standard Class,5,232.46,0.15,987.95
ORD001637,CUST00046,PROD0054,28-02-2023,05-03-2023,Latin America,Standard Class,2,532.54,0.1,958.57
ORD001983,CUST00611,PROD0068,04-05-2022,11-05-2022,North America,Standard Class,2,147.64,0.1,265.75
ORD002927,CUST00696,PROD0060,24-09-2023,27-09-2023,Asia Pacific,Same Day,8,245.79,0.15,1671.37
ORD003105,CUST00532,PROD0030,30-09-2023,03-10-2023,Latin America,Second Class,7,360.73,0.2,2020.09
ORD001326,CUST00582,PROD0002,20-02-2023,25-02-2023,Latin America,Second Class,7,368.56,0.1,2321.93
ORD002986,CUST00883,PROD0097,19-03-2023,,Europe,Standard Class,1,497.68,0,497.68
ORD001998,CUST00947,PROD0101,12-11-2023,16-11-2023,Asia Pacific,Standard Class,8,576.35,0.05,4380.26
ORD002810,CUST00034,PROD0107,05-03-2023,10-03-2023,North America,Standard Class,8,565.5,0.15,3845.4
ORD002241,CUST00720,PROD0090,17-11-2024,24-11-2024,North America,Same Day,1,309.43,0.05,293.96
ORD002959,CUST00375,PROD0030,22-08-2024,24-08-2024,,Standard Class,7,360.73,0,2525.11
ORD000527,CUST00370,PROD0022,21-03-2023,24-03-2023,North America,Standard Class,4,390.44,0,1561.76
ORD001688,CUST00232,PROD0083,24-11-2023,27-11-2023,Europe,First Class,9,14.31,0,128.79
ORD001106,CUST00357,PROD0093,10-04-2023,13-04-2023,Latin America,Standard Class,8,189.38,0.2,1212.03
ORD001184,CUST00430,PROD0091,10-02-2023,16-02-2023,Latin America,Standard Class,3,595.15,,1696.18
ORD001172,CUST00543,PROD0015,17-07-2024,19-07-2024,Europe,Standard Class,1,208.86,0.2,167.09
ORD002138,CUST00547,PROD0013,28-11-2022,04-12-2022,North America,Standard Class,4,142.31,0.05,540.78
ORD001410,CUST00962,PROD0024,21-10-2022,28-10-2022,Europe,Standard Class,7,261.68,0.05,1740.17
ORD001506,CUST00323,PROD0068,03-07-2023,09-07-2023,North America,First Class,9,147.64,0.15,1129.45
ORD000521,CUST00276,PROD0009,20-12-2024,24-12-2024,,Standard Class,8,232.46,0.1,1673.71
ORD002239,CUST00756,PROD0048,09-08-2022,15-08-2022,Latin America,Standard Class,8,164.65,0,1317.2
ORD000705,CUST00367,PROD0024,03-08-2024,10-08-2024,Asia Pacific,Standard Class,6,261.68,0.15,1334.57
ORD001008,CUST00539,PROD0026,18-02-2023,21-02-2023,Europe,Standard Class,8,413.69,0,3309.52
ORD002343,CUST00348,PROD0092,02-12-2023,07-12-2023,Europe,Standard Class,10,119.48,0,1194.8
ORD000005,CUST00877,PROD0074,30-12-2023,02-01-2024,Latin America,Standard Class,8,76.23,0.15,518.36
ORD000148,CUST00589,PROD0054,14-01-2024,15-01-2024,Europe,Standard Class,7,532.54,0.2,2982.22
ORD002214,CUST00013,PROD0100,02-02-2023,04-02-2023,North America,Standard Class,6,160.34,0,962.04
ORD000124,CUST00838,PROD0049,25-10-2024,31-10-2024,Latin America,Standard Class,2,221.36,0.05,420.58
ORD002481,CUST00901,PROD0116,30-11-2023,01-12-2023,North America,Standard Class,1,155.74,0.15,132.38
ORD000849,CUST00820,PROD0089,17-10-2023,24-10-2023,Europe,Same Day,1,143.69,0.2,114.95
ORD002043,CUST00054,PROD0061,15-03-2022,20-03-2022,Europe,Second Class,,546.36,0,3278.16
ORD000318,CUST00928,PROD0019,04-05-2022,08-05-2022,Europe,Standard Class,8,277.53,0.05,2109.23
ORD001417,CUST00233,PROD0042,25-12-2024,28-12-2024,North America,First Class,1,48.23,0.1,43.41
ORD002880,CUST00588,PROD0070,22-09-2023,27-09-2023,Asia Pacific,Second Class,5,289.02,0.2,1156.08
ORD002508,CUST00506,PROD0031,27-02-2023,05-03-2023,Latin America,First Class,6,51.38,0,308.28
ORD002495,CUST00832,PROD0034,14-06-2022,15-06-2022,Asia Pacific,Second Class,10,552.82,0.1,4975.38
ORD000965,CUST00264,PROD0005,02-12-2023,05-12-2023,North America,Standard Class,8,410.11,0.05,3116.84
ORD002628,CUST00154,PROD0101,01-11-2024,08-11-2024,Asia Pacific,First Class,6,576.35,0.2,2766.48
ORD002480,CUST00960,PROD0085,10-12-2022,13-12-2022,Europe,Standard Class,4,174.68,0,698.72
ORD002030,CUST00191,PROD0103,12-05-2022,16-05-2022,Latin America,Standard Class,2,350.94,0.2,561.5
ORD000877,CUST00348,PROD0030,20-07-2023,22-07-2023,Asia Pacific,Standard Class,10,360.73,0.2,2885.84
ORD000493,CUST00917,PROD0052,09-05-2022,16-05-2022,Asia Pacific,Standard Class,9,524.08,0,4716.72
ORD001359,CUST00417,PROD0109,12-02-2022,15-02-2022,Asia Pacific,Standard Class,1,15.42,0.05,14.65
ORD001952,CUST00362,PROD0072,27-02-2022,28-02-2022,Europe,Same Day,4,380.44,0.1,1369.58
ORD002961,CUST00737,PROD0005,07-07-2024,10-07-2024,Asia Pacific,Second Class,6,410.11,,2460.66
ORD002916,CUST00453,PROD0027,29-07-2024,03-08-2024,Latin America,Second Class,8,152.85,0,1222.8
ORD002327,CUST00776,PROD0106,14-09-2022,19-09-2022,Asia Pacific,Standard Class,7,516.83,0,3617.81
ORD002003,CUST00879,PROD0084,10-04-2022,13-04-2022,North America,Second Class,9,435.65,0,3920.85
ORD000135,CUST00658,PROD0105,10-06-2023,14-06-2023,Asia Pacific,Second Class,4,492.55,0.2,1576.16
ORD003031,CUST00477,PROD0079,05-12-2024,07-12-2024,Asia Pacific,Second Class,9,301.9,0.15,2309.53
ORD001067,CUST00585,PROD0081,03-12-2024,04-12-2024,Europe,Same Day,4,29.84,0,119.36
ORD002866,CUST00684,PROD0067,08-08-2023,11-08-2023,Europe,Standard Class,8,40.64,0.15,276.35
ORD001880,CUST00533,PROD0072,09-07-2024,13-07-2024,Asia Pacific,First Class,9,380.44,0.05,3252.76
ORD000873,CUST00824,PROD0067,28-06-2024,01-07-2024,Europe,Second Class,1,40.64,0.15,34.54
ORD002153,CUST00635,PROD0061,07-08-2024,10-08-2024,Europe,Second Class,3,546.36,0.05,1557.13
ORD001450,CUST00737,PROD0029,04-12-2023,10-12-2023,Europe,First Class,1,159.41,0,159.41
ORD001779,CUST00361,PROD0066,20-08-2024,,Asia Pacific,Standard Class,2,339.91,0,679.82
ORD001466,CUST00194,PROD0006,10-11-2024,11-11-2024,Europe,Standard Class,2,111.99,0,223.98
ORD000443,CUST00053,PROD0013,20-11-2023,22-11-2023,North America,Standard Class,4,142.31,0.2,455.39
ORD002322,CUST00182,PROD0112,08-08-2023,10-08-2023,North America,Second Class,3,229.22,0,687.66
ORD003040,CUST00522,PROD0061,11-07-2024,16-07-2024,Latin America,Second Class,4,546.36,0.1,1966.9
ORD000541,CUST00785,PROD0088,22-01-2022,23-01-2022,North America,,5,409.08,0,2045.4
ORD001017,CUST00998,PROD0077,18-09-2022,20-09-2022,Europe,Second Class,2,19.56,0.05,37.16
ORD000725,CUST00598,PROD0035,11-12-2024,17-12-2024,Latin America,Second Class,7,540.44,0,3783.08
ORD001530,CUST00285,PROD0002,25-11-2024,01-12-2024,Asia Pacific,First Class,1,368.56,0.05,350.13
ORD001194,CUST00665,PROD0068,06-07-2024,10-07-2024,Latin America,Second Class,8,147.64,0,1181.12
ORD003064,CUST00224,PROD0046,10-06-2024,17-06-2024,Asia Pacific,Standard Class,2,156.09,0,312.18
ORD000187,CUST00614,PROD0015,03-04-2023,10-04-2023,North America,Standard Class,2,208.86,0.05,396.83
ORD000979,CUST00884,PROD0089,15-10-2024,21-10-2024,Asia Pacific,Standard Class,4,143.69,0,574.76
ORD002172,CUST00705,PROD0041,20-08-2024,24-08-2024,North America,Same Day,5,204.65,0,1023.25
ORD002132,CUST00778,PROD0011,28-12-2024,30-12-2024,Asia Pacific,Second Class,5,168.15,0,840.75
ORD001555,CUST00188,PROD0016,11-01-2023,14-01-2023,Europe,Standard Class,9,100.98,0.1,817.94
ORD001070,CUST00380,PROD0038,30-09-2024,03-10-2024,Europe,Standard Class,3,197,0,591
ORD001956,CUST00139,PROD0029,29-08-2023,03-09-2023,Europe,First Class,4,159.41,0.1,573.88
ORD000870,CUST00410,PROD0051,01-09-2023,02-09-2023,North America,Standard Class,5,222.91,0.05,1058.82
ORD000679,CUST00609,PROD0015,19-11-2024,22-11-2024,North America,Same Day,2,208.86,0.2,334.18
ORD000805,CUST00985,PROD0099,14-03-2023,18-03-2023,Latin America,First Class,10,330.98,0.05,3144.31
ORD002095,CUST00597,PROD0036,03-07-2023,09-07-2023,Asia Pacific,Standard Class,10,239.9,0,2399
ORD001435,CUST00427,PROD0113,05-05-2024,10-05-2024,Asia Pacific,Standard Class,9,270.53,0.05,2313.03
ORD001190,CUST00699,PROD0107,22-06-2024,26-06-2024,Europe,Standard Class,7,565.5,0,3958.5
ORD000498,CUST00133,PROD0107,16-11-2022,21-11-2022,Asia Pacific,Standard Class,3,565.5,0.1,1526.85
ORD003012,CUST00938,PROD0101,31-08-2023,03-09-2023,Asia Pacific,Second Class,2,576.35,0.05,1095.07
ORD001056,CUST00724,PROD0096,04-01-2024,10-01-2024,North America,Second Class,5,343.31,0,1716.55
ORD001396,CUST00036,PROD0001,03-01-2024,07-01-2024,Asia Pacific,Second Class,5,276.1,0,1380.5
ORD001244,CUST00864,PROD0070,13-09-2023,19-09-2023,North America,Standard Class,10,289.02,0,2890.2
ORD001292,CUST00268,PROD0062,05-07-2024,10-07-2024,Asia Pacific,Same Day,2,41.13,0.2,65.81
ORD002754,CUST00667,PROD0034,28-10-2024,29-10-2024,Latin America,Standard Class,8,552.82,0,4422.56
ORD002911,CUST00961,PROD0066,26-01-2022,30-01-2022,Asia Pacific,Standard Class,5,339.91,0.05,1614.57
ORD000698,CUST00861,PROD0026,28-11-2024,03-12-2024,Latin America,Second Class,3,413.69,0.05,1179.02
ORD000807,CUST00270,PROD0073,06-06-2024,09-06-2024,Asia Pacific,Standard Class,2,171.97,0.05,326.74
ORD000925,CUST00697,PROD0031,29-07-2023,05-08-2023,North America,Second Class,8,51.38,0,411.04
ORD001220,CUST00960,PROD0051,18-01-2023,21-01-2023,Europe,Standard Class,3,222.91,0,668.73
ORD001784,CUST00383,PROD0004,10-02-2022,12-02-2022,Europe,Standard Class,2,503.13,0.1,905.63
ORD002462,CUST00125,PROD0017,20-06-2023,,Europe,Standard Class,2,257.88,0,515.76
ORD002189,CUST00179,PROD0051,20-09-2022,25-09-2022,Latin America,Standard Class,10,222.91,0.2,1783.28
ORD001712,CUST00812,PROD0057,17-12-2023,23-12-2023,North America,Same Day,6,224.76,0.2,1078.85
ORD001696,CUST00191,PROD0010,23-11-2024,25-11-2024,Latin America,First Class,10,101.95,0,1019.5
ORD002208,CUST00355,PROD0044,03-06-2022,06-06-2022,Europe,Second Class,1,112.46,0,112.46
ORD002542,CUST00150,PROD0075,23-07-2022,25-07-2022,Latin America,Standard Class,8,112.08,0.1,806.98
ORD001907,CUST00808,PROD0027,19-07-2024,23-07-2024,Europe,Same Day,10,152.85,0.05,1452.08
ORD001346,CUST00585,PROD0095,13-11-2024,14-11-2024,Asia Pacific,Standard Class,4,247.15,0.2,790.88
ORD002721,CUST00128,PROD0060,14-08-2023,18-08-2023,Asia Pacific,Second Class,3,245.79,0,737.37
ORD000859,CUST00006,PROD0075,09-03-2023,13-03-2023,Europe,Standard Class,3,112.08,0,336.24
ORD000252,CUST00462,PROD0087,07-09-2022,09-09-2022,Asia Pacific,First Class,5,563.97,0.15,2396.87
ORD002207,CUST00940,PROD0065,11-09-2023,13-09-2023,North America,Second Class,8,47.55,0.15,323.34
ORD000500,CUST00705,PROD0005,12-11-2024,13-11-2024,Latin America,Standard Class,9,410.11,0.05,3506.44
ORD001272,CUST00106,PROD0116,04-12-2024,09-12-2024,Latin America,Standard Class,4,155.74,0.1,560.66
ORD001517,CUST00068,PROD0108,22-02-2022,28-02-2022,Latin America,First Class,10,264.17,0,2641.7
ORD001047,CUST00405,PROD0014,17-08-2022,22-08-2022,Latin America,Standard Class,5,6.03,0.15,25.63
ORD001521,CUST00539,PROD0060,19-04-2023,23-04-2023,Asia Pacific,Second Class,1,245.79,0.05,233.5
ORD002429,CUST00833,PROD0004,12-11-2023,19-11-2023,North America,Second Class,3,503.13,0.15,1282.98
ORD000975,CUST00361,PROD0054,24-03-2023,26-03-2023,Asia Pacific,Standard Class,2,532.54,0,1065.08
ORD000615,CUST00464,PROD0073,17-08-2023,21-08-2023,Latin America,Standard Class,9,171.97,0.05,1470.34
ORD001967,CUST00721,PROD0100,18-01-2022,24-01-2022,Latin America,Second Class,8,160.34,0.1,1154.45
ORD001398,CUST00138,PROD0013,18-07-2024,22-07-2024,Latin America,Standard Class,1,142.31,,142.31
ORD000710,CUST00736,PROD0055,02-12-2024,09-12-2024,Europe,Same Day,3,222.38,0,667.14
ORD002357,CUST00251,PROD0098,18-07-2023,25-07-2023,North America,First Class,4,365.96,0,1463.84
ORD001590,CUST00713,PROD0034,23-06-2022,26-06-2022,Europe,Standard Class,9,552.82,0.1,4477.84
ORD002727,CUST00949,PROD0044,11-06-2022,17-06-2022,North America,First Class,8,112.46,0.15,764.73
ORD000317,CUST00859,PROD0057,04-03-2024,05-03-2024,Europe,Standard Class,6,224.76,0.1,1213.7
ORD002362,CUST00123,PROD0080,04-05-2022,06-05-2022,Asia Pacific,Standard Class,1,91.3,0,91.3
ORD003173,CUST00797,PROD0103,20-11-2023,21-11-2023,Asia Pacific,Standard Class,3,350.94,0.05,1000.18
ORD002110,CUST00728,PROD0048,24-07-2023,29-07-2023,Europe,Second Class,1,164.65,0,164.65
ORD000681,CUST00129,PROD0049,14-04-2022,17-04-2022,North America,Standard Class,4,221.36,0,885.44
ORD000079,CUST00035,PROD0066,30-10-2022,06-11-2022,North America,Same Day,9,339.91,0.05,2906.23
ORD000518,CUST00352,PROD0006,11-07-2023,16-07-2023,Asia Pacific,Standard Class,5,111.99,0.05,531.95
ORD002772,CUST00034,PROD0097,28-08-2024,29-08-2024,North America,Standard Class,8,497.68,0,3981.44
ORD002005,CUST00682,PROD0094,16-05-2024,18-05-2024,Europe,Standard Class,7,585.09,0.1,3686.07
ORD002947,CUST00634,PROD0067,25-05-2023,30-05-2023,Europe,Same Day,10,40.64,0.2,325.12
ORD003128,CUST00540,PROD0100,25-11-2023,02-12-2023,North America,First Class,6,160.34,0,962.04
ORD000204,CUST00757,PROD0003,25-02-2022,27-02-2022,Europe,Second Class,2,456.37,0.1,821.47
ORD003026,CUST00492,PROD0099,24-02-2024,28-02-2024,Latin America,Second Class,8,330.98,0,2647.84
ORD001409,CUST00580,PROD0040,04-08-2023,07-08-2023,,Standard Class,8,513.73,0.15,3493.36
ORD002650,CUST00412,PROD0083,03-12-2024,04-12-2024,Asia Pacific,Same Day,3,14.31,0.05,40.78
ORD000293,CUST00451,PROD0102,17-07-2022,22-07-2022,Europe,First Class,3,86.56,0.1,233.71
ORD002613,CUST00615,PROD0090,29-09-2022,30-09-2022,Asia Pacific,Second Class,8,309.43,0,2475.44
ORD003124,CUST00563,PROD0063,03-04-2024,07-04-2024,Latin America,Standard Class,8,219.88,0.1,1583.14
ORD002864,CUST00520,PROD0036,17-03-2024,22-03-2024,Asia Pacific,Standard Class,1,239.9,0.15,203.91
ORD002211,CUST00674,PROD0028,09-02-2024,15-02-2024,North America,Standard Class,6,21.47,0.2,103.06
ORD003091,CUST00063,PROD0098,20-01-2022,21-01-2022,Asia Pacific,Standard Class,7,365.96,0,2561.72
ORD002722,CUST00551,PROD0059,29-03-2024,02-04-2024,Europe,Same Day,4,278.67,0,1114.68
ORD002540,CUST00129,PROD0028,19-01-2023,23-01-2023,North America,Same Day,8,21.47,0,171.76
ORD000761,CUST00657,PROD0068,16-12-2024,18-12-2024,Asia Pacific,Second Class,4,147.64,0.05,561.03
ORD002569,CUST00251,PROD0038,03-06-2023,06-06-2023,Asia Pacific,First Class,8,197,0.15,1339.6
ORD001081,CUST00723,PROD0059,18-04-2022,20-04-2022,North America,Standard Class,2,278.67,0.15,473.74
ORD002593,CUST00820,PROD0078,29-04-2024,30-04-2024,Asia Pacific,Standard Class,9,324.59,0,2921.31
ORD003167,CUST00511,PROD0037,21-01-2024,28-01-2024,Europe,Second Class,10,517.48,0,5174.8
ORD003016,CUST00105,PROD0065,25-11-2022,26-11-2022,Europe,Standard Class,10,47.55,0.1,427.95
ORD000507,CUST00300,PROD0060,31-03-2022,04-04-2022,Asia Pacific,First Class,10,245.79,0.1,2212.11
ORD001911,CUST00580,PROD0115,26-12-2024,30-12-2024,Europe,Standard Class,3,264.42,0.2,634.61
ORD001060,CUST00743,PROD0062,02-07-2024,09-07-2024,North America,Standard Class,4,41.13,0,164.52
ORD002635,CUST00582,PROD0051,04-08-2022,11-08-2022,Latin America,Standard Class,4,222.91,0.15,757.89
ORD001383,CUST00778,PROD0107,03-06-2022,07-06-2022,Latin America,Same Day,10,565.5,0,5655
ORD000789,CUST00542,PROD0008,20-08-2024,27-08-2024,Asia Pacific,Standard Class,3,508.54,0.15,1296.78
ORD001969,CUST00118,PROD0062,11-04-2023,18-04-2023,North America,Standard Class,2,41.13,0,82.26
ORD000654,CUST00891,PROD0047,02-12-2023,04-12-2023,Latin America,Standard Class,1,41.92,0,41.92
ORD002714,CUST00222,PROD0038,02-04-2023,05-04-2023,Europe,Standard Class,4,197,0.2,630.4
ORD000470,CUST00430,PROD0078,02-07-2023,05-07-2023,Europe,Standard Class,7,324.59,0.1,2044.92
ORD000658,CUST00603,PROD0005,06-06-2022,11-06-2022,Latin America,Second Class,9,410.11,0.05,3506.44
ORD000742,CUST00851,PROD0038,07-04-2024,11-04-2024,North America,Standard Class,1,197,0.05,187.15
ORD001866,CUST00588,PROD0110,31-10-2022,07-11-2022,North America,Second Class,5,453.31,0.2,1813.24
ORD001791,CUST00348,PROD0062,11-03-2024,17-03-2024,Latin America,Same Day,10,41.13,0,411.3
ORD002726,CUST00099,PROD0043,07-06-2023,08-06-2023,Asia Pacific,Second Class,3,470.55,0,1411.65
ORD000740,CUST00254,PROD0086,09-06-2024,14-06-2024,Asia Pacific,Standard Class,4,118.96,0.1,428.26
ORD002850,CUST00319,PROD0102,29-06-2024,05-07-2024,Asia Pacific,Second Class,10,86.56,0.15,735.76
ORD001560,CUST00416,PROD0016,01-01-2024,05-01-2024,Europe,Standard Class,5,100.98,0.2,403.92
ORD001562,CUST00653,PROD0030,17-08-2024,21-08-2024,Latin America,Standard Class,1,360.73,0.05,342.69
ORD001681,CUST00242,PROD0020,19-01-2023,21-01-2023,North America,First Class,6,391.71,0,2350.26
ORD002980,CUST00979,PROD0052,20-03-2024,23-03-2024,Asia Pacific,First Class,2,524.08,0,1048.16
ORD003180,CUST00311,PROD0061,27-12-2024,31-12-2024,Asia Pacific,Second Class,7,546.36,0.15,3250.84
ORD000687,CUST00593,PROD0028,27-05-2024,28-05-2024,Europe,Same Day,10,21.47,0,214.7
ORD002050,CUST00412,PROD0050,26-10-2022,27-10-2022,Europe,Standard Class,2,224.78,0,449.56
ORD001604,CUST00362,PROD0058,04-10-2023,06-10-2023,Europe,Same Day,5,265.81,0.05,1262.6
ORD002369,CUST00184,PROD0017,30-06-2023,01-07-2023,Latin America,Standard Class,3,257.88,0.15,657.59
ORD002204,CUST00219,PROD0076,24-02-2023,02-03-2023,Europe,Standard Class,10,393.52,0,3935.2
ORD000957,CUST00148,PROD0092,08-04-2023,12-04-2023,Europe,Standard Class,7,119.48,0,836.36
ORD001598,CUST00795,PROD0114,01-12-2022,02-12-2022,Asia Pacific,Second Class,7,320.6,0.2,1795.36
ORD002570,CUST00038,PROD0107,20-08-2023,22-08-2023,Europe,Standard Class,3,565.5,0,1696.5
ORD000068,CUST00847,PROD0071,25-12-2024,01-01-2025,Asia Pacific,Second Class,8,567.98,0,4543.84
ORD000043,CUST00026,PROD0064,18-04-2022,20-04-2022,Latin America,Second Class,5,562.27,0.05,2670.78
ORD000522,CUST00228,PROD0098,17-12-2024,20-12-2024,North America,Second Class,7,365.96,0,2561.72
ORD001677,CUST00770,PROD0034,30-07-2024,03-08-2024,Asia Pacific,Standard Class,9,552.82,0.15,4229.07
ORD002749,CUST00242,PROD0028,31-05-2022,01-06-2022,Asia Pacific,Standard Class,4,21.47,0.1,77.29
ORD001222,CUST00706,PROD0038,30-12-2022,03-01-2023,Europe,Second Class,5,197,0.15,837.25
ORD001224,CUST00327,PROD0106,23-02-2024,24-02-2024,North America,First Class,1,516.83,0,516.83
ORD001080,CUST00830,PROD0095,21-07-2022,22-07-2022,Europe,Same Day,6,247.15,0,1482.9
ORD002518,CUST00945,PROD0099,17-01-2022,,Asia Pacific,Standard Class,3,330.98,0.15,844
ORD001051,CUST00508,PROD0025,27-06-2024,02-07-2024,Europe,Standard Class,5,109.89,0,549.45
ORD001898,CUST00369,PROD0081,01-06-2023,08-06-2023,North America,First Class,2,29.84,0,59.68
ORD002307,CUST00151,PROD0011,19-09-2022,21-09-2022,Europe,Standard Class,9,168.15,0.2,1210.68
ORD000592,CUST00442,PROD0045,18-05-2022,23-05-2022,Latin America,First Class,1,62.78,0.2,50.22
ORD001557,CUST00601,PROD0056,04-09-2023,11-09-2023,Asia Pacific,Same Day,10,35.09,0.2,280.72
ORD000565,CUST00943,PROD0042,21-07-2023,22-07-2023,Europe,First Class,5,48.23,0,241.15
ORD002720,CUST00763,PROD0008,10-11-2022,14-11-2022,Latin America,Second Class,1,508.54,0.05,483.11
ORD002722,CUST00551,PROD0059,29-03-2024,02-04-2024,Europe,Same Day,4,278.67,0,1114.68
ORD000536,CUST00594,PROD0116,26-10-2023,31-10-2023,Europe,Second Class,7,155.74,0.1,981.16
ORD001270,CUST00888,PROD0027,28-05-2023,31-05-2023,Europe,Standard Class,9,152.85,0.2,1100.52
ORD000804,CUST00317,PROD0093,12-12-2024,15-12-2024,Asia Pacific,Standard Class,10,189.38,0,1893.8
ORD002245,CUST00807,PROD0039,08-04-2022,15-04-2022,Europe,Standard Class,3,498.11,0,1494.33
ORD000421,CUST00798,PROD0059,07-02-2022,13-02-2022,North America,Same Day,5,278.67,0.2,1114.68
ORD001593,CUST00557,PROD0045,27-12-2024,02-01-2025,Asia Pacific,Standard Class,5,62.78,0,313.9
ORD001568,CUST00511,PROD0106,19-05-2024,22-05-2024,Europe,Standard Class,4,516.83,0.1,1860.59
ORD001653,CUST00675,PROD0099,10-09-2022,13-09-2022,North America,,1,330.98,0.05,314.43
ORD002600,CUST00668,PROD0106,17-06-2022,18-06-2022,Europe,Same Day,6,516.83,0,3100.98
ORD002464,CUST00745,PROD0082,16-12-2023,17-12-2023,Asia Pacific,Standard Class,3,542.12,0,1626.36
ORD000724,CUST00212,PROD0065,17-07-2024,18-07-2024,Asia Pacific,Standard Class,2,47.55,0,95.1
ORD000022,CUST00916,PROD0060,03-03-2022,05-03-2022,Asia Pacific,Standard Class,9,245.79,0.2,1769.69
ORD000203,CUST00953,PROD0052,10-09-2023,15-09-2023,North America,First Class,6,524.08,0.05,2987.26
ORD002968,CUST00742,PROD0048,04-01-2024,11-01-2024,Asia Pacific,First Class,3,164.65,0,493.95
ORD001860,CUST00759,PROD0049,04-01-2022,11-01-2022,North America,Standard Class,4,221.36,0,885.44
ORD002355,CUST00996,PROD0004,11-03-2023,13-03-2023,Asia Pacific,Standard Class,6,503.13,,2716.9
ORD002314,CUST00679,PROD0049,05-12-2022,07-12-2022,Europe,Standard Class,9,221.36,0,1992.24
ORD000217,CUST00032,PROD0113,03-07-2023,10-07-2023,Latin America,Standard Class,5,270.53,0.2,1082.12
ORD000885,CUST00627,PROD0110,20-07-2022,21-07-2022,Europe,Standard Class,7,453.31,0,3173.17
ORD002907,CUST00745,PROD0014,13-01-2022,15-01-2022,Asia Pacific,Standard Class,5,6.03,0.15,25.63
ORD002889,CUST00584,PROD0102,26-04-2023,30-04-2023,North America,First Class,1,86.56,0,86.56
ORD002319,CUST00068,PROD0030,20-03-2023,24-03-2023,Europe,Second Class,1,360.73,0.2,288.58
ORD000172,CUST00907,PROD0035,11-11-2024,13-11-2024,Europe,Second Class,7,540.44,0,3783.08
ORD000534,CUST00562,PROD0010,15-12-2022,22-12-2022,Latin America,First Class,5,101.95,0,509.75
ORD000784,CUST00961,PROD0048,30-06-2023,04-07-2023,Europe,Standard Class,7,164.65,0,1152.55
ORD001961,CUST00070,PROD0113,31-08-2023,04-09-2023,Asia Pacific,Second Class,6,270.53,0.1,1460.86
ORD000827,CUST00326,PROD0095,22-09-2024,26-09-2024,Europe,Standard Class,5,247.15,0.1,1112.17
ORD002287,CUST00698,PROD0075,23-01-2022,27-01-2022,Asia Pacific,Standard Class,5,112.08,0.2,448.32
ORD002378,CUST00490,PROD0082,09-10-2023,12-10-2023,Asia Pacific,Same Day,7,542.12,0.1,3415.36
ORD002075,CUST00961,PROD0017,11-08-2024,15-08-2024,North America,Standard Class,3,257.88,0.1,696.28
ORD002541,CUST00619,PROD0063,14-01-2023,19-01-2023,Asia Pacific,Second Class,7,219.88,0.05,1462.2
ORD001782,CUST00590,PROD0100,02-02-2022,03-02-2022,Europe,Standard Class,10,160.34,0.15,1362.89
ORD000998,CUST00722,PROD0038,18-02-2022,21-02-2022,Europe,Same Day,10,197,0.2,1576
ORD000409,CUST00788,PROD0026,21-02-2024,24-02-2024,Europe,Standard Class,10,413.69,0.05,3930.05
ORD003006,CUST00566,PROD0016,21-02-2022,22-02-2022,Latin America,Second Class,10,100.98,0.05,959.31
ORD001034,CUST00196,PROD0074,29-06-2023,01-07-2023,Europe,Second Class,7,76.23,0.2,426.89
ORD002160,CUST00557,PROD0030,13-07-2024,15-07-2024,Europe,Second Class,1,360.73,0,360.73
ORD001475,CUST00184,PROD0009,21-02-2023,28-02-2023,Asia Pacific,Second Class,8,232.46,0.2,1487.74
ORD000191,CUST00461,PROD0028,11-04-2022,16-04-2022,Europe,Standard Class,10,21.47,0.1,193.23
ORD000932,CUST00374,PROD0004,14-03-2023,18-03-2023,Latin America,Standard Class,4,503.13,0,2012.52
ORD000659,CUST00791,PROD0068,09-05-2024,14-05-2024,Latin America,Standard Class,4,147.64,0.1,531.5
ORD001089,CUST00307,PROD0063,18-03-2022,21-03-2022,Europe,Standard Class,5,219.88,0.2,879.52
ORD003099,CUST00958,PROD0085,20-11-2023,27-11-2023,Latin America,Standard Class,8,174.68,0.05,1327.57
ORD002226,CUST00972,PROD0097,11-10-2022,17-10-2022,North America,First Class,5,497.68,0,2488.4
ORD001595,CUST00090,PROD0074,18-11-2022,25-11-2022,Europe,Same Day,2,76.23,0.05,144.84
ORD001919,CUST00250,PROD0008,22-11-2024,23-11-2024,Asia Pacific,Second Class,8,508.54,0,4068.32
ORD002482,CUST00623,PROD0098,25-12-2023,29-12-2023,North America,Standard Class,7,365.96,0.05,2433.63
ORD002861,CUST00641,PROD0003,10-01-2022,14-01-2022,North America,Standard Class,7,456.37,0.2,2555.67
ORD002079,CUST00056,PROD0078,11-05-2024,15-05-2024,Latin America,Standard Class,4,324.59,0.15,1103.61
ORD001340,CUST00650,PROD0032,27-02-2024,28-02-2024,Asia Pacific,First Class,7,48.7,0.1,306.81
ORD002551,CUST00531,PROD0054,21-03-2024,23-03-2024,Europe,First Class,,532.54,0,5325.4
ORD002766,CUST00502,PROD0112,18-09-2024,19-09-2024,Latin America,Standard Class,10,229.22,0,2292.2
ORD003053,CUST00314,PROD0076,12-10-2022,16-10-2022,Latin America,Standard Class,6,393.52,0.2,1888.9
ORD001373,CUST00495,PROD0023,16-04-2024,19-04-2024,Asia Pacific,Second Class,9,454.27,0.05,3884.01
ORD001132,CUST00164,PROD0061,14-10-2022,16-10-2022,North America,Second Class,1,546.36,0.1,491.72
ORD003072,CUST00833,PROD0046,14-09-2024,21-09-2024,Europe,First Class,5,156.09,0.05,741.43
ORD000887,CUST00545,PROD0102,20-09-2022,22-09-2022,Latin America,Standard Class,1,86.56,0,86.56
ORD000343,CUST00890,PROD0111,13-07-2022,20-07-2022,North America,Second Class,10,87.33,0,873.3
ORD000017,CUST00420,PROD0025,18-03-2023,19-03-2023,Latin America,Standard Class,5,109.89,0.1,494.51
ORD000010,CUST00356,PROD0003,19-02-2022,20-02-2022,North America,Same Day,4,456.37,0,1825.48
ORD000791,CUST00452,PROD0046,29-03-2023,02-04-2023,North America,Standard Class,10,156.09,0.15,1326.77
ORD000171,CUST00445,PROD0079,21-10-2022,25-10-2022,Latin America,Standard Class,8,301.9,0,2415.2
ORD001667,CUST00481,PROD0064,15-05-2023,21-05-2023,Latin America,Standard Class,6,562.27,0.2,2698.9
ORD002900,CUST00717,PROD0051,22-10-2023,28-10-2023,North America,Standard Class,5,222.91,0.05,1058.82
ORD002684,CUST00902,PROD0090,18-08-2023,23-08-2023,Asia Pacific,Second Class,9,309.43,0,2784.87
ORD001336,CUST00794,PROD0109,01-02-2024,03-02-2024,North America,Second Class,10,15.42,0.15,131.07
ORD002825,CUST00495,PROD0079,09-05-2023,15-05-2023,Latin America,First Class,5,301.9,0,1509.5
ORD001474,CUST00592,PROD0019,14-10-2024,16-10-2024,North America,Standard Class,9,277.53,0,2497.77
ORD000031,CUST00544,PROD0034,02-03-2024,06-03-2024,Europe,Same Day,10,552.82,0.2,4422.56
ORD000166,CUST00393,PROD0035,24-05-2022,26-05-2022,North America,Standard Class,4,540.44,0.2,1729.41
ORD000778,CUST00361,PROD0079,13-03-2023,17-03-2023,Latin America,Standard Class,8,301.9,0,2415.2
ORD003055,CUST00520,PROD0020,13-12-2022,14-12-2022,Asia Pacific,Standard Class,7,391.71,0,2741.97
ORD001850,CUST00472,PROD0111,15-09-2022,17-09-2022,Europe,Standard Class,1,87.33,0.05,82.96
ORD000275,CUST00663,PROD0098,14-05-2022,16-05-2022,Asia Pacific,Same Day,5,365.96,0.15,1555.33
ORD001621,CUST00439,PROD0069,16-04-2024,22-04-2024,Latin America,Standard Class,2,519.47,0.2,831.15
ORD002820,CUST00233,PROD0102,16-11-2022,19-11-2022,Europe,Standard Class,6,86.56,0,519.36
ORD003120,CUST00290,PROD0057,22-06-2022,29-06-2022,Latin America,Standard Class,7,224.76,0,1573.32
ORD000728,CUST00127,PROD0040,01-04-2024,06-04-2024,Latin America,Standard Class,3,513.73,0.1,1387.07
ORD002167,CUST00242,PROD0113,20-04-2024,27-04-2024,North America,Standard Class,6,270.53,0.15,1379.7
ORD000539,CUST00499,PROD0010,08-08-2023,,Latin America,First Class,1,101.95,0.1,91.76
ORD002282,CUST00894,PROD0063,17-07-2023,18-07-2023,Latin America,Second Class,8,219.88,0.05,1671.09
ORD001206,CUST00136,PROD0077,23-09-2022,26-09-2022,Asia Pacific,Second Class,8,19.56,0,156.48
ORD001465,CUST00724,PROD0050,03-12-2024,05-12-2024,North America,Standard Class,1,224.78,0,224.78
ORD003130,CUST00337,PROD0038,04-09-2024,06-09-2024,North America,First Class,1,197,0.1,177.3
ORD001470,CUST00476,PROD0059,23-11-2024,25-11-2024,North America,Second Class,3,278.67,0.1,752.41
ORD003076,CUST00722,PROD0015,18-10-2022,25-10-2022,,Standard Class,5,208.86,0.05,992.09
ORD001548,CUST00633,PROD0028,22-10-2022,27-10-2022,Europe,Standard Class,7,21.47,0.2,120.23
ORD001234,CUST00130,PROD0094,24-04-2022,29-04-2022,Europe,Standard Class,7,585.09,0,4095.63
ORD001986,CUST00869,PROD0059,13-05-2023,17-05-2023,Latin America,First Class,2,278.67,0.15,473.74
ORD000619,CUST00441,PROD0036,13-02-2024,19-02-2024,Europe,Second Class,5,239.9,0.2,959.6
ORD003134,CUST00438,PROD0016,02-09-2023,09-09-2023,Asia Pacific,Second Class,8,100.98,0.1,727.06
ORD003192,CUST00919,PROD0055,16-11-2022,22-11-2022,Europe,First Class,2,222.38,0.15,378.05
ORD001845,CUST00175,PROD0089,30-03-2023,06-04-2023,North America,Second Class,2,143.69,0.15,244.27
ORD001201,CUST00531,PROD0047,26-03-2023,02-04-2023,Latin America,Standard Class,3,41.92,0,125.76
ORD000763,CUST00214,PROD0078,03-06-2024,06-06-2024,Europe,Standard Class,9,324.59,0.05,2775.24
ORD002832,CUST00315,PROD0072,08-11-2024,12-11-2024,Europe,Standard Class,10,380.44,0.2,3043.52
ORD002240,CUST00012,PROD0020,10-11-2022,12-11-2022,Latin America,Standard Class,9,391.71,0,3525.39
ORD002370,CUST00901,PROD0043,03-01-2024,08-01-2024,Asia Pacific,Standard Class,8,470.55,0,3764.4
ORD001602,CUST00762,PROD0008,23-11-2024,24-11-2024,Europe,Same Day,10,508.54,0,5085.4
ORD000461,CUST00394,PROD0097,11-11-2023,13-11-2023,Latin America,Second Class,4,497.68,0.2,1592.58
ORD002202,CUST00951,PROD0040,01-07-2023,02-07-2023,Europe,Standard Class,4,513.73,0,2054.92
ORD000080,CUST00068,PROD0089,25-02-2024,27-02-2024,North America,Second Class,9,143.69,0.2,1034.57
ORD002822,CUST00962,PROD0081,22-01-2024,23-01-2024,North America,,7,29.84,0.2,167.1
ORD000221,CUST00560,PROD0049,13-08-2024,14-08-2024,Latin America,First Class,7,221.36,0,1549.52
ORD001154,CUST00567,PROD0108,07-11-2024,09-11-2024,Europe,Same Day,10,264.17,0.05,2509.62
ORD000377,CUST00820,PROD0021,03-04-2024,07-04-2024,Europe,Standard Class,8,563.08,0,4504.64
ORD001936,CUST00409,PROD0063,31-10-2024,01-11-2024,Europe,First Class,5,219.88,0.2,879.52
ORD001915,CUST00280,PROD0089,14-02-2022,21-02-2022,North America,Standard Class,5,143.69,0,718.45
ORD000321,CUST00618,PROD0094,14-05-2022,17-05-2022,North America,Standard Class,7,585.09,0,4095.63
ORD000563,CUST00235,PROD0060,28-04-2024,02-05-2024,Asia Pacific,Standard Class,6,245.79,0,1474.74
ORD002618,CUST00047,PROD0070,09-04-2024,13-04-2024,Europe,Standard Class,7,289.02,0,2023.14
ORD000114,CUST00945,PROD0076,04-03-2024,08-03-2024,Asia Pacific,Standard Class,1,393.52,0.15,334.49
ORD002765,CUST00217,PROD0090,21-12-2023,22-12-2023,Latin America,Standard Class,2,309.43,0.1,556.97
ORD000346,CUST00835,PROD0107,24-07-2024,28-07-2024,North America,Standard Class,6,565.5,0,3393
ORD003037,CUST00560,PROD0043,09-03-2022,15-03-2022,North America,Standard Class,9,470.55,,3387.96
ORD001271,CUST00210,PROD0017,22-11-2022,23-11-2022,North America,Same Day,6,257.88,0,1547.28
ORD000410,CUST00102,PROD0033,21-02-2024,25-02-2024,North America,Standard Class,9,336.59,0,3029.31
ORD001573,CUST00492,PROD0037,05-09-2024,11-09-2024,North America,Second Class,2,517.48,0.15,879.72
ORD000453,CUST00081,PROD0015,21-03-2023,26-03-2023,Asia Pacific,First Class,5,208.86,0.1,939.87
ORD000636,CUST00094,PROD0094,25-05-2022,29-05-2022,Europe,Standard Class,3,585.09,0,1755.27
ORD000836,CUST00202,PROD0012,04-04-2024,07-04-2024,Latin America,First Class,6,250.39,0,1502.34
ORD001342,CUST00406,PROD0046,17-11-2024,24-11-2024,Europe,Standard Class,6,156.09,0,936.54
ORD002681,CUST00079,PROD0005,10-08-2023,16-08-2023,Asia Pacific,Standard Class,8,410.11,0.2,2624.7
ORD002951,CUST00768,PROD0010,30-08-2024,01-09-2024,Asia Pacific,First Class,7,101.95,0.1,642.28
ORD001108,CUST00487,PROD0083,03-08-2024,09-08-2024,North America,Same Day,1,14.31,0.1,12.88
ORD001419,CUST00176,PROD0091,31-07-2024,01-08-2024,Asia Pacific,Standard Class,10,595.15,0.1,5356.35
ORD001668,CUST00744,PROD0082,06-03-2024,10-03-2024,Latin America,Standard Class,5,542.12,0.15,2304.01
ORD001524,CUST00249,PROD0098,12-03-2022,19-03-2022,North America,Standard Class,6,365.96,0,2195.76
ORD000764,CUST00378,PROD0039,07-07-2024,08-07-2024,Asia Pacific,Second Class,1,498.11,0,498.11
ORD001066,CUST00339,PROD0113,04-02-2023,05-02-2023,Asia Pacific,Second Class,9,270.53,0,2434.77
ORD000137,CUST00102,PROD0101,04-06-2024,10-06-2024,Asia Pacific,Second Class,1,576.35,0,576.35
ORD001504,CUST00670,PROD0089,13-12-2022,18-12-2022,Latin America,Second Class,10,143.69,0,1436.9
ORD001173,CUST00268,PROD0031,08-11-2024,09-11-2024,North America,Second Class,9,51.38,0.05,439.3
ORD000141,CUST00400,PROD0054,15-11-2022,18-11-2022,Europe,Same Day,3,532.54,0,1597.62
ORD002473,CUST00815,PROD0061,01-02-2022,02-02-2022,Asia Pacific,Standard Class,8,546.36,0,4370.88
ORD001766,CUST00892,PROD0063,20-05-2024,25-05-2024,North America,Same Day,6,219.88,0,1319.28
ORD001055,CUST00384,PROD0067,04-06-2022,05-06-2022,Latin America,Standard Class,8,40.64,0,325.12
ORD000496,CUST00476,PROD0018,20-05-2024,25-05-2024,Europe,Second Class,8,43.23,0,345.84
ORD000628,CUST00648,PROD0004,22-05-2022,24-05-2022,Asia Pacific,Same Day,3,503.13,0.05,1433.92
ORD001516,CUST00655,PROD0063,20-07-2023,21-07-2023,Europe,First Class,3,219.88,0,659.64
ORD000339,CUST00608,PROD0108,21-10-2022,22-10-2022,North America,First Class,3,264.17,0.2,634.01
ORD002448,CUST00611,PROD0061,01-07-2023,08-07-2023,Asia Pacific,Standard Class,10,546.36,0,5463.6
ORD000327,CUST00786,PROD0088,28-02-2023,04-03-2023,Asia Pacific,First Class,3,409.08,0,1227.24
ORD001696,CUST00191,PROD0010,23-11-2024,25-11-2024,Latin America,First Class,10,101.95,0,1019.5
ORD002995,CUST00917,PROD0076,27-07-2022,29-07-2022,Latin America,Second Class,3,393.52,0,1180.56
ORD001840,CUST00048,PROD0085,30-10-2024,03-11-2024,Europe,Standard Class,7,174.68,0.2,978.21
ORD003090,CUST00914,PROD0093,05-02-2022,06-02-2022,Latin America,Second Class,4,189.38,0.1,681.77
ORD001439,CUST00924,PROD0006,17-11-2022,24-11-2022,Asia Pacific,First Class,9,111.99,0.15,856.72
ORD001547,CUST00907,PROD0073,27-04-2022,03-05-2022,Latin America,Second Class,9,171.97,0,1547.73
ORD001242,CUST00715,PROD0011,23-10-2023,24-10-2023,Asia Pacific,Standard Class,7,168.15,0,1177.05
ORD002620,CUST00240,PROD0116,26-01-2022,02-02-2022,Europe,First Class,4,155.74,0.15,529.52
ORD000612,CUST00990,PROD0056,19-02-2022,26-02-2022,North America,Second Class,4,35.09,0.1,126.32
ORD000758,CUST00996,PROD0083,06-10-2024,08-10-2024,Latin America,First Class,5,14.31,0,71.55
ORD003024,CUST00377,PROD0105,08-08-2022,13-08-2022,Latin America,Standard Class,6,492.55,0.15,2512.01
ORD001654,CUST00704,PROD0046,09-08-2023,11-08-2023,North America,Second Class,10,156.09,0.05,1482.86
ORD002555,CUST00115,PROD0112,24-05-2024,30-05-2024,Latin America,Standard Class,4,229.22,0.15,779.35
ORD001692,CUST00401,PROD0021,26-06-2023,03-07-2023,Asia Pacific,First Class,7,563.08,0.2,3153.25
ORD000637,CUST00218,PROD0022,07-11-2022,13-11-2022,North America,First Class,2,390.44,0,780.88
ORD001219,CUST00729,PROD0064,01-10-2024,06-10-2024,Europe,First Class,9,562.27,0,5060.43
ORD002872,CUST00739,PROD0017,12-04-2023,15-04-2023,Europe,Standard Class,1,257.88,0,257.88
ORD001261,CUST00245,PROD0005,15-02-2022,16-02-2022,Europe,Standard Class,1,410.11,0,410.11
ORD002546,CUST00635,PROD0016,11-08-2024,16-08-2024,Asia Pacific,Standard Class,1,100.98,0.15,85.83
ORD000096,CUST00576,PROD0088,04-05-2022,10-05-2022,Latin America,Standard Class,8,409.08,0.1,2945.38
ORD001582,CUST00973,PROD0113,28-12-2022,29-12-2022,Asia Pacific,Standard Class,7,270.53,0,1893.71
ORD001938,CUST00751,PROD0003,27-11-2022,02-12-2022,Latin America,Standard Class,5,456.37,0,2281.85
ORD000613,CUST00450,PROD0103,24-11-2023,27-11-2023,North America,Standard Class,6,350.94,0.15,1789.79
ORD000157,CUST00701,PROD0018,04-11-2023,10-11-2023,North America,Standard Class,7,43.23,0,302.61
ORD001356,CUST00140,PROD0066,30-05-2024,02-06-2024,Asia Pacific,Standard Class,4,339.91,0.05,1291.66
ORD001758,CUST00662,PROD0090,13-01-2022,17-01-2022,North America,First Class,2,309.43,0.2,495.09
ORD002924,CUST00172,PROD0039,25-08-2023,26-08-2023,Latin America,Standard Class,9,498.11,0,4482.99
ORD001679,CUST00010,PROD0088,07-08-2022,09-08-2022,Latin America,Same Day,2,409.08,0,818.16
ORD003009,CUST00216,PROD0048,09-01-2024,13-01-2024,North America,Second Class,5,164.65,0,823.25
ORD002124,CUST00807,PROD0109,16-07-2022,20-07-2022,Europe,Standard Class,2,15.42,0,30.84
ORD001580,CUST00679,PROD0093,22-05-2022,24-05-2022,North America,Standard Class,10,189.38,0,1893.8
ORD001617,CUST00057,PROD0100,18-04-2024,25-04-2024,North America,Standard Class,4,160.34,0.2,513.09
ORD002415,CUST00040,PROD0071,09-12-2022,14-12-2022,North America,Standard Class,7,567.98,0.1,3578.27
ORD001407,CUST00832,PROD0076,13-01-2024,20-01-2024,Asia Pacific,Standard Class,2,393.52,0,787.04
ORD001096,CUST00439,PROD0090,22-03-2022,27-03-2022,North America,First Class,,309.43,0.15,2104.12
ORD001854,CUST00635,PROD0104,02-08-2023,03-08-2023,North America,Standard Class,9,256.59,0.15,1962.91
ORD001443,CUST00300,PROD0004,04-08-2024,,Asia Pacific,Standard Class,6,503.13,0,3018.78
ORD002804,CUST00055,PROD0075,19-06-2023,24-06-2023,Asia Pacific,Same Day,5,112.08,0.15,476.34
ORD001103,CUST00390,PROD0100,18-06-2023,23-06-2023,Europe,First Class,9,160.34,0.1,1298.75
ORD000655,CUST00960,PROD0098,04-10-2022,11-10-2022,Latin America,Same Day,4,365.96,0,1463.84
ORD002380,CUST00039,PROD0022,07-08-2024,10-08-2024,North America,Standard Class,3,390.44,0,1171.32
ORD002197,CUST00877,PROD0108,09-08-2023,12-08-2023,Asia Pacific,Same Day,2,264.17,0,528.34
ORD002750,CUST00599,PROD0043,20-06-2022,21-06-2022,Asia Pacific,Standard Class,5,470.55,0,2352.75
ORD000269,CUST00581,PROD0085,20-04-2022,,Europe,Standard Class,5,174.68,0,873.4
ORD000313,CUST00118,PROD0031,29-11-2024,02-12-2024,Latin America,Standard Class,5,51.38,0.1,231.21
ORD002036,CUST00492,PROD0100,07-07-2024,08-07-2024,North America,Second Class,8,160.34,0,1282.72
ORD000344,CUST00748,PROD0111,14-04-2024,15-04-2024,North America,Standard Class,7,87.33,0,611.31
ORD001287,CUST00811,PROD0030,13-09-2024,18-09-2024,Europe,Standard Class,10,360.73,0.05,3426.93
ORD000054,CUST00846,PROD0030,10-05-2024,12-05-2024,Latin America,Standard Class,1,360.73,0.15,306.62
ORD003174,CUST00811,PROD0003,01-04-2022,03-04-2022,North America,Second Class,10,456.37,0.2,3650.96
ORD002454,CUST00431,PROD0029,10-09-2023,12-09-2023,Asia Pacific,Standard Class,5,159.41,0.2,637.64
ORD002793,CUST00719,PROD0017,16-01-2024,23-01-2024,Europe,Standard Class,3,257.88,0.05,734.96
ORD000866,CUST00546,PROD0062,13-05-2024,,Europe,Standard Class,10,41.13,0.1,370.17
ORD000465,CUST00273,PROD0062,02-05-2022,05-05-2022,Asia Pacific,Standard Class,2,41.13,0.2,65.81
ORD000473,CUST00622,PROD0044,16-02-2022,21-02-2022,Asia Pacific,Standard Class,9,112.46,0,1012.14
ORD000540,CUST00200,PROD0112,19-09-2022,22-09-2022,Latin America,Standard Class,8,229.22,0.1,1650.38
ORD001267,CUST00622,PROD0073,16-01-2024,23-01-2024,Europe,Standard Class,5,171.97,0,859.85
ORD002642,CUST00657,PROD0029,03-03-2023,09-03-2023,Europe,Second Class,1,159.41,0,159.41
ORD002092,CUST00941,PROD0102,22-02-2022,25-02-2022,Asia Pacific,First Class,6,86.56,0.05,493.39
ORD001764,CUST00783,PROD0076,27-02-2023,03-03-2023,Europe,Second Class,8,393.52,0.05,2990.75
ORD000857,CUST00150,PROD0046,02-03-2023,03-03-2023,North America,Standard Class,7,156.09,0,1092.63
ORD002580,CUST00455,PROD0090,05-07-2024,06-07-2024,Europe,Standard Class,9,309.43,0,2784.87
ORD001093,CUST00565,PROD0066,26-12-2022,28-12-2022,North America,First Class,4,339.91,0.15,1155.69
ORD001655,CUST00129,PROD0029,11-12-2022,14-12-2022,Europe,Standard Class,1,159.41,0.1,143.47
ORD000325,CUST00819,PROD0017,14-03-2023,20-03-2023,Asia Pacific,Standard Class,5,257.88,0.05,1224.93
ORD000879,CUST00138,PROD0006,21-10-2024,28-10-2024,Europe,Standard Class,3,111.99,0,335.97
ORD001698,CUST00697,PROD0076,20-08-2023,26-08-2023,North America,Second Class,1,393.52,0.1,354.17
ORD002298,CUST00816,PROD0042,16-06-2022,22-06-2022,North America,Standard Class,2,48.23,0.1,86.81
ORD002751,CUST00923,PROD0101,18-08-2024,20-08-2024,Latin America,Standard Class,3,576.35,0,1729.05
ORD001773,CUST00865,PROD0049,30-06-2024,07-07-2024,Europe,First Class,5,221.36,0.2,885.44
ORD001796,CUST00312,PROD0059,03-10-2024,07-10-2024,Latin America,Second Class,5,278.67,0.05,1323.68
ORD001926,CUST00469,PROD0111,09-07-2024,12-07-2024,North America,Standard Class,1,87.33,0.15,74.23
ORD001216,CUST00883,PROD0106,12-04-2023,14-04-2023,North America,Second Class,6,516.83,0.2,2480.78
ORD000782,CUST00278,PROD0007,13-10-2022,19-10-2022,Europe,Standard Class,3,157,0.05,447.45
ORD002488,CUST00319,PROD0054,30-11-2022,01-12-2022,North America,Standard Class,7,532.54,0,3727.78
ORD001240,CUST00560,PROD0076,15-12-2024,19-12-2024,Asia Pacific,Same Day,8,393.52,0,3148.16
ORD001140,CUST00327,PROD0085,13-10-2022,18-10-2022,Europe,Standard Class,1,174.68,0,174.68
ORD000851,CUST00412,PROD0035,03-01-2024,06-01-2024,Latin America,Second Class,3,540.44,0.1,1459.19
ORD002780,CUST00433,PROD0076,19-08-2023,24-08-2023,Latin America,Same Day,5,393.52,0.2,1574.08
ORD000381,CUST00356,PROD0032,01-07-2024,07-07-2024,Latin America,Second Class,8,48.7,0.15,331.16
ORD000051,CUST00312,PROD0024,05-02-2022,11-02-2022,North America,First Class,6,261.68,0,1570.08
ORD001844,CUST00762,PROD0104,14-11-2024,16-11-2024,Asia Pacific,First Class,3,256.59,0,769.77
ORD001402,CUST00400,PROD0103,30-07-2022,01-08-2022,North America,First Class,6,350.94,0.2,1684.51
ORD000871,CUST00058,PROD0018,05-09-2022,09-09-2022,North America,Standard Class,6,43.23,0,259.38
ORD000929,CUST00424,PROD0033,26-06-2022,28-06-2022,Asia Pacific,Second Class,1,336.59,0,336.59
ORD000256,CUST00936,PROD0031,11-06-2024,17-06-2024,Asia Pacific,First Class,9,51.38,0.2,369.94
ORD002603,CUST00610,PROD0035,05-01-2022,09-01-2022,North America,Standard Class,10,540.44,0.1,4863.96
ORD000863,CUST00839,PROD0049,11-06-2022,15-06-2022,Europe,Same Day,6,221.36,0,1328.16
ORD002047,CUST00600,PROD0109,25-09-2024,01-10-2024,North America,Standard Class,2,15.42,0.1,27.76
ORD001812,CUST00119,PROD0033,04-06-2024,07-06-2024,Latin America,Standard Class,8,336.59,0.05,2558.08
ORD001742,CUST00627,PROD0042,22-03-2022,28-03-2022,Latin America,Standard Class,1,48.23,0,48.23
ORD001752,CUST00677,PROD0079,27-02-2023,06-03-2023,Asia Pacific,Standard Class,10,301.9,0.2,2415.2
ORD002123,CUST00052,PROD0057,15-11-2023,18-11-2023,Latin America,Same Day,10,224.76,0.15,1910.46
ORD002723,CUST00540,PROD0069,23-09-2024,24-09-2024,Asia Pacific,Standard Class,10,519.47,0,5194.7
ORD000081,CUST00235,PROD0054,23-01-2023,28-01-2023,Latin America,Second Class,7,532.54,0.05,3541.39
ORD000956,CUST00760,PROD0027,24-02-2023,02-03-2023,Asia Pacific,Standard Class,6,152.85,0,917.1
ORD002945,CUST00669,PROD0016,20-06-2023,23-06-2023,Europe,First Class,6,100.98,0.1,545.29
ORD000726,CUST00012,PROD0104,27-12-2022,30-12-2022,Latin America,Standard Class,8,256.59,0,2052.72
ORD000215,CUST00694,PROD0052,29-03-2024,03-04-2024,Latin America,Standard Class,3,524.08,0.2,1257.79
ORD002745,CUST00698,PROD0101,29-05-2023,31-05-2023,North America,Standard Class,10,576.35,0,5763.5
ORD001429,CUST00237,PROD0087,16-06-2023,17-06-2023,Asia Pacific,Standard Class,2,563.97,0.05,1071.54
ORD001188,CUST00450,PROD0077,03-11-2022,06-11-2022,Asia Pacific,Standard Class,8,19.56,0.1,140.83
ORD001939,CUST00229,PROD0030,28-05-2022,01-06-2022,Asia Pacific,Standard Class,10,360.73,0.05,3426.93
ORD000044,CUST00405,PROD0082,21-08-2024,24-08-2024,Asia Pacific,Second Class,5,542.12,0,2710.6
ORD000860,CUST00679,PROD0088,16-07-2024,19-07-2024,Latin America,Standard Class,7,409.08,0.05,2720.38
ORD001162,CUST00870,PROD0082,26-10-2022,27-10-2022,Asia Pacific,Standard Class,4,542.12,0.05,2060.06
ORD000759,CUST00395,PROD0037,10-05-2024,17-05-2024,Europe,Standard Class,5,517.48,0,2587.4
ORD002976,CUST00424,PROD0077,05-05-2022,10-05-2022,Latin America,First Class,5,19.56,0,97.8
ORD003182,CUST00728,PROD0057,12-11-2023,18-11-2023,Europe,Standard Class,4,224.76,0,899.04
ORD000601,CUST00048,PROD0030,22-03-2023,24-03-2023,Asia Pacific,Same Day,1,360.73,0.2,288.58
ORD001920,CUST00225,PROD0087,02-10-2023,03-10-2023,Asia Pacific,First Class,7,563.97,0.1,3553.01
ORD002344,CUST00590,PROD0088,03-05-2023,08-05-2023,Asia Pacific,Standard Class,10,409.08,0.05,3886.26
ORD000994,CUST00720,PROD0086,20-07-2023,26-07-2023,Latin America,Standard Class,5,118.96,0,594.8
ORD000642,CUST00979,PROD0094,24-12-2024,28-12-2024,Europe,Standard Class,9,585.09,0.2,4212.65
ORD000779,CUST00983,PROD0014,25-10-2023,28-10-2023,Asia Pacific,Same Day,7,6.03,0.1,37.99
ORD000510,CUST00658,PROD0002,09-05-2023,13-05-2023,North America,Second Class,3,368.56,0.1,995.11
ORD002994,CUST00070,PROD0075,08-02-2023,09-02-2023,Latin America,Standard Class,9,112.08,0,1008.72
ORD001740,CUST00313,PROD0026,29-04-2023,01-05-2023,Asia Pacific,Second Class,1,413.69,0,413.69
ORD003061,CUST00504,PROD0093,04-02-2023,08-02-2023,North America,Standard Class,6,189.38,0.1,1022.65
ORD000243,CUST00574,PROD0083,04-12-2022,11-12-2022,Asia Pacific,Standard Class,7,14.31,0.15,85.14
ORD001217,CUST00973,PROD0060,08-04-2022,14-04-2022,Europe,Same Day,10,245.79,0,2457.9
ORD000173,CUST00865,PROD0057,25-01-2024,29-01-2024,Asia Pacific,Second Class,1,224.76,0.2,179.81
ORD002658,CUST00804,PROD0090,31-10-2022,06-11-2022,Europe,Second Class,8,309.43,0,2475.44
ORD001214,CUST00874,PROD0018,03-02-2024,06-02-2024,Latin America,Standard Class,10,43.23,0,432.3
ORD002621,CUST00179,PROD0063,12-01-2024,15-01-2024,North America,Second Class,5,219.88,0,1099.4
ORD000064,CUST00727,PROD0006,03-09-2024,06-09-2024,Latin America,Same Day,10,111.99,0.1,1007.91
ORD000823,CUST00679,PROD0007,20-04-2024,23-04-2024,Latin America,Standard Class,4,157,0,628
ORD000167,CUST00857,PROD0069,04-05-2023,,Europe,Standard Class,6,519.47,0,3116.82
ORD002581,CUST00940,PROD0093,24-01-2022,29-01-2022,Asia Pacific,Same Day,5,189.38,0,946.9
ORD002683,CUST00872,PROD0075,02-07-2024,05-07-2024,Latin America,Standard Class,3,112.08,0.15,285.8
ORD002656,CUST00041,PROD0065,14-01-2022,18-01-2022,Asia Pacific,Second Class,7,47.55,0.1,299.56
ORD000683,CUST00109,PROD0037,19-08-2023,26-08-2023,Europe,Standard Class,9,517.48,0,4657.32
ORD000790,CUST00300,PROD0089,04-08-2022,05-08-2022,Latin America,Standard Class,4,143.69,0.05,546.02
ORD001461,CUST00289,PROD0086,05-11-2022,09-11-2022,Asia Pacific,Second Class,9,118.96,0.05,1017.11
ORD000905,CUST00751,PROD0078,14-10-2024,15-10-2024,North America,Standard Class,1,324.59,0.05,308.36
ORD001365,CUST00368,PROD0051,30-01-2024,02-02-2024,Europe,Second Class,9,222.91,0.15,1705.26
ORD002354,CUST00362,PROD0096,02-09-2023,07-09-2023,Latin America,Standard Class,7,343.31,0.05,2283.01
ORD002755,CUST00954,PROD0005,06-01-2024,08-01-2024,Asia Pacific,Standard Class,8,410.11,0.2,2624.7
ORD002305,CUST00097,PROD0081,09-05-2022,13-05-2022,Latin America,Standard Class,5,29.84,0.1,134.28
ORD001248,CUST00572,PROD0059,26-06-2022,28-06-2022,Europe,Second Class,10,278.67,0,2786.7
ORD002290,CUST00929,PROD0002,25-03-2024,30-03-2024,Asia Pacific,Second Class,8,368.56,0.15,2506.21
ORD001076,CUST00609,PROD0020,23-02-2023,28-02-2023,Europe,Second Class,9,391.71,0,3525.39
ORD002948,CUST00684,PROD0002,06-02-2022,12-02-2022,Latin America,Standard Class,6,368.56,0,2211.36
ORD002022,CUST00710,PROD0020,18-02-2023,24-02-2023,North America,Standard Class,2,391.71,0,783.42
ORD000596,CUST00015,PROD0047,17-09-2024,22-09-2024,Latin America,Standard Class,1,41.92,0,41.92
ORD001021,CUST00817,PROD0055,04-09-2022,09-09-2022,Asia Pacific,Standard Class,8,222.38,0.2,1423.23
ORD002021,CUST00450,PROD0086,26-06-2024,28-06-2024,North America,Second Class,7,118.96,0,832.72
ORD002557,CUST00911,PROD0107,10-01-2022,14-01-2022,Latin America,Second Class,6,565.5,0.1,3053.7
ORD000648,CUST00534,PROD0047,08-04-2024,14-04-2024,North America,First Class,7,41.92,0,293.44
ORD002847,CUST00084,PROD0086,07-03-2023,11-03-2023,North America,Same Day,9,118.96,0,1070.64
ORD002858,CUST00824,PROD0036,03-04-2024,04-04-2024,Europe,First Class,3,239.9,0,719.7
ORD001818,CUST00673,PROD0046,02-08-2023,09-08-2023,North America,First Class,7,156.09,0,1092.63
ORD002479,CUST00511,PROD0008,06-08-2023,12-08-2023,Europe,Standard Class,2,508.54,0.15,864.52
ORD000241,CUST00269,PROD0056,31-07-2024,05-08-2024,Europe,Second Class,8,35.09,0.1,252.65
ORD001417,CUST00233,PROD0042,25-12-2024,28-12-2024,North America,First Class,1,48.23,0.1,43.41
ORD002950,CUST00615,PROD0084,12-06-2024,17-06-2024,Europe,Second Class,4,435.65,0,1742.6
ORD001976,CUST00409,PROD0006,24-06-2023,25-06-2023,Latin America,Standard Class,4,111.99,0.15,380.77
ORD001610,CUST00626,PROD0002,28-05-2024,02-06-2024,Europe,Second Class,3,368.56,0.15,939.83
ORD001352,CUST00493,PROD0012,23-10-2023,25-10-2023,North America,Standard Class,10,250.39,0,2503.9
ORD001754,CUST00549,PROD0086,06-07-2022,12-07-2022,Europe,Standard Class,8,118.96,0.1,856.51
ORD000400,CUST00737,PROD0034,09-11-2024,13-11-2024,North America,First Class,4,552.82,0.05,2100.72
ORD001209,CUST00420,PROD0106,29-11-2024,02-12-2024,Europe,Standard Class,8,516.83,0,4134.64
ORD000244,CUST00924,PROD0079,18-10-2022,25-10-2022,North America,Standard Class,9,301.9,0,2717.1
ORD002626,CUST00692,PROD0025,19-08-2022,23-08-2022,North America,Standard Class,4,109.89,0.05,417.58
ORD001046,CUST00344,PROD0025,29-01-2024,01-02-2024,Asia Pacific,Same Day,10,109.89,0,1098.9
ORD002016,CUST00705,PROD0048,13-03-2022,20-03-2022,Asia Pacific,First Class,5,164.65,0,823.25
ORD002562,CUST00344,PROD0004,13-08-2023,15-08-2023,Latin America,Standard Class,5,503.13,0.2,2012.52
ORD000197,CUST00246,PROD0091,03-01-2023,08-01-2023,Latin America,Second Class,7,595.15,0,4166.05
ORD000038,CUST00888,PROD0105,17-04-2022,23-04-2022,Europe,First Class,5,492.55,0.15,2093.34
ORD002670,CUST00117,PROD0038,13-10-2022,20-10-2022,North America,Standard Class,3,197,0,591
ORD003017,CUST00038,PROD0113,02-09-2023,07-09-2023,North America,Standard Class,2,270.53,0,541.06
ORD003135,CUST00571,PROD0026,25-10-2022,27-10-2022,Asia Pacific,Standard Class,4,413.69,0,1654.76
ORD001121,CUST00929,PROD0103,29-09-2024,06-10-2024,North America,Second Class,2,350.94,0.1,631.69
ORD000939,CUST00475,PROD0086,31-07-2023,07-08-2023,Europe,Standard Class,10,118.96,0,1189.6
ORD001846,CUST00179,PROD0002,05-01-2022,09-01-2022,Latin America,Second Class,3,368.56,0,1105.68
ORD001494,CUST00042,PROD0103,15-01-2022,20-01-2022,Latin America,Standard Class,1,350.94,0.15,298.3
ORD002809,CUST00033,PROD0070,30-04-2022,03-05-2022,Latin America,Standard Class,3,289.02,0,867.06
ORD000960,CUST00127,PROD0016,08-01-2022,11-01-2022,North America,Standard Class,5,100.98,0.2,403.92
ORD002196,CUST00961,PROD0108,23-12-2023,24-12-2023,Latin America,Standard Class,10,264.17,0.15,2245.45
ORD002076,CUST00121,PROD0012,11-03-2024,14-03-2024,North America,Second Class,1,250.39,0.15,212.83
ORD003065,CUST00941,PROD0046,08-08-2024,11-08-2024,Europe,Second Class,7,156.09,0,1092.63
ORD002374,CUST00652,PROD0080,29-03-2024,04-04-2024,Asia Pacific,Second Class,3,91.3,0.2,219.12
ORD000608,CUST00825,PROD0104,14-04-2022,21-04-2022,Latin America,Standard Class,3,256.59,0,769.77
ORD001317,CUST00513,PROD0090,15-03-2023,22-03-2023,Latin America,Standard Class,7,309.43,0.05,2057.71
ORD002104,CUST00100,PROD0060,20-12-2024,23-12-2024,Asia Pacific,First Class,3,245.79,0.15,626.76
ORD002848,CUST00227,PROD0015,22-08-2024,29-08-2024,Latin America,Standard Class,5,208.86,0,1044.3
ORD001166,CUST00879,PROD0043,04-02-2023,09-02-2023,Latin America,Standard Class,3,470.55,0.15,1199.9
ORD000303,CUST00524,PROD0017,23-09-2024,,Asia Pacific,Same Day,1,257.88,0.15,219.2
ORD002249,CUST00623,PROD0017,04-09-2022,11-09-2022,Latin America,Standard Class,5,257.88,0.2,1031.52
ORD001864,CUST00448,PROD0001,14-11-2022,17-11-2022,Asia Pacific,Standard Class,2,276.1,0.15,469.37
ORD003075,CUST00610,PROD0085,12-06-2022,16-06-2022,North America,Standard Class,5,174.68,0,873.4
ORD003163,CUST00110,PROD0036,21-05-2024,23-05-2024,North America,Standard Class,2,239.9,0.05,455.81
ORD000093,CUST00105,PROD0034,20-11-2023,22-11-2023,Europe,Same Day,4,552.82,0.2,1769.02
ORD002157,CUST00746,PROD0107,12-12-2023,17-12-2023,Europe,Standard Class,7,565.5,0.2,3166.8
ORD002351,CUST00043,PROD0023,18-03-2024,23-03-2024,Asia Pacific,First Class,8,454.27,0,3634.16
ORD001955,CUST00939,PROD0109,23-11-2023,24-11-2023,North America,Standard Class,1,15.42,0.1,13.88
ORD002599,CUST00076,PROD0052,22-03-2022,24-03-2022,North America,First Class,5,524.08,0.1,2358.36
ORD000211,CUST00349,PROD0056,10-08-2024,13-08-2024,Europe,,9,35.09,0.2,252.65
ORD000626,CUST00714,PROD0079,22-08-2024,24-08-2024,Asia Pacific,Same Day,9,301.9,0,2717.1
ORD001015,CUST00428,PROD0069,01-08-2024,07-08-2024,Latin America,First Class,4,519.47,0.05,1973.99
ORD002008,CUST00641,PROD0105,05-11-2022,08-11-2022,Latin America,First Class,4,492.55,0.15,1674.67
ORD002484,CUST00707,PROD0020,13-09-2022,18-09-2022,Europe,Second Class,10,391.71,0.2,3133.68
ORD002388,CUST00753,PROD0102,10-08-2023,14-08-2023,Asia Pacific,Second Class,5,86.56,0.15,367.88
ORD002243,CUST00142,PROD0095,16-05-2023,21-05-2023,Asia Pacific,Standard Class,9,247.15,0.1,2001.91
ORD001381,CUST00160,PROD0097,07-06-2024,09-06-2024,Europe,Standard Class,5,497.68,0,2488.4
ORD003078,CUST00357,PROD0043,19-09-2024,21-09-2024,Latin America,Second Class,2,470.55,0,941.1
ORD000920,CUST00372,PROD0062,12-03-2024,17-03-2024,Asia Pacific,Same Day,4,41.13,0.05,156.29
ORD000660,CUST00410,PROD0002,23-11-2022,27-11-2022,Europe,Standard Class,4,368.56,0,1474.24
ORD000207,CUST00539,PROD0009,17-03-2023,22-03-2023,Asia Pacific,Second Class,5,232.46,0.05,1104.18
ORD001135,CUST00019,PROD0002,01-08-2022,06-08-2022,Latin America,Second Class,8,368.56,0,2948.48
ORD001527,CUST00023,PROD0094,06-08-2022,10-08-2022,North America,Standard Class,8,585.09,0.2,3744.58
ORD001485,CUST00427,PROD0107,04-09-2022,10-09-2022,Europe,Standard Class,5,565.5,0.1,2544.75
ORD002930,CUST00450,PROD0004,11-04-2023,16-04-2023,Europe,Standard Class,1,503.13,0.05,477.97
ORD002667,CUST00111,PROD0085,06-01-2024,09-01-2024,North America,Standard Class,3,174.68,0.1,471.64
ORD001996,CUST00170,PROD0039,02-11-2023,05-11-2023,Asia Pacific,Standard Class,10,498.11,0,4981.1
ORD000941,CUST00001,PROD0025,21-01-2022,23-01-2022,Latin America,Standard Class,4,109.89,0.15,373.63
ORD001707,CUST00506,PROD0090,15-07-2024,18-07-2024,North America,Second Class,7,309.43,0.1,1949.41
ORD001366,CUST00562,PROD0083,05-06-2022,08-06-2022,Latin America,Standard Class,2,14.31,0.15,24.33
ORD002814,CUST00361,PROD0046,18-02-2023,25-02-2023,Latin America,Second Class,7,156.09,0.15,928.74
ORD002740,CUST00486,PROD0020,02-05-2023,08-05-2023,Europe,Second Class,6,391.71,0.2,1880.21
ORD000774,CUST00886,PROD0055,17-04-2023,23-04-2023,Asia Pacific,Standard Class,4,222.38,0.1,800.57
ORD002654,CUST00009,PROD0116,30-01-2022,05-02-2022,Latin America,Second Class,2,155.74,0.1,280.33
ORD000803,CUST00502,PROD0061,21-05-2022,24-05-2022,Latin America,Standard Class,1,546.36,0.1,491.72
ORD002317,CUST00194,PROD0094,14-02-2022,18-02-2022,Europe,Standard Class,10,585.09,0.2,4680.72
ORD002918,CUST00431,PROD0062,01-12-2024,05-12-2024,Latin America,Standard Class,4,41.13,0.2,131.62
ORD000902,CUST00011,PROD0044,02-11-2022,05-11-2022,Europe,Standard Class,10,112.46,0,1124.6
ORD002610,CUST00337,PROD0107,16-09-2022,18-09-2022,Asia Pacific,Same Day,10,565.5,0,5655
ORD001503,CUST00895,PROD0044,17-07-2022,21-07-2022,Europe,Second Class,4,112.46,0.1,404.86
ORD003038,CUST00843,PROD0005,23-04-2023,24-04-2023,North America,Second Class,7,410.11,0.2,2296.62
ORD000675,CUST00484,PROD0058,22-11-2022,23-11-2022,North America,Second Class,2,265.81,0.1,478.46
ORD002403,CUST00260,PROD0080,21-09-2024,28-09-2024,Asia Pacific,Standard Class,1,91.3,0.05,86.73
ORD001648,CUST00208,PROD0108,13-12-2022,20-12-2022,Latin America,Second Class,9,264.17,0,2377.53
ORD001252,CUST00242,PROD0012,20-06-2022,24-06-2022,Latin America,Standard Class,10,250.39,0,2503.9
ORD001660,CUST00246,PROD0112,24-12-2024,29-12-2024,North America,Standard Class,7,229.22,0.05,1524.31
ORD000370,CUST00454,PROD0058,29-04-2023,01-05-2023,Asia Pacific,Same Day,6,265.81,0.15,1355.63
ORD000047,CUST00982,PROD0060,04-06-2024,05-06-2024,Europe,Standard Class,2,245.79,0,491.58
ORD000990,CUST00388,PROD0011,14-02-2024,19-02-2024,Latin America,Second Class,7,168.15,0,1177.05
ORD001473,CUST00638,PROD0090,25-11-2023,27-11-2023,Asia Pacific,Standard Class,4,309.43,0,1237.72
ORD001403,CUST00492,PROD0051,19-10-2024,20-10-2024,Asia Pacific,Second Class,3,222.91,0.15,568.42
ORD002154,CUST00329,PROD0052,17-04-2024,23-04-2024,Asia Pacific,Standard Class,3,524.08,0.2,1257.79
ORD000291,CUST00225,PROD0045,17-10-2024,20-10-2024,North America,Standard Class,4,62.78,0.05,238.56
ORD000498,CUST00133,PROD0107,16-11-2022,21-11-2022,Asia Pacific,Standard Class,3,565.5,0.1,1526.85
ORD002808,CUST00528,PROD0085,01-07-2023,05-07-2023,Europe,Standard Class,8,174.68,0,1397.44
ORD001180,CUST00650,PROD0054,26-10-2023,31-10-2023,Europe,Standard Class,2,532.54,0.2,852.06
ORD002359,CUST00296,PROD0082,09-05-2022,10-05-2022,North America,Second Class,1,542.12,0.15,460.8
ORD001574,CUST00388,PROD0017,07-11-2024,14-11-2024,Latin America,Second Class,4,257.88,0.2,825.22
ORD001160,CUST00420,PROD0035,08-10-2022,12-10-2022,Latin America,First Class,1,540.44,0.1,486.4
ORD000439,CUST00227,PROD0075,02-07-2024,09-07-2024,Asia Pacific,Standard Class,6,112.08,0,672.48
ORD001357,CUST00723,PROD0033,18-02-2022,25-02-2022,Latin America,Standard Class,10,336.59,0.2,2692.72
ORD000741,CUST00529,PROD0055,01-10-2022,02-10-2022,Latin America,Standard Class,5,222.38,0.1,1000.71
ORD001104,CUST00796,PROD0041,28-04-2024,03-05-2024,Europe,Standard Class,6,204.65,0.2,982.32
ORD002275,CUST00644,PROD0116,18-12-2024,19-12-2024,Latin America,Standard Class,8,155.74,0.1,1121.33
ORD001441,CUST00907,PROD0116,05-05-2022,07-05-2022,Latin America,Second Class,7,155.74,0,1090.18
ORD002709,CUST00488,PROD0007,19-02-2022,25-02-2022,North America,Second Class,5,157,0,785
ORD001532,CUST00021,PROD0006,22-12-2022,23-12-2022,Latin America,Second Class,5,111.99,0.1,503.95
ORD001040,CUST00931,PROD0067,10-10-2024,14-10-2024,Asia Pacific,Standard Class,1,40.64,0,40.64
ORD003080,CUST00360,PROD0109,12-07-2023,16-07-2023,Europe,Second Class,5,15.42,0.1,69.39
ORD001014,CUST00184,PROD0037,21-07-2024,24-07-2024,Europe,Second Class,3,517.48,0.1,1397.2
ORD002536,CUST00816,PROD0007,22-06-2024,29-06-2024,Latin America,Standard Class,5,157,0.05,745.75
ORD002201,CUST00843,PROD0026,23-08-2022,30-08-2022,Latin America,Standard Class,6,413.69,0,2482.14
ORD001710,CUST00054,PROD0033,09-02-2023,11-02-2023,Asia Pacific,Standard Class,7,336.59,0.15,2002.71
ORD000115,CUST00479,PROD0058,27-10-2024,29-10-2024,North America,Second Class,3,265.81,0,797.43
ORD000090,CUST00378,PROD0046,11-02-2024,18-02-2024,Europe,Standard Class,9,156.09,0.05,1334.57
ORD001957,CUST00772,PROD0070,21-02-2023,28-02-2023,North America,Second Class,1,289.02,0,289.02
ORD000853,CUST00946,PROD0018,20-09-2023,26-09-2023,North America,Same Day,9,43.23,0.05,369.62
ORD000434,CUST00431,PROD0058,16-11-2022,19-11-2022,North America,Standard Class,9,265.81,0,2392.29
ORD001170,CUST00955,PROD0085,15-01-2022,21-01-2022,Europe,First Class,8,174.68,0.2,1117.95
ORD000011,CUST00083,PROD0067,16-12-2023,19-12-2023,Asia Pacific,Standard Class,8,40.64,0,325.12
ORD000609,CUST00775,PROD0095,25-09-2022,26-09-2022,Asia Pacific,Standard Class,8,247.15,0,1977.2
ORD001016,CUST00227,PROD0084,14-09-2023,15-09-2023,North America,First Class,2,435.65,0,871.3
ORD000278,CUST00847,PROD0072,05-09-2024,10-09-2024,Asia Pacific,First Class,7,380.44,0.2,2130.46
ORD003126,CUST00873,PROD0101,31-12-2024,01-01-2025,Asia Pacific,Same Day,9,576.35,0,5187.15
ORD003095,CUST00871,PROD0063,02-03-2024,04-03-2024,Latin America,Standard Class,6,219.88,0.1,1187.35
ORD000919,CUST00080,PROD0077,05-01-2023,11-01-2023,Europe,First Class,8,19.56,0.2,125.18
ORD003191,CUST00360,PROD0028,15-03-2023,17-03-2023,Asia Pacific,Second Class,1,21.47,0,21.47
ORD001163,CUST00385,PROD0089,07-02-2024,10-02-2024,Asia Pacific,Second Class,7,143.69,0.1,905.25
ORD002447,CUST00201,PROD0015,24-02-2024,28-02-2024,Asia Pacific,Second Class,4,208.86,0,835.44
ORD000289,CUST00811,PROD0061,18-10-2024,21-10-2024,Europe,Standard Class,5,546.36,0,2731.8
ORD002277,CUST00107,PROD0056,29-12-2024,03-01-2025,Europe,Standard Class,6,35.09,0.1,189.49
ORD001718,CUST00572,PROD0039,12-10-2023,15-10-2023,Asia Pacific,Standard Class,3,498.11,0.15,1270.18
ORD000320,CUST00326,PROD0028,28-10-2023,29-10-2023,Latin America,Second Class,3,21.47,0.1,57.97
ORD000292,CUST00984,PROD0006,05-12-2023,06-12-2023,North America,Standard Class,2,111.99,0.1,201.58
ORD000399,CUST00598,PROD0051,05-05-2023,08-05-2023,Asia Pacific,Standard Class,6,222.91,0,1337.46
ORD002478,CUST00473,PROD0006,11-01-2023,16-01-2023,Latin America,Standard Class,10,111.99,0,1119.9
ORD003079,CUST00266,PROD0082,27-12-2024,31-12-2024,North America,Standard Class,5,542.12,0,2710.6
ORD002697,CUST00288,PROD0012,25-04-2022,01-05-2022,North America,Standard Class,10,250.39,0.1,2253.51
ORD002901,CUST00652,PROD0066,03-12-2024,10-12-2024,North America,Second Class,4,339.91,0.2,1087.71
ORD003132,CUST00475,PROD0116,27-04-2022,03-05-2022,Asia Pacific,Standard Class,6,155.74,0.1,841
ORD002643,CUST00684,PROD0020,19-06-2023,21-06-2023,Latin America,First Class,10,391.71,0.1,3525.39
ORD000407,CUST00532,PROD0041,13-01-2023,18-01-2023,Europe,Second Class,10,204.65,0.1,1841.85
ORD002228,CUST00769,PROD0077,24-10-2023,29-10-2023,Latin America,First Class,8,19.56,0.15,133.01
ORD000146,CUST00688,PROD0038,21-07-2022,23-07-2022,Europe,Standard Class,10,197,0,1970
ORD000002,CUST00022,PROD0070,17-04-2024,21-04-2024,Europe,Same Day,4,289.02,0.15,982.67
ORD002156,CUST00213,PROD0094,14-05-2022,19-05-2022,Latin America,Same Day,9,585.09,0.15,4475.94
ORD000471,CUST00452,PROD0098,30-06-2023,04-07-2023,Latin America,Second Class,8,365.96,0,2927.68
ORD002216,CUST00380,PROD0058,05-09-2023,10-09-2023,North America,Standard Class,5,265.81,0,1329.05
ORD001084,CUST00758,PROD0066,13-11-2023,18-11-2023,Latin America,Standard Class,7,339.91,0,2379.37
ORD002790,CUST00951,PROD0063,13-10-2024,19-10-2024,Latin America,Standard Class,5,219.88,0,1099.4
